barcode	Fibroblasts	batch	UMAP_1	UMAP_2
GTTGCGGAGGTTCTTG-4903_TN	10	4903_TN	0.2545683	4.5865664
GTAAGTCCAACGAGGT-4903_TN	10	4903_TN	1.4665948	4.423297
TACCGAATCGAAACAA-4903_TN	10	4903_TN	0.79030937	4.9469237
GGAAGTGGTTAAACAG-4903_TN	10	4903_TN	0.46814314	5.9183316
AATGCCAGTCACTTCC-4903_TN	10	4903_TN	0.2561117	4.6824236
GGGACTCTCTCTATGT-4903_TN	10	4903_TN	0.16498424	5.261847
CACATGATCCAACACA-4903_TN	10	4903_TN	0.13979414	4.7555346
TTGGATGAGACCATTC-4903_TN	10	4903_TN	0.7675765	4.430658
TTACCATTCCGCATAA-4903_TN	10	4903_TN	1.7628604	4.01371
TCTTCCTCAAAGGGTC-4903_TN	10	4903_TN	0.7846366	4.8260465
CAGCCAGAGTCCTACA-4903_TN	10	4903_TN	2.0083642	5.0667305
TGGAGGACATACCATG-4903_TN	10	4903_TN	0.43303943	4.808771
TCGGGTGTCGGTAAGG-4903_TN	10	4903_TN	1.0089217	3.6541326
AGAGAATCAATCCAGT-4903_TN	10	4903_TN	0.80699044	4.6984453
AACCTTTGTTAGTCGT-4903_TN	10	4903_TN	1.8645982	3.5706632
GGAGGATTCCCGAACG-4903_TN	10	4903_TN	0.27234775	4.811183
AGAGAGCCATTACTCT-4903_TN	10	4903_TN	1.160301	4.782653
TACCTCGTCAGACTGT-4903_TN	10	4903_TN	1.1302205	4.884589
GTTCCGTTCTATACGG-4903_TN	10	4903_TN	1.830785	4.660289
ACGTCCTAGGTTTGAA-4903_TN	10	4903_TN	0.44673657	4.7142415
CGTGATAAGCCGCTTG-4903_TN	10	4903_TN	1.1934584	4.7712593
TCCTTTCTCATTTCCA-4903_TN	10	4903_TN	0.2129387	4.27663
GCTACAAGTATGGGAC-4903_TN	10	4903_TN	0.05067836	4.9906273
TTCTAGTCATCATCTT-4903_TN	10	4903_TN	1.4561315	4.5713997
TCACGGGTCGGCTATA-4903_TN	10	4903_TN	2.191498	4.33586
CACTTCGAGGGTTGCA-4903_TN	myCAF	4903_TN	13.512516	7.925252
ATGGAGGAGTAAACAC-4903_TN	10	4903_TN	0.88799584	4.9622445
AGGTAGGGTCGAGATG-4903_TN	10	4903_TN	1.270137	3.212042
TTTCCTCGTTATGGTC-4903_TN	10	4903_TN	1.6154913	3.3805523
TTCTTGATCATACGAC-4903_TN	10	4903_TN	2.4537544	4.182509
CAGTTCCCAGTGACCC-4903_TN	5	4903_TN	7.148482	4.218635
GAACGTTTCCCGAGAC-4903_TN	10	4903_TN	1.1950896	5.662013
CCGGTAGTCCGAGATT-4903_TN	10	4903_TN	0.5730612	5.1025863
CTATCTATCTAACGGT-4903_TN	10	4903_TN	0.15597345	5.2683163
CGATCGGAGGTACTGG-4903_TN	10	4903_TN	2.362981	4.221304
ATCCCTGAGAATTGTG-4903_TN	10	4903_TN	1.3340421	5.006634
TACTTGTCACGTAGAG-4903_TN	10	4903_TN	1.4141262	5.8260612
TCTACATGTGTGTTTG-4903_TN	10	4903_TN	1.422316	4.545969
TACGCTCAGATGGCAC-4903_TN	10	4903_TN	0.64895517	4.301485
TAAGTCGCACGCGCTA-4903_TN	10	4903_TN	1.5845405	5.4260488
CCGATGGTCCCGAGAC-4903_TN	10	4903_TN	1.3718802	3.4913754
CCTCAACGTACAATAG-4903_TN	10	4903_TN	2.0491228	4.4040136
GGAGATGTCATTACCT-4903_TN	10	4903_TN	1.2354106	3.3725133
GACCCTTGTAAGTTGA-4903_TN	10	4903_TN	0.8120329	5.6396465
TGTTGGAAGTGGATTA-4903_TN	10	4903_TN	0.33083138	5.018397
GAGGGTAAGTCTTCGA-4903_TN	10	4903_TN	1.5004745	4.513686
ATCTCTAGTGCATACT-4903_TN	myCAF	4903_TN	10.589929	6.9091325
ATGAAAGTCGCCAACG-4903_TN	myCAF	4903_TN	11.717164	5.7090077
AACAGGGGTACCGGCT-4903_TN	10	4903_TN	0.49060667	4.885188
TCACGGGAGGAAAGTG-4903_TN	10	4903_TN	1.9538317	4.07687
CTCATCGCATAATCCG-4903_TN	5	4903_TN	6.7117057	4.381383
AATCGACTCGCTAATG-4903_TN	3	4903_TN	12.043684	10.376856
TCCAGAACAGAGTCTT-4903_TN	myCAF	4903_TN	10.019951	5.5756965
ATCCACCAGACCATTC-4903_TN	myCAF	4903_TN	13.510472	6.5616536
GGGAAGTCAGGAAGTC-4903_TN	10	4903_TN	1.802951	5.5485506
ATGCATGAGTCGGCCT-4903_TN	10	4903_TN	0.82226086	4.5687284
AAGTTCGCAATCAAGA-4903_TN	5	4903_TN	7.3326964	3.102824
GCCATGGAGGCCTAGA-4903_TN	10	4903_TN	1.6601943	4.383055
TGCTTGCTCTGATTCT-4903_TN	10	4903_TN	1.8168318	3.3026752
AAACGCTGTCTCAGAT-4903_TN	myCAF	4903_TN	12.351044	7.05892
TGCGACGGTCGGTGTC-4903_TN	3	4903_TN	12.277822	10.201427
AAAGGATTCCTACCGT-4903_TN	10	4903_TN	0.8717326	5.151942
ATCAGGTTCTGGTGCG-4903_TN	5	4903_TN	7.7786536	4.7306995
CTCAATTCACCATAAC-4903_TN	3	4903_TN	11.553092	8.742273
GTCGTTCCAGTCGGTC-4903_TN	10	4903_TN	1.2872045	3.7806537
GTAGGAGGTTTGGAGG-4903_TN	10	4903_TN	0.3977684	4.1404185
AGACACTGTACAATAG-4903_TN	10	4903_TN	2.1883001	4.770165
TTGCATTAGGTTGGAC-4903_TN	10	4903_TN	0.45808783	5.815785
CAAGACTTCTACGGGC-4903_TN	3	4903_TN	11.45877	10.082823
CGCCATTAGGTTCCGC-4903_TN	myCAF	4903_TN	13.095164	6.18039
TGTTTGTAGAGCTTTC-4903_TN	10	4903_TN	2.0248132	4.270501
ATCGTCCTCGAGAGAC-4903_TN	5	4903_TN	6.945743	4.1890655
ATACCGAGTTTCCATT-4903_TN	myCAF	4903_TN	11.409701	6.153251
AGACCATAGTCATACC-4903_TN	10	4903_TN	0.73559064	4.298485
GCCATGGCACTGTCCT-4903_TN	myCAF	4903_TN	11.058993	7.508593
AGATCCACAATCCAGT-4903_TN	3	4903_TN	11.178747	9.092227
ATTACTCAGTTGAATG-4903_TN	10	4903_TN	0.16388984	5.9567814
CGAGAAGGTTCGAAGG-4903_TN	10	4903_TN	2.0918033	3.9232621
CCCATTGAGCCTAGGA-4903_TN	10	4903_TN	0.8168952	5.3888664
AACACACTCTCTGACC-4903_TN	10	4903_TN	0.15009893	6.0615745
CGGGCATTCCTGATAG-4903_TN	10	4903_TN	1.4217062	4.9273562
ACCAACACACACGCCA-4903_TN	10	4903_TN	3.2546048	5.2944765
TTCATTGGTCTCGACG-4903_TN	5	4903_TN	6.0805125	4.708686
CTGGACGCATTGGATC-4903_TN	5	4903_TN	7.21842	4.313277
CCGGGTACAGAGCGTA-4903_TN	10	4903_TN	1.0890815	4.008966
CAGAGCCAGTAGTCAA-4903_TN	10	4903_TN	2.2541466	4.9673166
AAAGGATTCATCTACT-4903_TN	myCAF	4903_TN	11.8093	8.599692
GACGCTGGTCTCTCCA-4903_TN	10	4903_TN	1.6941129	3.4172378
AGAACCTGTAGTACGG-4903_TN	10	4903_TN	0.38978302	5.5616865
TCAGTCCTCGCTGATA-4903_TN	myCAF	4903_TN	13.455386	7.7656918
CGATGCGAGAAGTATC-4903_TN	5	4903_TN	8.341039	4.9923344
AGGTCATAGGTAAGAG-4903_TN	10	4903_TN	0.61459786	5.7133293
GTCTCACAGTAGCCAG-4903_TN	10	4903_TN	1.1398077	4.219064
TCTAACTAGACTTCGT-4903_TN	10	4903_TN	1.4910697	3.9772031
CTACTATGTCGATTCA-4903_TN	myCAF	4903_TN	13.681829	7.229849
CTCCCTCGTATGTCAC-4903_TN	10	4903_TN	0.68116796	4.2173667
GATCATGGTGTTTCTT-4903_TN	10	4903_TN	0.88874435	5.651895
AAGCGTTTCCCGATCT-4903_TN	10	4903_TN	1.5176922	5.7597904
GGAATGGTCCTGGTCT-4903_TN	10	4903_TN	1.4359487	4.1449194
TTGGGCGGTTACCTGA-4903_TN	10	4903_TN	0.3782121	4.405941
GGTGAAGAGCTTTGTG-4903_TN	10	4903_TN	0.50638026	5.80243
GGGTATTGTCCTGGGT-4903_TN	5	4903_TN	7.203412	5.122189
TGAATGCTCGAGTTGT-4903_TN	3	4903_TN	11.792797	9.344061
GTCTGTCCACTACGGC-4903_TN	10	4903_TN	2.2305129	4.3751826
AATGCCAAGATGGTCG-4903_TN	11	4903_TN	10.895684	6.5010285
CAGGGCTCAGACCTGC-4903_TN	myCAF	4903_TN	13.244925	6.2234883
CATCCACCATTACTCT-4903_TN	5	4903_TN	6.2095437	4.5912323
AACCTGAAGGGTGGGA-4903_TN	10	4903_TN	1.0321267	5.762145
TTCCGGTCATCGATGT-4903_TN	myCAF	4903_TN	10.522965	7.3877406
CTGTCGTAGCACCAGA-4903_TN	myCAF	4903_TN	13.309651	7.810718
CAACGATCATCGTGGC-4903_TN	10	4903_TN	0.8837278	5.865609
CTATCCGCAGATCCAT-4903_TN	10	4903_TN	0.16574994	5.006235
CCTCAACCACCATTCC-4903_TN	5	4903_TN	9.436351	6.18736
TATACCTGTGCAACGA-4903_TN	myCAF	4903_TN	13.449475	7.0189023
TAAGCCAAGAATCGCG-4903_TN	myCAF	4903_TN	13.294962	6.361484
ACCACAAGTATCGAGG-4903_TN	myCAF	4903_TN	13.068221	8.137509
GTTAGACTCTTGGATG-4903_TN	11	4903_TN	10.059051	6.8871975
CTGCAGGAGAAGTCAT-4903_TN	10	4903_TN	2.5855703	4.5885897
TATTGCTTCGGTCGGT-4903_TN	10	4903_TN	2.454929	4.761968
ACCAAACAGTTAACAG-4903_TN	3	4903_TN	11.968189	9.9020605
GAGCCTGTCCGATTAG-4903_TN	10	4903_TN	2.744748	4.566079
AGTTAGCCAAGGTACG-4903_TN	10	4903_TN	2.0473616	3.9210057
CACACAACATACTGAC-4903_TN	10	4903_TN	1.9610738	3.3340652
GTCCCATGTAACGATA-4903_TN	10	4903_TN	0.08595792	5.9365454
ACACAGTAGAGAATCT-4903_TN	myCAF	4903_TN	12.05046	6.188251
TCCCACACACTGGATT-4903_TN	myCAF	4903_TN	11.063444	7.239261
CCTAAGACAGCTATTG-4903_TN	5	4903_TN	6.9962707	4.396799
TGGTACATCCTACCGT-4903_TN	5	4903_TN	6.306187	4.447378
CATACAGCAAATGGTA-4903_TN	2	4903_TN	10.442514	3.7743318
GGGACAATCCAACACA-4903_TN	5	4903_TN	6.5250826	4.7280383
GCATTAGAGGGCAGTT-4903_TN	myCAF	4903_TN	13.628233	7.014457
TACAACGCAAACTAGA-4903_TN	myCAF	4903_TN	11.46001	6.241748
GTAACACGTTTCACTT-4903_TN	10	4903_TN	2.5081282	4.6063037
ACCAAACGTCATATGC-4903_TN	10	4903_TN	0.44038928	4.698242
CACTTCGTCCCTCGTA-4903_TN	10	4903_TN	0.33743513	5.9403214
TACCGGGGTTCATCTT-4903_TN	10	4903_TN	1.2699785	5.2139497
GTAAGTCCAGGTGAGT-4903_TN	3	4903_TN	11.435441	9.70139
ATGGGTTAGGGTAGCT-4903_TN	3	4903_TN	12.244405	9.713658
CTCCTTTGTTCTCCAC-4903_TN	10	4903_TN	1.2112375	5.744272
ACACAGTGTGACAGGT-4903_TN	11	4903_TN	14.051794	7.1145406
ATCGCCTCATGATCTG-4903_TN	10	4903_TN	1.2752737	4.702151
TCCTCGAAGAAGCGAA-4903_TN	myCAF	4903_TN	11.872436	6.5432534
TTTGATCTCTAAGCGT-4903_TN	10	4903_TN	0.22212917	6.1359797
CACAGATCATGAAGCG-4903_TN	myCAF	4903_TN	13.488623	7.0201526
TTCCTCTGTAGACACG-4903_TN	myCAF	4903_TN	13.356227	6.7774806
AGGTCTAAGGCCTAAG-4903_TN	10	4903_TN	1.834539	3.412939
CATCCACTCGTAACAC-4903_TN	5	4903_TN	6.6943517	3.55012
GATTCGAGTGGCTGCT-4903_TN	myCAF	4903_TN	10.548245	6.7701454
TCCTCGACAAACTAGA-4903_TN	3	4903_TN	10.818334	7.8305726
AGTTAGCCATTGAGCT-4903_TN	5	4903_TN	8.460674	6.0560665
GAGTTTGCAAGACCGA-4903_TN	5	4903_TN	7.0341225	4.4407578
GCGTTTCAGACATAGT-4903_TN	myCAF	4903_TN	11.024021	5.569779
GGGTTATGTGTTACTG-4903_TN	10	4903_TN	1.1110688	4.7970057
CATGCAAGTTACCTTT-4903_TN	5	4903_TN	6.1193185	4.567966
TATCGCCAGTCAATCC-4903_TN	myCAF	4903_TN	11.654272	5.9470453
GTGGGAAAGCCTTCTC-4903_TN	5	4903_TN	6.2434216	4.278295
TCATTTGGTGTGCCTG-4903_TN	myCAF	4903_TN	12.132432	6.785167
TGATTCTGTGCAGGAT-4903_TN	5	4903_TN	8.556886	4.909369
TCTTGCGTCCAGTGTA-4903_TN	5	4903_TN	7.596677	3.5875633
TCCTCTTCATTGAGCT-4903_TN	myCAF	4903_TN	12.065678	6.4681582
CATTGTTGTATCGATC-4903_TN	3	4903_TN	11.070346	8.439632
AGACCCGGTGAGCGAT-4903_TN	myCAF	4903_TN	10.504105	6.7277846
ACGTAACCAGTTCCAA-4903_TN	3	4903_TN	11.383078	10.39737
CACATGATCCGAAGGA-4903_TN	myCAF	4903_TN	12.281977	7.5801773
ATCTCTAAGCATGAAT-4903_TN	8	4903_TN	12.962158	10.454096
CGACAGCGTCACATTG-4903_TN	myCAF	4903_TN	11.004662	6.8369627
GTTAGTGCAATGTCAC-4903_TN	10	4903_TN	1.6151315	4.5479493
GGGAGTATCCCATAAG-4903_TN	3	4903_TN	11.537144	9.19412
GGCTGTGTCCAAAGGG-4903_TN	3	4903_TN	11.827898	10.895219
AGTCACACAATGTTGC-4903_TN	11	4903_TN	9.898122	6.2654867
TGAGGTTTCATTTGCT-4903_TN	6	4903_TN	9.914335	8.690883
TACCCACAGGCACTCC-4903_TN	3	4903_TN	11.216281	7.9627233
CAGTTAGGTAGTCTTG-4903_TN	myCAF	4903_TN	11.111314	8.534968
TTTACGTAGGCAGGTT-4903_TN	5	4903_TN	7.25031	5.0080905
ACGATCATCACGATAC-4903_TN	3	4903_TN	12.493436	10.621078
CTGTCGTGTGGCTCTG-4903_TN	10	4903_TN	0.50419253	5.7733326
CAAGAGGTCGCCTAGG-4903_TN	5	4903_TN	7.562934	4.6073575
AGACACTCAAATGCTC-4903_TN	myCAF	4903_TN	11.915632	6.3184023
ACGGAAGGTATCGTTG-4903_TN	myCAF	4903_TN	12.829046	6.9820156
GGCACGTAGGCGACAT-4903_TN	2	4903_TN	8.956169	1.3001809
TCTCTGGGTGGTTCTA-4903_TN	myCAF	4903_TN	10.826935	6.488141
GTCACGGCATCGTCCT-4903_TN	myCAF	4903_TN	12.77756	5.0823846
CTCCTTTAGCCAAGTG-4903_TN	myCAF	4903_TN	11.364243	6.581682
AGGTTGTAGCGTGTCC-4903_TN	myCAF	4903_TN	11.948835	6.132191
CCTACGTTCCGTCAAA-4903_TN	myCAF	4903_TN	10.911037	7.2663755
TTCATGTGTAGAATAC-4903_TN	myCAF	4903_TN	12.732978	6.6141534
AACCCAAAGGATGAGA-4903_TN	10	4903_TN	2.03992	5.3045993
TGGAACTTCTGCTTTA-4903_TN	11	4903_TN	13.631778	4.8703575
TAGACTGAGACATCCT-4903_TN	myCAF	4903_TN	11.724021	7.4784484
GTCAAGTTCCCATAGA-4903_TN	11	4903_TN	14.09868	3.6886852
TATCGCCCATCTTCGC-4903_TN	myCAF	4903_TN	12.778633	6.410668
TCCTAATTCACATCAG-4903_TN	5	4903_TN	6.5387034	3.6036816
TGTACAGCAGTAGAAT-4903_TN	3	4903_TN	11.516659	8.056156
AAAGGATCATCCGAAT-4903_TN	myCAF	4903_TN	11.707222	7.0076337
TGTAACGGTGACCTGC-4903_TN	10	4903_TN	1.2310336	5.0383687
TCAATCTTCCGTAGTA-4903_TN	6	4903_TN	9.940422	8.861511
TCCACCAAGGTGCTAG-4903_TN	myCAF	4903_TN	13.235451	6.745253
TAACCAGTCATACGAC-4903_TN	3	4903_TN	11.183165	11.197916
TCACGCTGTTCGGCCA-4903_TN	3	4903_TN	12.107903	10.629618
ATCATTCTCTGTACAG-4903_TN	myCAF	4903_TN	10.90893	8.097546
AAGCCATTCGAGGCAA-4903_TN	myCAF	4903_TN	13.421786	7.293721
CCTATCGCAGCCGGTT-4903_TN	3	4903_TN	11.047358	9.67117
TTTACTGGTTCCATTT-4903_TN	11	4903_TN	12.661806	3.562303
AGACTCAAGAGTCGAC-4903_TN	8	4903_TN	12.871121	11.1254635
AGGAGGTAGTGTAGTA-4903_TN	myCAF	4903_TN	13.633244	7.4371157
CCGGACAGTCAAGCGA-4903_TN	6	4903_TN	9.327023	8.24916
TTTACCATCCATACAG-4903_TN	10	4903_TN	0.92771554	4.1186275
TCAGCAAGTCATCGCG-4903_TN	5	4903_TN	5.949913	5.0313106
TTACCATAGCTTTCCC-4903_TN	myCAF	4903_TN	13.391746	6.223595
ACCACAAGTGATACTC-4903_TN	6	4903_TN	9.20201	9.109131
AAAGAACGTGACATCT-4903_TN	iCAF	4903_TN	11.539806	12.798138
TCAAGCACAGACGGAT-4903_TN	5	4903_TN	6.163876	4.916912
CGTAGTAAGCAAATCA-4903_TN	myCAF	4903_TN	13.158293	8.017278
TACAGGTCAGTAGTTC-4903_TN	myCAF	4903_TN	11.1071825	6.4385805
TCCCATGAGACAACAT-4903_TN	myCAF	4903_TN	13.387078	6.6168537
TCGTAGATCGCATGAT-4903_TN	apCAF	4903_TN	8.8397255	1.2580571
AGTACTGTCGGTTCAA-4903_TN	myCAF	4903_TN	12.712135	7.895502
AGTCAACTCTTAGCAG-4903_TN	3	4903_TN	12.024505	8.7417965
GGAACCCGTAGTCACT-4903_TN	10	4903_TN	1.0359858	5.789936
ATGATCGGTCCGGCAT-4903_TN	6	4903_TN	10.171058	8.129221
CTTCTAACATGGCTAT-4903_TN	5	4903_TN	7.678304	4.462705
TGGGAAGTCGCTAGCG-4903_TN	myCAF	4903_TN	12.945414	7.7009687
CCCTCAAGTCTAGGCC-4903_TN	3	4903_TN	11.303143	8.93244
TGTGATGGTTCCACAA-4903_TN	3	4903_TN	11.876315	10.5500965
TCATTGTCAGTAGGAC-4903_TN	10	4903_TN	0.39794585	5.9691696
TTCCACGTCGATTTCT-4903_TN	myCAF	4903_TN	11.710311	6.623254
CGCATAATCACACGAT-4903_TN	8	4903_TN	12.429002	11.741718
ACCCAAATCCGTATGA-4903_TN	5	4903_TN	7.4652	1.911499
GAAATGATCGCACGAC-4903_TN	myCAF	4903_TN	11.703661	7.012245
AGTGATCCAGCCATTA-4903_TN	myCAF	4903_TN	11.894226	7.24675
TTCTAACCACATAGCT-4903_TN	myCAF	4903_TN	12.69567	6.6985335
AAGCCATAGCACTGGA-4903_TN	5	4903_TN	9.615567	6.7775626
TGGGATTCACTTGAGT-4903_TN	0	4903_TN	9.615557	10.590485
TGACTCCGTCCTGTTC-4903_TN	10	4903_TN	1.3826251	3.3956134
ATAGGCTCACGCAGTC-4903_TN	myCAF	4903_TN	11.41957	7.172435
GCATTAGCACTAGGCC-4903_TN	myCAF	4903_TN	12.582001	6.1109695
ATCAGGTCATGGCTAT-4903_TN	10	4903_TN	1.457561	3.1963992
ATAGACCGTGGCAACA-4903_TN	myCAF	4903_TN	12.948377	7.1211863
TCAATCTCACCTTCCA-4903_TN	myCAF	4903_TN	11.446736	6.1977797
GTGCGTGAGAATTGCA-4903_TN	5	4903_TN	7.374943	5.3405147
CAGATCAAGTATGATG-4903_TN	5	4903_TN	8.151889	5.863995
AGCCAGCTCACTGGTA-4903_TN	3	4903_TN	11.045682	8.199379
TTTACTGGTAGACGTG-4903_TN	10	4903_TN	1.4901251	3.5040195
TACACCCAGGCCACCT-4903_TN	myCAF	4903_TN	11.636311	6.8036003
CATCGCTTCGTTCATT-4903_TN	5	4903_TN	6.4039416	4.602619
ACTTCGCGTGAGTTGG-4903_TN	myCAF	4903_TN	10.572089	7.1276374
TCGGGCAAGTGGATTA-4903_TN	5	4903_TN	7.919591	4.978841
ACCCTTGCACTTGACA-4903_TN	myCAF	4903_TN	12.758315	6.599328
CTACATTAGAGCAACC-4903_TN	myCAF	4903_TN	12.834443	5.2473693
CGGAGAACATAGGTTC-4903_TN	6	4903_TN	9.783259	8.3646345
TGGATCACATGTCGTA-4903_TN	8	4903_TN	12.997357	10.684228
ATTTCACTCCGAGAAG-4903_TN	5	4903_TN	5.809972	4.974416
TCATGTTAGATGAATC-4903_TN	6	4903_TN	7.94986	7.654563
GAGTTGTCAGGCGATA-4903_TN	11	4903_TN	10.3604355	6.5546374
ACTGTCCTCAAGCTTG-4903_TN	myCAF	4903_TN	10.377497	6.69309
CCACGAGAGCCTAGGA-4903_TN	myCAF	4903_TN	12.148199	6.5731835
CGAGTTAGTGCTCTCT-4903_TN	myCAF	4903_TN	12.073707	6.9984565
GGGACCTCAAACTAGA-4903_TN	5	4903_TN	7.965017	4.784562
CTGCAGGGTGTTCAGT-4903_TN	3	4903_TN	12.656274	10.44139
GCTTGGGGTCACATTG-4903_TN	myCAF	4903_TN	10.741686	6.345048
GGACGTCGTCTCACAA-4903_TN	11	4903_TN	14.374579	7.905438
TATATCCAGAGGTGCT-4903_TN	5	4903_TN	7.0987477	4.443888
AGAGAATCAGGTTTAC-4903_TN	3	4903_TN	11.606033	10.1504545
ACACTGACAAATCCCA-4903_TN	myCAF	4903_TN	12.47958	6.0595255
CTACGGGGTCATACCA-4903_TN	5	4903_TN	6.3260717	5.7803087
TCACACCTCACCTCTG-4903_TN	myCAF	4903_TN	12.580864	6.0972357
TTACCGCTCAACACGT-4903_TN	myCAF	4903_TN	12.122194	7.8890243
GTGCTGGTCACACCGG-4903_TN	5	4903_TN	5.806273	4.794706
GATCAGTCAAATTGCC-4903_TN	myCAF	4903_TN	10.381908	8.215709
TTACAGGAGCTACGTT-4903_TN	myCAF	4903_TN	12.385848	6.202859
TTTCGATTCCTATTGT-4903_TN	3	4903_TN	11.802063	9.746213
TACTTACAGTCTAACC-4903_TN	myCAF	4903_TN	11.585317	6.7249174
AGTCTCCAGCTCTTCC-4903_TN	5	4903_TN	8.109331	5.6806865
TCTATACGTAACGTTC-4903_TN	myCAF	4903_TN	13.302185	7.655462
CTCGAGGAGGGCCTCT-4903_TN	10	4903_TN	0.45444334	5.730241
GACTCTCGTGACTATC-4903_TN	myCAF	4903_TN	12.082005	5.8695097
GTTCGCTTCGTCGCTT-4903_TN	5	4903_TN	7.551895	4.646101
CAATACGTCTCTCCGA-4903_TN	myCAF	4903_TN	13.297482	7.6800127
GCACATATCCTCTAAT-4903_TN	3	4903_TN	11.087284	9.358153
CCATCACAGTTTGCTG-4903_TN	11	4903_TN	10.034484	7.259032
TGCAGTAAGATAGTGT-4903_TN	myCAF	4903_TN	11.484439	5.9187303
CTTGAGACAACCAATC-4903_TN	myCAF	4903_TN	11.846328	7.3594675
TTCTAGTGTCGGTGTC-4903_TN	myCAF	4903_TN	10.993402	6.9238405
CATTGTTGTCAACCTA-4903_TN	myCAF	4903_TN	11.883726	7.194224
CATACAGAGGCTCCCA-4903_TN	myCAF	4903_TN	11.650878	7.917064
ATTCTACCAACCGTAT-4903_TN	myCAF	4903_TN	13.477674	6.787466
TCATCATCAGAATTCC-4903_TN	myCAF	4903_TN	12.056407	6.9502487
ATCGCCTTCATTGTTC-4903_TN	myCAF	4903_TN	12.716224	5.8094935
GCTCAAATCACGGACC-4903_TN	11	4903_TN	9.765372	7.5503497
GAGGCCTTCCTGCTAC-4903_TN	myCAF	4903_TN	12.151079	7.004712
GAGGGTACACAAGTTC-4903_TN	10	4903_TN	1.6449026	4.65145
TTGTGGACAAGTATAG-4903_TN	3	4903_TN	11.252936	8.680744
ACATTTCCAGAATCGG-4903_TN	myCAF	4903_TN	12.106715	6.291505
CCTTGTGGTTAAGAAC-4903_TN	3	4903_TN	12.579468	10.1890745
TGAATCGTCTACGCGG-4903_TN	3	4903_TN	11.891266	9.381514
ATAGGCTAGGCCCGTT-4903_TN	myCAF	4903_TN	12.29906	7.9566936
TCAAGTGCAAAGGAGA-4903_TN	3	4903_TN	11.712232	9.326564
TTCTGTAGTGTAGTGG-4903_TN	3	4903_TN	11.849065	9.809205
CGAAGTTCAATAGTAG-4903_TN	10	4903_TN	1.8834201	5.536553
TTCTCTCAGCGCCATC-4903_TN	myCAF	4903_TN	12.752602	6.908958
ATCGGCGCACGTACTA-4903_TN	myCAF	4903_TN	11.368259	6.2917504
CATACCCCATGTGCCG-4903_TN	myCAF	4903_TN	13.202479	6.3823633
CGTTGGGCAAGCAATA-4903_TN	myCAF	4903_TN	11.406166	7.1103725
GAGGCCTTCTACACAG-4903_TN	3	4903_TN	11.879912	12.117328
GACTCTCCAGCCTACG-4903_TN	8	4903_TN	12.838385	13.018817
ATGGATCGTTGCCTAA-4903_TN	2	4903_TN	11.364941	4.686194
CTAACTTGTCGTTATG-4903_TN	myCAF	4903_TN	13.548983	7.0675216
CTAGGTACACTTGGGC-4903_TN	11	4903_TN	13.694554	8.364666
GTACAGTGTACGTGAG-4903_TN	myCAF	4903_TN	11.637891	7.267429
CTACCCATCCATTGGA-4903_TN	5	4903_TN	5.991329	5.276137
ATTTACCAGAGAGGTA-4903_TN	5	4903_TN	8.471271	4.8426948
TATCGCCCAAGACAAT-4903_TN	myCAF	4903_TN	10.954574	6.415031
TTCTTCCAGGGCTTCC-4903_TN	5	4903_TN	7.9702196	5.476194
AGCTCAAGTGGTCAAG-4903_TN	3	4903_TN	11.53403	8.554164
TTGATGGGTCCCTGAG-4903_TN	myCAF	4903_TN	13.6534195	6.8206615
AGTCACATCGTTCTGC-4903_TN	3	4903_TN	10.838824	10.381279
TGCAGTATCGTTCTGC-4903_TN	iCAF	4903_TN	11.483124	12.658478
CCGGTAGGTACCATAC-4903_TN	11	4903_TN	10.275004	6.019983
TGGTGATGTGTACATC-4903_TN	3	4903_TN	10.829335	9.544311
CACTGGGCAAAGCACG-4903_TN	myCAF	4903_TN	12.143526	8.977957
GCCGATGGTCCAAGAG-4903_TN	3	4903_TN	11.588058	9.989805
CCTGCATCATGCACTA-4903_TN	11	4903_TN	9.136346	6.549082
CATGGATGTGTTGAGG-4903_TN	myCAF	4903_TN	12.18666	7.774115
AGGTTACGTGGCTACC-4903_TN	3	4903_TN	11.6875925	8.967102
TCATATCTCCGTTTCG-4903_TN	myCAF	4903_TN	12.034301	7.007888
CTTTCGGTCTAGGAAA-4903_TN	3	4903_TN	12.033817	9.673318
AACGAAATCTGGGCGT-4903_TN	myCAF	4903_TN	10.779074	5.2086515
CCTTGTGCACTCACTC-4903_TN	2	4903_TN	11.296862	3.7230325
AGGAAATTCTTCTAAC-4903_TN	10	4903_TN	0.33574298	6.109847
AGTGATCAGAGCTGAC-4903_TN	myCAF	4903_TN	12.234246	7.439781
AGACTCAAGACAAGCC-4903_TN	11	4903_TN	10.977257	7.629199
GGTTGTAAGGACTTCT-4903_TN	5	4903_TN	6.6886964	3.5690908
AGGTGTTCACTGATTG-4903_TN	3	4903_TN	12.05152	9.335539
CCCGAAGTCATGACAC-4903_TN	7	4903_TN	9.507885	11.61349
AAGATAGAGGTTCATC-4903_TN	3	4903_TN	11.447437	10.111676
ATACCTTTCATTTCCA-4903_TN	3	4903_TN	12.073646	11.299724
CCGTTCATCGACGACC-4903_TN	11	4903_TN	10.604104	6.868387
ACCTACCCACGACAAG-4903_TN	5	4903_TN	6.5989127	3.7387455
CGTGATAGTCAGTTTG-4903_TN	myCAF	4903_TN	13.11994	6.6381087
AGAAGTATCTAAGGAA-4903_TN	11	4903_TN	10.258628	7.2152076
CGAAGGATCATGCTAG-4903_TN	3	4903_TN	10.364818	7.5398946
AGGGTTTGTTCTAAGC-4903_TN	5	4903_TN	10.047422	7.5033517
AGGCCACAGATGCTAA-4903_TN	5	4903_TN	9.019676	6.1120653
CTCCTTTTCGCATTAG-4903_TN	5	4903_TN	9.217915	6.6161647
GGTAACTGTCTACACA-4903_TN	5	4903_TN	6.661254	3.4999096
GGGCGTTCACACGCCA-4903_TN	10	4903_TN	1.525566	5.5724006
GTTGTAGGTGCCAAGA-4903_TN	myCAF	4903_TN	11.243756	7.160461
AGCGCTGAGACTGTTC-4903_TN	10	4903_TN	1.5795302	4.4763927
GCTTTCGCAAACTCGT-4903_TN	myCAF	4903_TN	12.416284	7.6637154
ATATCCTAGACTTCGT-4903_TN	3	4903_TN	11.488829	10.31449
TCAATTCAGAACGCGT-4903_TN	11	4903_TN	10.077417	7.174347
TTATTGCTCTGAGGTT-4903_TN	myCAF	4903_TN	11.677614	6.11031
CCTCTAGGTATGCGGA-4903_TN	3	4903_TN	10.93815	9.907193
TCTATACCATCCGCGA-4903_TN	iCAF	4903_TN	13.035694	12.340161
CATGCAATCTGCCTCA-4903_TN	11	4903_TN	10.820704	6.6011844
CGATGCGAGAGAGCCT-4903_TN	myCAF	4903_TN	11.7230835	6.331628
CTCCGATTCCAACCAA-4903_TN	10	4903_TN	0.40570736	4.418459
TGGATCATCCCTGGTT-4903_TN	2	4903_TN	11.241188	4.292837
TAGGAGGGTACCCGAC-4903_TN	2	4903_TN	11.374424	4.155363
CTTTCGGGTACAAACA-4903_TN	myCAF	4903_TN	11.357453	6.8938246
GTTACAGAGCTAAACA-4903_TN	myCAF	4903_TN	12.577885	6.4074745
ATGAGTCGTCGCAGTC-4903_TN	5	4903_TN	7.674623	4.4656563
AAGCCATCACGACGCT-4903_TN	3	4903_TN	10.898531	9.455241
ACGATGTAGCTAGATA-4903_TN	6	4903_TN	10.133264	9.28273
TTGAACGCAACACTAC-4903_TN	3	4903_TN	11.465473	11.313065
CACGAATCACAGAGAC-4903_TN	3	4903_TN	10.821403	9.181541
TCTGGCTTCTACTGAG-4903_TN	8	4903_TN	12.520308	12.540775
TATTTCGTCGGCTATA-4903_TN	myCAF	4903_TN	11.921424	7.1037107
CTCCTTTGTGTTCCTC-4903_TN	myCAF	4903_TN	11.369867	6.8116164
GCATCTCCAATTGCGT-4903_TN	myCAF	4903_TN	11.755829	8.28694
TAGACCACATCGATGT-4903_TN	6	4903_TN	8.387172	8.598719
CACCGTTTCAGTGTCA-4903_TN	myCAF	4903_TN	12.911339	7.8627286
TCGCTCATCTGTCCCA-4903_TN	10	4903_TN	1.9529856	4.4189715
GTAGAAAAGCAGTCTT-4903_TN	5	4903_TN	5.742662	5.079876
GGAATCTGTTAGGACG-4903_TN	apCAF	4903_TN	7.867295	0.115753934
CTGGTCTGTCTACGTA-4903_TN	3	4903_TN	10.009783	9.94492
GCCCAGACAATGACCT-4903_TN	5	4903_TN	8.667257	4.98208
AAGATAGGTAATTGGA-4903_TN	5	4903_TN	7.396597	4.8133135
ACAGCCGAGGTTGCCC-4903_TN	3	4903_TN	11.499195	11.746921
GTGATGTTCCGTGGTG-4903_TN	11	4903_TN	9.916833	7.9438276
CAACGGCAGTCGAGGT-4903_TN	5	4903_TN	5.7134247	4.719943
CAAGAGGAGTCATGCT-4903_TN	5	4903_TN	8.45094	5.488862
ACTACGAGTAGGTGCA-4903_TN	8	4903_TN	12.015427	11.554028
ACTTAGGTCATAGACC-4903_TN	5	4903_TN	7.490939	6.291444
GTAATCGGTATTCCTT-4903_TN	5	4903_TN	7.51314	6.168138
ATGAGGGGTATCGTGT-4903_TN	myCAF	4903_TN	11.543892	6.479085
ATAGACCCAGCCCACA-4903_TN	myCAF	4903_TN	11.432988	4.7237787
CTCAGAACACAGTCAT-4903_TN	10	4903_TN	1.7675213	4.4396205
ATGGGAGTCCTATTTG-4903_TN	5	4903_TN	6.871598	6.1375427
AGGTCATAGATGCTAA-4903_TN	myCAF	4903_TN	12.386887	6.5223737
AAGGAATGTCCGGATC-4903_TN	myCAF	4903_TN	12.793059	7.3588376
TCACGCTGTGTTAACC-4903_TN	myCAF	4903_TN	11.130809	7.854463
GCAGTTAAGCATGCAG-4903_TN	3	4903_TN	11.334736	10.173656
GAGTCATAGTTGTACC-4903_TN	3	4903_TN	11.296053	10.127642
CGTAATGGTGATCATC-4903_TN	myCAF	4903_TN	12.383817	8.79499
GGAATGGCAAGTGATA-4903_TN	myCAF	4903_TN	11.7434025	7.8145013
AGGAATATCCTCTTTC-4903_TN	myCAF	4903_TN	11.554458	6.549779
CAATACGTCACTTATC-4903_TN	0	4903_TN	5.2829256	11.324598
CACAACAGTGTTTGCA-4903_TN	5	4903_TN	7.3146844	5.389094
CATGCCTAGCGAGGAG-4903_TN	5	4903_TN	9.346362	5.698697
ACAAGCTGTGGCCTCA-4903_TN	5	4903_TN	7.6074123	5.61105
TTCCAATTCTAGACCA-4903_TN	10	4903_TN	1.9556168	3.754367
GAGGCAACACCTGTCT-4903_TN	2	4903_TN	11.854775	3.8019724
TCCTGCAAGGCTTTCA-4903_TN	5	4903_TN	10.011862	6.509678
ATCGGATTCGTAACCA-4903_TN	myCAF	4903_TN	12.221136	7.2651234
CCCGAAGCAGTATACC-4903_TN	11	4903_TN	14.374278	6.1474705
CCACGAGTCGCAGAGA-4903_TN	6	4903_TN	10.457506	8.20365
ATGACCATCCTAGCTC-4903_TN	myCAF	4903_TN	11.964848	6.1814485
CATCCCAAGTTTGAGA-4903_TN	3	4903_TN	10.184744	8.898031
CAACAGTCACATAACC-4903_TN	myCAF	4903_TN	13.343494	5.5806365
CTATCCGCACAAGGTG-4903_TN	5	4903_TN	9.184628	6.497314
AGGTTACCAGAGACTG-4903_TN	myCAF	4903_TN	11.58306	6.4642644
TTGCTGCTCCCTTGGT-4903_TN	myCAF	4903_TN	11.060409	7.3801413
AAAGTCCAGAGCAGAA-4903_TN	5	4903_TN	7.054275	5.2013693
TCTCCGAGTCGCATCG-4903_TN	myCAF	4903_TN	13.544029	6.8692555
TACACCCGTGAGTCAG-4903_TN	5	4903_TN	6.379453	5.6120334
TTTCATGCAAGCAGGT-4903_TN	myCAF	4903_TN	10.9320345	6.432562
ACCTGTCCACCCTGAG-4903_TN	5	4903_TN	7.4060183	4.808298
TACCCGTTCCCAAGTA-4903_TN	3	4903_TN	12.32699	10.87359
CGGAACCTCCGTGGTG-4903_TN	myCAF	4903_TN	11.424951	7.71922
TATTGCTTCCCTCATG-4903_TN	10	4903_TN	1.0664117	4.7723002
GTTCCGTCAGAGGAAA-4903_TN	5	4903_TN	8.423053	4.9454203
CCGGTAGAGAGAGTTT-4903_TN	5	4903_TN	6.325315	4.276861
GTTCCGTTCGTTCATT-4903_TN	8	4903_TN	12.76102	11.318359
TTGGATGTCGTTCTCG-4903_TN	5	4903_TN	7.538414	5.4214272
CCTTTGGGTATTCCTT-4903_TN	myCAF	4903_TN	11.444132	7.1251483
GGAATGGCAAATGGAT-4903_TN	5	4903_TN	7.527558	3.2374346
CACGTTCAGCCATTCA-4903_TN	iCAF	4903_TN	12.897792	12.358897
AGGACTTAGCGCCTAC-4903_TN	5	4903_TN	6.7746863	3.4663134
GTCACTCCAGACAATA-4903_TN	myCAF	4903_TN	12.679127	8.303143
CGATGGCAGAATCCCT-4903_TN	myCAF	4903_TN	12.1491375	6.692813
TTATTGCCAAGTGCAG-4903_TN	myCAF	4903_TN	12.5774355	6.7938313
GCAGCTGTCATGCCCT-4903_TN	3	4903_TN	10.615524	9.452184
GGTGTCGGTACTCCGG-4903_TN	2	4903_TN	9.948905	2.6532824
TCGTAGATCATAGAGA-4903_TN	3	4903_TN	10.887107	9.677819
CATACTTAGACAACAT-4903_TN	10	4903_TN	1.8482728	4.9905715
TTACAGGGTTCCGCTT-4903_TN	2	4903_TN	10.688984	2.9116647
TGCTTGCTCTCGGTCT-4903_TN	11	4903_TN	9.778064	5.5361166
GACGCTGAGCCTTCTC-4903_TN	3	4903_TN	10.67613	8.229095
TTACAGGGTGTGGTCC-4903_TN	6	4903_TN	7.911318	7.988128
TACAACGTCGCTTAAG-4903_TN	3	4903_TN	10.6829405	10.556999
ACCATTTTCATGCGGC-4903_TN	3	4903_TN	12.204243	11.454818
ACTACGAGTGGCTTGC-4903_TN	myCAF	4903_TN	11.34078	7.567001
CGACAGCTCCGTAGGC-4903_TN	11	4903_TN	10.281727	6.721095
CTCAACCAGATGTTGA-4903_TN	3	4903_TN	11.725102	11.295059
AACAACCAGGTAACTA-4903_TN	11	4903_TN	13.564907	8.263057
GGTAATCCACCAGTTA-4903_TN	11	4903_TN	13.463688	5.251441
ATTCCTAGTTGCTCAA-4903_TN	iCAF	4903_TN	10.695103	15.015358
CTTCTAAAGAAATGGG-4903_TN	myCAF	4903_TN	12.952813	8.211066
ACTGTCCAGTGATCGG-4903_TN	5	4903_TN	6.1846633	4.668688
AGGGCTCTCGACACCG-4903_TN	2	4903_TN	11.604056	3.7700908
GACTGATAGACTTCAC-4903_TN	myCAF	4903_TN	11.911712	6.3422823
CATGCAAGTCTCTCTG-4903_TN	3	4903_TN	11.962662	8.910671
CATGGATTCTCCGTGT-4903_TN	3	4903_TN	11.483957	9.608225
GTTACGACACCCTATC-4903_TN	10	4903_TN	1.8866162	3.9222593
TCACAAGAGCGCGTTC-4903_TN	3	4903_TN	11.7586	9.251422
TGCATGACAGAGGTTG-4903_TN	8	4903_TN	12.118742	11.756422
GAGCCTGAGTAAGAGG-4903_TN	3	4903_TN	11.100757	8.056513
AGGGCTCTCCTTGACC-4903_TN	myCAF	4903_TN	12.638515	8.259492
ACCTGAATCTTCCGTG-4903_TN	myCAF	4903_TN	10.719247	7.5432696
TACACCCTCATATGGC-4903_TN	5	4903_TN	5.9993844	5.2399116
ATTACTCAGGAACTCG-4903_TN	iCAF	4903_TN	11.887276	13.127158
CAAGGGAAGCTTCATG-4903_TN	10	4903_TN	1.3329631	4.3977995
GAACACTTCGAAACAA-4903_TN	myCAF	4903_TN	11.519475	7.8427057
AGGTCATCACTACTTT-4903_TN	3	4903_TN	10.618479	8.955518
AGATCGTAGACGGTTG-4903_TN	3	4903_TN	9.69253	11.50013
CTCTGGTGTCCTGGTG-4903_TN	5	4903_TN	8.716546	5.1410637
CAGGTATTCATTGCGA-4903_TN	3	4903_TN	10.334427	9.47742
TGACTCCTCGGTCGGT-4903_TN	3	4903_TN	10.956653	8.523912
CTCTGGTAGCTACGTT-4903_TN	11	4903_TN	10.522336	6.588099
CTCATCGGTCGGTGTC-4903_TN	0	4903_TN	9.202309	10.721188
TCCCATGTCATGGCCG-4903_TN	5	4903_TN	6.0100274	5.1148243
AATCGTGGTGCCTGCA-4903_TN	0	4903_TN	5.020944	10.266437
TTAATCCAGCAGCGAT-4903_TN	5	4903_TN	7.1231422	4.9547553
CACTGAACAGATACCT-4903_TN	5	4903_TN	7.5638776	4.5133004
AATGACCCATCGAAGG-4903_TN	myCAF	4903_TN	12.574292	7.609061
TTCCGTGCAACGGCCT-4903_TN	myCAF	4903_TN	11.853562	5.852249
AGATGAACAGGCACAA-4903_TN	3	4903_TN	10.335624	10.553406
CCTGCATCATCAGCAT-4903_TN	3	4903_TN	12.702525	10.587462
TCCATCGGTAATTAGG-4903_TN	8	4903_TN	11.435999	12.061699
CATGCGGCAATCCTTT-4903_TN	myCAF	4903_TN	11.808722	6.95619
AAGAACAAGGACCCAA-4903_TN	2	4903_TN	10.0401	3.4395933
GCCGATGTCGCTGATA-4903_TN	5	4903_TN	6.6619244	4.976051
TTCACGCTCCCTATTA-4903_TN	5	4903_TN	7.103427	5.870442
CAGTTCCCACCTAAAC-4903_TN	6	4903_TN	10.051079	7.765547
TACAACGTCAGACCTA-4903_TN	8	4903_TN	13.21169	13.112215
CACATGAAGCGTGAAC-4903_TN	10	4903_TN	2.2844236	4.995173
GTAATGCTCCTCGCAT-4903_TN	3	4903_TN	10.914771	8.601999
TGATGCACACAATGCT-4903_TN	apCAF	4903_TN	8.625634	1.2392676
CGTCAAAAGATACCAA-4903_TN	10	4903_TN	1.0785788	4.5802765
TGGAACTGTTCTCCAC-4903_TN	6	4903_TN	10.183219	8.316198
CGGTCAGGTCCACACG-4903_TN	3	4903_TN	11.52675	9.190343
TACCCACAGGCGACAT-4903_TN	6	4903_TN	7.8281713	8.993874
TTGGGATAGTCAGCCC-4903_TN	10	4903_TN	1.9648061	5.7354817
TCATCCGCAATACAGA-4903_TN	myCAF	4903_TN	12.602989	9.249662
GCGGATCCAACATCGT-4903_TN	11	4903_TN	10.472592	5.857871
GGAGCAACAAGAATGT-4903_TN	myCAF	4903_TN	12.305726	7.276954
CTATCCGCAAGATCCT-4903_TN	myCAF	4903_TN	13.07693	8.09924
GCCATGGTCCGCCTAT-4903_TN	3	4903_TN	12.257117	10.6459875
TCAATTCAGGATTCAA-4903_TN	5	4903_TN	8.40562	5.71067
AGGATAAAGAGATGCC-4903_TN	6	4903_TN	9.69411	7.6917477
TCTTGCGAGACTGGGT-4903_TN	5	4903_TN	5.886844	5.411251
TCCCATGTCGTGGGAA-4903_TN	10	4903_TN	8.799094	6.4298964
CAACGATGTCCGGTGT-4903_TN	5	4903_TN	6.7506504	5.582921
GTTCTATGTTATGTGC-4903_TN	11	4903_TN	10.672203	6.3597045
AATTTCCAGTAGCCAG-4903_TN	10	4903_TN	1.854501	3.7610564
GAGAAATAGAGCGACT-4903_TN	myCAF	4903_TN	11.47628	6.4239573
GTGCACGAGGGAGGCA-4903_TN	myCAF	4903_TN	11.818725	5.919736
TCACATTGTCGTTTCC-4903_TN	7	4903_TN	10.830267	12.346495
ATGGGTTAGACGACTG-4903_TN	myCAF	4903_TN	10.9853525	6.712408
GGAGGTACACTGAATC-4903_TN	5	4903_TN	7.696969	3.4510438
ATCGGCGGTTGTCAGT-4903_TN	myCAF	4903_TN	10.140839	7.8206215
AAGTACCCAAGAGTGC-4903_TN	5	4903_TN	8.293773	2.7733405
ACCGTTCTCCCTGTTG-4903_TN	3	4903_TN	10.687021	8.441637
ATTACTCAGCAAACAT-4903_TN	3	4903_TN	10.694595	10.114424
AATCACGCAGTCGCAC-4903_TN	6	4903_TN	9.182516	8.51859
GGAGGATCAAGTGACG-4903_TN	myCAF	4903_TN	10.504394	7.2082996
CAATTTCAGTCAGCGA-4903_TN	3	4903_TN	10.517039	8.569164
TTCTTCCTCGCTGTTC-4903_TN	iCAF	4903_TN	13.129998	13.393118
CTTTCAAGTGACTGAG-4903_TN	10	4903_TN	0.28979594	6.115735
GCCGATGCAAGGCCTC-4903_TN	11	4903_TN	10.5695915	7.4785485
CATCAAGTCCACGTCT-4903_TN	myCAF	4903_TN	10.989269	7.1642632
TATACCTTCTGGCCAG-4903_TN	6	4903_TN	10.129105	8.23835
TTCCGTGCATGGAATA-4903_TN	myCAF	4903_TN	13.631982	6.915464
TACTGCCCAGGTGTGA-4903_TN	5	4903_TN	8.161296	4.840476
CTTAGGACATTCAGGT-4903_TN	5	4903_TN	8.5268545	5.6286707
TCGCACTCATATCTCT-4903_TN	5	4903_TN	8.571842	6.584548
TGTTCATCATACCACA-4903_TN	myCAF	4903_TN	13.393412	5.4432774
TTCCAATGTTCCGTTC-4903_TN	2	4903_TN	10.646711	1.2684681
CGGTCAGAGATACTGA-4903_TN	5	4903_TN	7.4485617	5.939411
TCATGGATCATTGCTT-4903_TN	2	4903_TN	9.978896	5.0023317
TATCCTATCCTTCACG-4903_TN	3	4903_TN	11.687116	9.847325
ACGCACGGTGACTGTT-4903_TN	myCAF	4903_TN	12.657289	5.0589514
TGTTTGTAGCTCATAC-4903_TN	3	4903_TN	11.243586	8.589491
TGCTTCGAGCGTGCCT-4903_TN	2	4903_TN	10.408031	4.2780704
CCAAGCGAGCACTAAA-4903_TN	3	4903_TN	11.968687	10.593157
TCCTCGATCGTTATCT-4903_TN	myCAF	4903_TN	13.278922	6.1379523
CTACTATGTCTCACGG-4903_TN	3	4903_TN	11.491817	8.646018
GTCTCACCATGTAACC-4903_TN	myCAF	4903_TN	11.589091	8.0989275
GATTGGTAGCGTCTGC-4903_TN	8	4903_TN	11.825507	11.738071
GGCACGTAGACCAACG-4903_TN	5	4903_TN	8.375361	6.3470488
TTCGATTCATGCCGAC-4903_TN	5	4903_TN	6.0007844	5.0564933
GACCCAGGTCAAGCCC-4903_TN	myCAF	4903_TN	10.630366	5.5452137
CTTGAGAAGGTAGCAC-4903_TN	myCAF	4903_TN	12.955394	8.056917
CCACTTGTCCGTGGCA-4903_TN	9	4903_TN	5.608799	15.816807
CTCAGTCCAACATACC-4903_TN	2	4903_TN	10.121603	5.831309
CTCAACCAGGTCCAGA-4903_TN	5	4903_TN	7.9297457	4.837127
TGTGATGCACACCAGC-4903_TN	3	4903_TN	10.162442	9.752341
GAAACCTTCTGCAGCG-4903_TN	11	4903_TN	10.731506	6.694418
ATCGCCTCAGGACTTT-4903_TN	3	4903_TN	10.150105	10.325184
CCCTTAGGTGAGATTA-4903_TN	2	4903_TN	10.559779	1.3726131
TCTCAGCCACCCAACG-4903_TN	myCAF	4903_TN	12.348176	7.6309915
GGTAGAGAGATGAAGG-4903_TN	3	4903_TN	11.301232	9.653917
TACAGGTGTCGGTACC-4903_TN	11	4903_TN	12.416744	9.043016
TCTCAGCAGTATGGCG-4903_TN	5	4903_TN	7.6591077	4.687792
ATGTCCCTCTGGAAGG-4903_TN	3	4903_TN	11.284558	9.532369
CCTTGTGAGGCGACAT-4903_TN	10	4903_TN	0.79511786	4.3290744
CAGCAATGTTTAGTCG-4903_TN	5	4903_TN	8.55535	6.4758706
ACGATGTTCTCTTGCG-4903_TN	7	4903_TN	9.687157	10.385068
GTCTAGAGTGGGATTG-4903_TN	5	4903_TN	5.760538	4.912531
TATGTTCAGCCGCACT-4903_TN	3	4903_TN	9.766376	10.40125
CGAAGTTAGTCTTCCC-4903_TN	8	4903_TN	11.586313	11.950695
AGACCCGAGGGAGGCA-4903_TN	myCAF	4903_TN	12.837498	4.7785754
TGCTCGTCAAACTAAG-4903_TN	iCAF	4903_TN	11.720514	12.531053
GGAATGGGTGGGCTTC-4903_TN	6	4903_TN	9.916509	7.531884
GAAGCGACAGTTAAAG-4903_TN	5	4903_TN	6.030765	4.378482
GATAGAATCGTGTGGC-4903_TN	6	4903_TN	9.469855	9.388535
TAAGCACAGTTGGGAC-4903_TN	myCAF	4903_TN	11.737426	7.706267
ATCGTAGTCACACGAT-4903_TN	0	4903_TN	7.9780073	10.365087
GCGTTTCGTGCCCACA-4903_TN	10	4903_TN	2.9033408	4.4991226
AAACGCTCATGCTGCG-4903_TN	iCAF	4903_TN	13.21874	12.925059
AGAAGTATCTCGTGAA-4903_TN	3	4903_TN	11.740326	9.004196
CATACCCCAGACCTGC-4903_TN	7	4903_TN	10.964229	11.365663
ATCATTCTCAACGAGG-4903_TN	iCAF	4903_TN	11.053064	13.207598
TCATGGATCCATTCAT-4903_TN	7	4903_TN	10.706885	11.146317
CAAGCTAGTAACACCT-4903_TN	iCAF	4903_TN	11.217519	14.831753
GAGTTGTAGTATCCTG-4903_TN	myCAF	4903_TN	11.953129	5.4077425
CATACTTAGGAACATT-4903_TN	3	4903_TN	10.685654	10.326971
TCATCATTCCATAAGC-4903_TN	3	4903_TN	11.360918	10.426035
ATGGGAGAGCGACCCT-4903_TN	5	4903_TN	5.8819585	4.2317376
CTGCATCGTTCTCACC-4903_TN	myCAF	4903_TN	11.989511	8.04272
CAATGACAGCGAATGC-4903_TN	myCAF	4903_TN	13.444729	7.0319166
TTTGGAGTCACTCACC-4903_TN	myCAF	4903_TN	11.238535	7.3189073
GTACAACAGGGCAAGG-4903_TN	3	4903_TN	11.343474	10.699291
GACCCAGTCCATTGCC-4903_TN	myCAF	4903_TN	10.582145	7.321148
GTAGGTTTCAGGACAG-4903_TN	2	4903_TN	12.874446	12.974704
CTTTCGGGTCTCACAA-4903_TN	5	4903_TN	7.401089	4.797171
GATAGCTTCCGTGGTG-4903_TN	8	4903_TN	12.9195	12.54904
TCCACGTTCAGCTAGT-4903_TN	5	4903_TN	5.7683115	4.8216124
TCGCTTGAGCGAGTCA-4903_TN	5	4903_TN	8.427203	5.833159
TGATTCTCAATCCTTT-4903_TN	6	4903_TN	10.15224	9.807864
CGATGCGTCATTGTGG-4903_TN	myCAF	4903_TN	11.839971	5.9680276
GTGAGCCTCTCAACGA-4903_TN	myCAF	4903_TN	13.006491	7.6080475
TATATCCCACCGTGAC-4903_TN	3	4903_TN	11.96907	10.062013
GCAGTTATCATGCTAG-4903_TN	3	4903_TN	11.814367	9.997679
TTGTGTTGTATTCCTT-4903_TN	5	4903_TN	7.2538614	5.2633095
TACACCCGTGAGGCAT-4903_TN	6	4903_TN	11.627338	9.011107
TGGAGAGCAATTGGTC-4903_TN	6	4903_TN	9.9234295	7.674082
TACTTCAGTCATCCGG-4903_TN	2	4903_TN	12.058464	3.7207344
GTGAGTTGTAGGTGCA-4903_TN	myCAF	4903_TN	11.751355	7.5675163
CTCTGGTTCTCAGAAC-4903_TN	3	4903_TN	12.124543	8.610994
ACCCAAACAGAACTTC-4903_TN	7	4903_TN	10.302926	11.396745
TGATTCTCATCGTTCC-4903_TN	5	4903_TN	7.985493	5.626082
GGATGTTTCCACGGAC-4903_TN	myCAF	4903_TN	10.902412	5.3568215
CAAGAGGCAGAGTTCT-4903_TN	myCAF	4903_TN	12.554593	4.898475
GAAGGGTTCCGGCAGT-4903_TN	3	4903_TN	11.162024	9.9967165
CTACAGAGTTAAGGAT-4903_TN	myCAF	4903_TN	11.695068	6.578384
GGGCGTTCAGTTACCA-4903_TN	myCAF	4903_TN	13.181939	5.9059973
TCATCATCAATTGTGC-4903_TN	3	4903_TN	10.427653	7.744789
AGTCACACATAGGCGA-4903_TN	8	4903_TN	12.865707	11.834704
AACGAAATCTCATAGG-4903_TN	3	4903_TN	11.744541	9.939276
GAAGGGTCAAGTTCGT-4903_TN	10	4903_TN	1.9187467	4.1743107
CGTCCATGTCATGCAT-4903_TN	myCAF	4903_TN	10.795015	7.17169
TGGATGTGTCTTCATT-4903_TN	6	4903_TN	8.428134	8.273488
CGACAGCCAGATCCTA-4903_TN	myCAF	4903_TN	10.88362	7.6456757
CAAGCTACAGAAACCG-4903_TN	8	4903_TN	12.662708	11.080805
CAACGATCAATTGAAG-4903_TN	3	4903_TN	10.095518	12.160746
GACCCAGAGACGGAAA-4903_TN	11	4903_TN	13.896909	8.268179
TTCGATTTCGTCCATC-4903_TN	3	4903_TN	12.080384	11.584667
TGTAGACGTAACGGTG-4903_TN	0	4903_TN	9.553332	10.015398
GTAGGTTAGACATATG-4903_TN	5	4903_TN	8.304874	3.2863524
TATCGCCAGATAGTGT-4903_TN	10	4903_TN	0.9653107	5.105634
CCTTGTGGTCGAGTTT-4903_TN	myCAF	4903_TN	11.17337	7.0095067
ACATCGAAGCTACAAA-4903_TN	5	4903_TN	7.0501633	4.357533
AGGAGGTCATGTTACG-4903_TN	myCAF	4903_TN	9.893907	5.972473
ACGGGTCCAGACCAGA-4903_TN	6	4903_TN	7.9548626	8.606314
TCCACCAAGAGAGTTT-4903_TN	6	4903_TN	7.838886	9.407278
TATATCCCACTCTGCT-4903_TN	10	4903_TN	0.7945304	5.903143
AGCGCCAAGATGTAGT-4903_TN	5	4903_TN	8.305868	6.3120823
GGCTTTCCAAGTGCTT-4903_TN	iCAF	4903_TN	12.61906	15.048583
TTGAACGCATGACGAG-4903_TN	3	4903_TN	10.281165	11.3514595
CTTTCGGCAGCATACT-4903_TN	myCAF	4903_TN	13.0341015	8.348732
AGTAGTCGTGAATTGA-4903_TN	3	4903_TN	12.349702	10.757189
GACTCTCAGACGACTG-4903_TN	myCAF	4903_TN	12.318249	6.4707065
GTCTTTACAACGGTAG-4903_TN	6	4903_TN	7.9246016	8.291523
TCTCTGGTCCATTCGC-4903_TN	2	4903_TN	9.862718	3.3363845
CAGGGCTAGCACGTCC-4903_TN	3	4903_TN	11.073951	8.947702
TACACCCGTCGGAAAC-4903_TN	5	4903_TN	8.292338	4.90381
TCGGATACATCGTGGC-4903_TN	apCAF	4903_TN	8.08468	-0.27571887
GAAGGGTGTAGATTGA-4903_TN	myCAF	4903_TN	12.303193	6.859019
TACTTCACAACAGCTT-4903_TN	myCAF	4903_TN	11.408773	6.471056
AGTCTCCAGTTTGCTG-4903_TN	10	4903_TN	0.5876735	5.828058
AGGTCATCAGATACTC-4903_TN	5	4903_TN	8.558881	5.520587
ATAGAGATCTGGCTGG-4903_TN	3	4903_TN	11.44109	10.016557
GAAGTAAAGCGACTAG-4903_TN	8	4903_TN	12.771168	10.953099
GGGCTACCACGGATCC-4903_TN	myCAF	4903_TN	11.890714	6.8750496
CTAGACAAGTTGGAAT-4903_TN	6	4903_TN	9.861676	7.872084
CTATCCGCAGCTCCTT-4903_TN	5	4903_TN	7.702307	4.5259643
AGAACCTGTTGGCCTG-4903_TN	7	4903_TN	11.287861	11.218837
TCCCACATCACTTGTT-4903_TN	5	4903_TN	7.617346	5.050354
AATGGAAGTGTCTAAC-4903_TN	6	4903_TN	9.238532	8.09203
GATCACAGTGCTGTCG-4903_TN	3	4903_TN	12.004283	10.389198
CTGAATGGTGGGTATG-4903_TN	myCAF	4903_TN	11.165857	4.9383774
AAGCCATCAAGACGAC-4903_TN	0	4903_TN	6.3643837	11.297075
GCATCGGGTCACTAGT-4903_TN	6	4903_TN	10.309204	7.6716695
ACGGGTCTCCGTACGG-4903_TN	7	4903_TN	10.659577	11.172055
GTTTGGAAGACGAAGA-4903_TN	5	4903_TN	9.1196785	6.848863
GCGGAAAAGTAGGTTA-4903_TN	3	4903_TN	11.168896	8.973017
GTAATGCAGAGGATCC-4903_TN	5	4903_TN	8.875114	6.0181627
CCCTTAGAGACATACA-4903_TN	5	4903_TN	8.196786	6.481402
TCCACGTAGGTCACCC-4903_TN	10	4903_TN	2.0822017	4.036866
GCATGATTCCTGTTAT-4903_TN	5	4903_TN	9.00459	6.002629
CCCTCAAGTTCGTAAC-4903_TN	5	4903_TN	5.9085836	4.3660617
ATGTCTTGTCCGATCG-4903_TN	3	4903_TN	11.040964	10.311384
AGTACCATCGTAGGGA-4903_TN	myCAF	4903_TN	10.823396	7.138683
CAGATTGCACTGAGTT-4903_TN	6	4903_TN	8.474195	8.123374
TCTCCGACAAGAAACT-4903_TN	8	4903_TN	11.205365	11.351124
GAAACCTTCCACAGGC-4903_TN	5	4903_TN	7.5097766	4.831641
TCTCACGTCGGTCTGG-4903_TN	3	4903_TN	11.211061	10.463744
TCGCAGGGTACTGAGG-4903_TN	8	4903_TN	9.339083	10.793545
AAAGTGACAATAGAGT-4903_TN	myCAF	4903_TN	11.339114	7.811598
TCAATCTAGCTGTCCG-4903_TN	8	4903_TN	10.997926	10.200595
TCATGAGTCGGAAACG-4903_TN	3	4903_TN	10.643996	8.3359585
ACTGTGAGTTCAAGTC-4903_TN	myCAF	4903_TN	12.456694	7.8125525
AGGGTGAGTCTTCATT-4903_TN	11	4903_TN	10.2712555	7.391653
ACAGCCGAGCTCATAC-4903_TN	myCAF	4903_TN	11.377655	7.629617
TTACAGGTCTGTCGCT-4903_TN	3	4903_TN	10.937681	8.697527
GCCATGGGTCCAGAAG-4903_TN	11	4903_TN	10.445973	6.779652
TCACGGGTCTGCGAGC-4903_TN	11	4903_TN	10.360442	6.8205323
ATCGGATCAACTGCCG-4903_TN	3	4903_TN	11.836291	10.676229
GTATTGGAGTACCATC-4903_TN	10	4903_TN	1.3786836	5.317878
CAGCAATGTGCTCTCT-4903_TN	5	4903_TN	8.425197	5.1318264
CATCGTCTCCGGTAGC-4903_TN	5	4903_TN	8.420721	5.216572
GTTACAGCATCCTAAG-4903_TN	myCAF	4903_TN	13.50935	5.9647126
TCATTCACAGGTATGG-4903_TN	11	4903_TN	9.752732	7.0017486
ACGCACGAGGTTCATC-4903_TN	3	4903_TN	11.053765	9.686702
ACCTGTCTCGACATTG-4903_TN	3	4903_TN	10.584483	9.999908
TCTATACTCAGTCATG-4903_TN	7	4903_TN	11.1473255	12.428236
GAGAAATAGTGTTGTC-4903_TN	8	4903_TN	12.082042	10.419839
GAGACCCGTAGGGTAC-4903_TN	5	4903_TN	6.581601	4.772856
AAATGGATCCTTCAGC-4903_TN	5	4903_TN	7.4590764	5.843618
AGAGCAGGTGTTCCTC-4903_TN	3	4903_TN	10.0797415	8.810024
TGCTGAAAGTCGAAAT-4903_TN	5	4903_TN	8.386917	4.4779983
TCAGCCTTCCTTGACC-4903_TN	iCAF	4903_TN	12.006875	12.952742
GTATTGGGTTCTGACA-4903_TN	myCAF	4903_TN	12.339885	7.8076158
GCCAACGCAGAATCGG-4903_TN	11	4903_TN	13.396597	4.708637
GCCGATGCAGCAAGAC-4903_TN	5	4903_TN	7.452513	5.8048463
GCCAGGTTCCCAGTGG-4903_TN	myCAF	4903_TN	12.914325	7.9667406
TGACGCGAGACGGTTG-4903_TN	5	4903_TN	7.7020597	6.1537995
GGGAGATGTAAGATCA-4903_TN	3	4903_TN	11.906288	8.670631
CTTCTAATCGCGGTAC-4903_TN	myCAF	4903_TN	13.569295	5.0293126
TGTACAGTCAAGCCAT-4903_TN	3	4903_TN	10.67846	9.738133
TTTACTGCACATCATG-4903_TN	myCAF	4903_TN	11.955374	5.9754996
AATTCCTTCTGCATGA-4903_TN	8	4903_TN	13.723837	13.25236
GCCCGAACAGAGGACT-4903_TN	5	4903_TN	8.479408	4.8619347
ATCAGGTAGTGGAAGA-4903_TN	myCAF	4903_TN	10.977218	6.9560013
TGACAGTGTAATGCTC-4903_TN	6	4903_TN	9.387086	7.6916094
AAGGTAAGTGACATCT-4903_TN	6	4903_TN	9.321054	9.890843
AGGGCCTCAGCTATTG-4903_TN	3	4903_TN	11.29389	8.552918
AATAGAGAGATGCTAA-4903_TN	3	4903_TN	11.445746	11.698493
GGGAAGTAGGTTCCGC-4903_TN	3	4903_TN	11.525354	11.083641
TCATTCATCGTGGACC-4903_TN	myCAF	4903_TN	13.213668	7.8115487
GTGCAGCAGCACAAAT-4903_TN	7	4903_TN	9.801301	13.524395
TGGGTTAAGGAGGCAG-4903_TN	myCAF	4903_TN	11.8624	6.8095694
TCGTAGATCGAGAATA-4903_TN	5	4903_TN	8.513343	6.5797725
GACATCACAGCCTTCT-4903_TN	11	4903_TN	9.9463825	6.36829
CCGTAGGTCGCTATTT-4903_TN	6	4903_TN	8.944876	7.781856
TTCTTGACACTCTCGT-4903_TN	3	4903_TN	11.88631	11.065965
AGCCAGCTCACTACGA-4903_TN	3	4903_TN	12.157597	11.572056
CATCGCTTCCATAAGC-4903_TN	6	4903_TN	7.9010506	8.001496
TAAGCGTAGTCCTGTA-4903_TN	5	4903_TN	7.2815824	4.4328017
GCCAACGAGTCGAAAT-4903_TN	3	4903_TN	10.824353	10.048217
TGAGACTAGACCATAA-4903_TN	0	4903_TN	5.998611	9.975167
ACTATGGGTAGCGTCC-4903_TN	7	4903_TN	10.109483	10.403203
CTCCCAAGTCTCAAGT-4903_TN	myCAF	4903_TN	11.965	7.5939994
TCATGCCTCCATACTT-4903_TN	myCAF	4903_TN	13.15467	7.2788706
CTAGGTATCAACTTTC-4903_TN	myCAF	4903_TN	12.142392	7.0122952
ACTTTGTTCGCTGTCT-4903_TN	10	4903_TN	0.5436011	4.6729035
GGTCACGGTTGCTAGT-4903_TN	3	4903_TN	11.154935	10.531045
CTCCATGAGTAAAGCT-4903_TN	5	4903_TN	6.552636	3.2997265
AAGGAATAGCTAAACA-4903_TN	myCAF	4903_TN	12.337066	7.9177613
CTGGCAGGTAAGGCTG-4903_TN	5	4903_TN	10.186106	7.025692
TGGAGGAAGAAGGATG-4903_TN	5	4903_TN	7.0498724	4.558175
CTGCTCAGTCCTGTCT-4903_TN	myCAF	4903_TN	12.129867	7.42096
TACCCACTCGTTCATT-4903_TN	5	4903_TN	7.058784	5.8696885
GTTCTATGTGACTGTT-4903_TN	6	4903_TN	6.948617	8.046353
AATCACGGTAAGGCTG-4903_TN	myCAF	4903_TN	12.04637	5.746217
TGGGAAGTCCTTATGT-4903_TN	8	4903_TN	12.274416	11.265652
GATAGAACAGTTAGAA-4903_TN	iCAF	4903_TN	12.08572	12.654764
GTTCTATGTTCCGGTG-4903_TN	3	4903_TN	11.415084	9.509921
CTACCTGTCCATCCGT-4903_TN	3	4903_TN	11.191928	10.494697
GACTTCCTCAGCGGAA-4903_TN	3	4903_TN	12.386665	10.551129
AACACACGTATCACCA-4903_TN	3	4903_TN	10.593855	8.369996
ATGATCGGTACCCGCA-4903_TN	3	4903_TN	11.033662	8.694314
CTCGAGGCACAGCTGC-4903_TN	myCAF	4903_TN	11.532454	6.931798
GATAGCTAGCGCCCAT-4903_TN	3	4903_TN	11.989364	9.887738
TCGCTCATCATGAGAA-4903_TN	5	4903_TN	7.7387476	5.2249374
AGCCAATGTTAAGAAC-4903_TN	iCAF	4903_TN	12.357077	13.800653
GGTTGTAGTCCAGCAC-4903_TN	3	4903_TN	10.880582	10.132133
CACATGAGTTCAGCGC-4903_TN	10	4903_TN	2.7938867	5.4008994
GTGACGCCACACCAGC-4903_TN	11	4903_TN	9.892218	6.550983
CTCCAACGTAAGCGGT-4903_TN	3	4903_TN	10.177802	10.439044
GTCGTAACATGTGACT-4903_TN	10	4903_TN	0.430015	5.82833
TCTATACAGGAACTAT-4903_TN	11	4903_TN	13.862022	4.542519
TTTACTGCAGCTACTA-4903_TN	iCAF	4903_TN	11.947118	13.504791
GAAATGAAGATCCAAA-4903_TN	3	4903_TN	10.114974	8.917263
ACATTTCAGCAATTCC-4903_TN	iCAF	4903_TN	11.127939	15.067981
TCCATCGGTTTCAGAC-4903_TN	3	4903_TN	10.86287	7.5086355
TCTCCGACAGATACTC-4903_TN	6	4903_TN	9.570414	8.829826
ACTCTCGCACCTGCGA-4903_TN	6	4903_TN	9.72702	8.435793
TCATTTGTCCAATGCA-4903_TN	7	4903_TN	10.454881	11.355117
TGGCGTGCAAATGAAC-4903_TN	6	4903_TN	9.420039	8.161387
GTTCTATTCGCTTGAA-4903_TN	5	4903_TN	8.486352	4.2427444
CCTTCAGTCGCAGTTA-4903_TN	3	4903_TN	11.857968	11.183572
GTCAGCGGTAACATAG-4903_TN	myCAF	4903_TN	12.687339	8.317814
AGCTACATCCAAACCA-4903_TN	5	4903_TN	8.903019	6.5844846
GCCCAGAGTATCGCGC-4903_TN	8	4903_TN	11.837542	11.536959
CTGAGGCCAGGATTCT-4903_TN	6	4903_TN	8.473098	7.985537
CCATCACGTGGTCTCG-4903_TN	6	4903_TN	9.793477	8.287556
TTGTGTTGTCGCATGC-4903_TN	3	4903_TN	9.803972	10.845993
ACTCTCGCAACGATTC-4903_TN	iCAF	4903_TN	12.309599	12.343001
ACGGGTCCACCACTGG-4903_TN	iCAF	4903_TN	12.795352	15.2965975
GTGAGTTTCCGATTAG-4903_TN	3	4903_TN	11.405055	10.585157
AACACACCAATCACGT-4903_TN	11	4903_TN	10.013598	6.3670754
GTGATGTAGTTATGGA-4903_TN	11	4903_TN	13.395458	4.547855
GATCATGTCCATTTGT-4903_TN	11	4903_TN	8.954146	7.2002034
TTAGTCTGTCCCGGTA-4903_TN	0	4903_TN	7.829172	11.148966
ACGCACGGTATGGTAA-4903_TN	iCAF	4903_TN	11.046824	12.83456
CTGCTCAAGTGATCGG-4903_TN	myCAF	4903_TN	11.394857	5.1632366
GACCCTTGTCCTCCTA-4903_TN	10	4903_TN	0.8992278	5.231937
TAAGCGTAGGTTGACG-4903_TN	11	4903_TN	14.062029	3.3970623
GACGCTGCAGCCATTA-4903_TN	8	4903_TN	12.605936	11.574279
GTGCACGGTGTGTCCG-4903_TN	iCAF	4903_TN	12.219027	14.573301
TCATGAGTCCCATACC-4903_TN	8	4903_TN	12.691509	12.784102
TTGGATGTCGGACGTC-4903_TN	6	4903_TN	9.672916	9.0644245
GACCCAGCAGTCTACA-4903_TN	6	4903_TN	10.34101	8.976216
TCATTACAGCGGTAGT-4903_TN	myCAF	4903_TN	12.66609	6.740655
CATGCTCAGTAAAGCT-4903_TN	2	4903_TN	10.053685	0.950775
CAATACGAGGCATGCA-4903_TN	6	4903_TN	7.41553	8.038893
GAGGGATGTCGCTTAA-4903_TN	myCAF	4903_TN	11.571046	8.415402
ACTTATCAGGCAGCTA-4903_TN	myCAF	4903_TN	13.651321	5.328719
TATCCTATCAAAGAAC-4903_TN	3	4903_TN	11.030541	9.559149
CGAGGCTGTGCACGCT-4903_TN	myCAF	4903_TN	11.647428	5.8240776
ATCACTTCAGAAATCA-4903_TN	7	4903_TN	10.33562	11.523465
AGGGAGTAGATACATG-4903_TN	7	4903_TN	10.512238	11.512457
TGTTCATAGTATGGAT-4903_TN	3	4903_TN	11.708344	8.994173
CTTGAGAGTGATACAA-4903_TN	iCAF	4903_TN	11.993161	14.296935
GTGTAACTCTCACTCG-4903_TN	iCAF	4903_TN	10.456178	15.239328
TAGGGTTCAAGACAAT-4903_TN	3	4903_TN	11.69965	9.550748
CAATCGAGTGGCCCAT-4903_TN	myCAF	4903_TN	12.08782	8.163299
ACGTCCTGTTAAGTCC-4903_TN	10	4903_TN	0.15843241	6.1891913
ACGGTCGCATCTTAGG-4903_TN	myCAF	4903_TN	12.675952	8.070472
GGAGATGAGGGCAATC-4903_TN	5	4903_TN	5.962199	5.3143682
TCTCAGCAGACGCCAA-4903_TN	6	4903_TN	6.56336	8.739076
TCCAGAACATACCATG-4903_TN	3	4903_TN	11.408212	9.320347
ACTACGACACGCAAAG-4903_TN	3	4903_TN	11.077459	9.980153
CCACGAGTCCATCAGA-4903_TN	5	4903_TN	8.862103	6.165959
GGGTGTCTCCATATGG-4903_TN	10	4903_TN	1.299015	4.9528913
TCAAGCACACTGGATT-4903_TN	6	4903_TN	6.981346	8.170405
GGAGGTAGTCTATGAC-4903_TN	8	4903_TN	12.742105	11.241345
CCCGAAGCAAGGAGTC-4903_TN	iCAF	4903_TN	11.447274	12.662342
AGACTCATCCGTATGA-4903_TN	myCAF	4903_TN	11.293577	6.8380833
GGGTATTCATGACTAC-4903_TN	3	4903_TN	10.888155	10.370444
CGAAGGATCCTTACCG-4903_TN	3	4903_TN	9.911938	8.414124
CTAACCCAGATCGCCC-4903_TN	2	4903_TN	11.391557	4.459949
CATCGCTAGGTGGTTG-4903_TN	5	4903_TN	8.4467	5.0376115
AGGAAATAGCATGAAT-4903_TN	0	4903_TN	6.9401655	11.471354
TCGCAGGTCATGAAAG-4903_TN	8	4903_TN	12.762606	12.768581
CGTCAAAGTCTCAAGT-4903_TN	3	4903_TN	12.816793	11.2233
GTTCCGTGTGAATATG-4903_TN	3	4903_TN	12.308458	10.561825
TAACTTCCACCTGATA-4903_TN	myCAF	4903_TN	10.85549	7.054638
AATGGAAGTCCTTGTC-4903_TN	10	4903_TN	3.2278273	4.6120324
GTCATCCTCCGCAGTG-4903_TN	iCAF	4903_TN	12.871887	12.695442
TTCATGTCAAAGGCAC-4903_TN	11	4903_TN	14.087677	7.055427
CCTGTTGGTGGTAATA-4903_TN	6	4903_TN	7.687834	7.5114403
AGTACCAAGCGTCTCG-4903_TN	10	4903_TN	0.81192803	5.0996604
ACCATTTTCCGGCAAC-4903_TN	11	4903_TN	13.219454	3.1672006
AGTGTTGGTATCTCTT-4903_TN	5	4903_TN	6.6322665	4.387092
TACGGTAGTACGATCT-4903_TN	5	4903_TN	6.633179	3.2509058
ATCACGAAGCTTTGTG-4903_TN	3	4903_TN	11.612458	9.144012
ATCACTTTCCTAGCTC-4903_TN	0	4903_TN	6.6040015	10.041208
AATTTCCGTACTGCGC-4903_TN	5	4903_TN	7.782345	5.3503
CGGACACGTGTCATGT-4903_TN	6	4903_TN	9.280225	9.414088
CATTGAGCAGCGACAA-4903_TN	11	4903_TN	10.561541	5.7389693
GTGTGGCGTCTGATAC-4903_TN	5	4903_TN	7.1843863	4.3671618
TACAGGTGTCTTAGTG-4903_TN	3	4903_TN	10.455747	10.337986
GTAGAGGAGCTCTGTA-4903_TN	6	4903_TN	9.934959	8.591644
ACCCTCATCAAGAAAC-4903_TN	5	4903_TN	6.9703774	5.3627825
AACGAAATCACCGGTG-4903_TN	3	4903_TN	9.851755	10.260497
AATTCCTTCAACTGAC-4903_TN	5	4903_TN	7.745996	6.172945
ATTACCTTCGTTCCCA-4903_TN	myCAF	4903_TN	11.589642	8.013491
GAAGAATCAGTTAGGG-4903_TN	iCAF	4903_TN	12.451772	14.488598
AGGTGTTGTCGAGATG-4903_TN	myCAF	4903_TN	11.153756	7.7143264
CTTCTCTAGGCTCAAG-4903_TN	8	4903_TN	12.760193	12.053608
GTTACGAGTGACCGAA-4903_TN	11	4903_TN	9.911777	6.4668536
CGGGCATGTATCCTTT-4903_TN	myCAF	4903_TN	11.878364	7.9812946
GCTGAATAGCGATCGA-4903_TN	5	4903_TN	10.087783	7.5714602
GCTGAATGTAGCGTAG-4903_TN	7	4903_TN	11.065191	12.709643
ATCTTCAGTGCCCACA-4903_TN	7	4903_TN	10.489897	12.184811
ACTGTCCTCGCGTTTC-4903_TN	11	4903_TN	14.204914	5.707699
GAAGGACAGCGCCTCA-4903_TN	7	4903_TN	9.876512	10.888256
GCGGAAACAAATCGGG-4903_TN	6	4903_TN	8.713485	8.288858
CGGGCATCAAAGGCAC-4903_TN	3	4903_TN	10.76259	9.769142
GACTCTCTCCCGAACG-4903_TN	iCAF	4903_TN	10.796873	15.195189
TCAGCCTCATTGAGGG-4903_TN	6	4903_TN	10.046348	7.1977844
GGCACGTCACGTGAGA-4903_TN	3	4903_TN	11.57305	9.971647
CTGTATTCATCCTCAC-4903_TN	5	4903_TN	8.674587	6.7908707
CTTGATTGTTCTAAGC-4903_TN	3	4903_TN	11.285122	9.454994
TGCTCGTTCTGAATGC-4903_TN	3	4903_TN	10.561359	10.675631
CATCCGTCAAGTACCT-4903_TN	3	4903_TN	10.977728	11.5698
CCCTGATTCAACCTTT-4903_TN	iCAF	4903_TN	11.8324795	13.515722
CGGAATTGTCTCAAGT-4903_TN	5	4903_TN	6.8731966	4.4325767
CCAATTTTCTCGCGTT-4903_TN	3	4903_TN	12.231383	9.848387
GGGTTTAGTAACGATA-4903_TN	6	4903_TN	9.570936	8.345564
AGTCTCCCACTGTGAT-4903_TN	6	4903_TN	8.962736	8.634228
AGAACAACACACTTAG-4903_TN	8	4903_TN	10.810715	12.260365
AACAACCTCCCGAGAC-4903_TN	6	4903_TN	8.856235	9.389687
TGTTACTGTTAGAGAT-4903_TN	8	4903_TN	11.821473	10.58026
CCCGAAGGTTCTCAGA-4903_TN	7	4903_TN	9.939822	11.131293
CCACGAGGTGCGTGCT-4903_TN	6	4903_TN	8.799372	8.233615
CCGGTAGAGTACAGCG-4903_TN	5	4903_TN	10.352416	7.053488
TCTACATTCGACCCAG-4903_TN	iCAF	4903_TN	11.7902355	15.261695
TGCGACGTCGGCCCAA-4903_TN	3	4903_TN	11.469096	9.551856
CTTCTCTAGGCATGCA-4903_TN	iCAF	4903_TN	12.355634	14.625183
ACGGGTCGTCACTACA-4903_TN	3	4903_TN	10.760036	10.118903
TGCTTCGGTCCGGACT-4903_TN	0	4903_TN	7.8393297	11.871971
AGCCAGCAGGTACCTT-4903_TN	10	4903_TN	1.2021189	5.5201445
TCACTATGTTTCGTTT-4903_TN	0	4903_TN	5.8754616	9.512027
CTCAGGGCAAGGCAAC-4903_TN	3	4903_TN	11.886933	10.216671
ACGGTTATCATTCACT-4903_TN	3	4903_TN	10.415218	10.95006
AACTTCTGTATGGTTC-4903_TN	iCAF	4903_TN	10.890679	15.111195
ACGGGTCTCTCTCGCA-4903_TN	iCAF	4903_TN	10.939661	15.1751175
GTGCTTCTCGGCGATC-4903_TN	myCAF	4903_TN	12.966273	8.313205
ATTACCTAGCTCTGTA-4903_TN	2	4903_TN	10.137417	4.062834
TTTACGTCAGAAGTTA-4903_TN	myCAF	4903_TN	11.440678	6.3743415
TTGTTTGGTAATTGGA-4903_TN	5	4903_TN	8.398235	3.8094647
TCCGAAAAGTCACTGT-4903_TN	7	4903_TN	10.695367	12.570265
CATACCCAGCTCTTCC-4903_TN	11	4903_TN	9.408763	6.728168
TGGTAGTAGCACGGAT-4903_TN	0	4903_TN	8.522772	10.672776
CTCCACAAGCAACTTC-4903_TN	0	4903_TN	8.426076	10.970206
GAGACCCGTGGACCTC-4903_TN	3	4903_TN	12.15855	10.227525
GTATTTCAGAGATGCC-4903_TN	myCAF	4903_TN	13.018256	6.423526
CCTTCAGGTGCCCTTT-4903_TN	8	4903_TN	11.072596	12.352635
CACGGGTCACGTAGTT-4903_TN	5	4903_TN	9.855949	6.119083
CATTGTTCAAAGCAAT-4903_TN	0	4903_TN	7.842107	10.272495
TCGCTCACAGAACGCA-4903_TN	iCAF	4903_TN	11.391796	13.80498
GGAACCCGTAGGAGGG-4903_TN	3	4903_TN	10.284182	10.649574
GAGGCAAGTTCCAGGC-4903_TN	7	4903_TN	10.930692	11.322697
TAGACCAAGCCTCTTC-4903_TN	6	4903_TN	8.863387	9.233826
GGGATGAGTAGGATAT-4903_TN	5	4903_TN	6.788931	3.254606
ATTGGGTAGTACTGTC-4903_TN	3	4903_TN	11.199209	10.808496
TCTGTCGAGGGCAGTT-4903_TN	0	4903_TN	5.9768767	9.497976
ACGTCCTGTGGTAATA-4903_TN	iCAF	4903_TN	11.213917	13.047139
GTAATCGTCGGCTCTT-4903_TN	3	4903_TN	10.762615	10.725641
CTCAATTAGGATTTGA-4903_TN	7	4903_TN	9.379943	11.021644
TCGGATACAGATTTCG-4903_TN	7	4903_TN	10.849183	11.547572
CATGCCTAGAAGCGGG-4903_TN	myCAF	4903_TN	12.928507	8.231008
ATGGGAGGTTCCTTGC-4903_TN	10	4903_TN	2.6163242	4.4020076
TTGTGTTGTAGCGCCT-4903_TN	iCAF	4903_TN	11.542925	12.238486
CTCAGTCAGCATTTGC-4903_TN	6	4903_TN	7.2606816	9.192818
CCTCAACAGGATACGC-4903_TN	3	4903_TN	12.507694	10.194277
TGCACGGAGTTTGCTG-4903_TN	2	4903_TN	11.67239	2.5525942
GAGAAATAGAAACCAT-4903_TN	5	4903_TN	8.302296	6.1476417
TCGGGTGAGGAGCTGT-4903_TN	11	4903_TN	9.893008	7.5669665
GATCACATCTACCCAC-4903_TN	8	4903_TN	13.430281	12.909412
TAACCAGGTATAGGGC-4903_TN	0	4903_TN	5.9926634	10.96768
CGGGTCACACCGTGGT-4903_TN	5	4903_TN	9.4135475	6.7870474
GAGTTGTTCGTAGGGA-4903_TN	myCAF	4903_TN	11.763447	7.3044333
TGCGGCAAGCAAGCCA-4903_TN	myCAF	4903_TN	13.472826	7.1754947
TCATACTGTTAGGGTG-4903_TN	3	4903_TN	11.76489	9.602345
ATTCGTTAGGGAGTGG-4903_TN	11	4903_TN	11.212724	6.249816
CGGAGAACATCGAGCC-4903_TN	6	4903_TN	9.160459	9.266731
TCATGGATCATCGGGC-4903_TN	6	4903_TN	9.86064	8.746325
TGTGCGGAGGCGATAC-4903_TN	5	4903_TN	9.167631	6.3415356
TGAGGGAGTGCTCCGA-4903_TN	3	4903_TN	11.505397	9.518597
TTACTGTGTCATCGGC-4903_TN	6	4903_TN	6.847432	8.198275
TGCTGAATCCTTCACG-4903_TN	5	4903_TN	9.198001	5.610016
TATCCTAGTGGTAACG-4903_TN	6	4903_TN	7.7928452	8.530858
AAAGGGCAGCCGCTTG-4903_TN	6	4903_TN	10.1440115	7.8510966
ATTCATCAGAAACCCG-4903_TN	0	4903_TN	8.057192	10.634343
AAGCATCGTGATTCAC-4903_TN	10	4903_TN	2.6122472	4.723629
GTTAGACTCATACGGT-4903_TN	5	4903_TN	9.529965	7.4149256
GTTGTGAGTAGAGACC-4903_TN	myCAF	4903_TN	12.474814	6.551615
CTCCAACCACGGCACT-4903_TN	2	4903_TN	11.801061	3.5725052
GTGCACGGTGAAGCTG-4903_TN	8	4903_TN	11.618002	11.650743
GCATGATTCGCACGAC-4903_TN	3	4903_TN	11.347179	10.077311
TACGCTCGTATAGGAT-4903_TN	10	4903_TN	0.97485614	4.941874
TCATGGATCTTCTGGC-4903_TN	3	4903_TN	11.904819	11.321514
CGCCATTAGTCAGCGA-4903_TN	6	4903_TN	10.363453	8.316729
AACGAAACAACGGCCT-4903_TN	iCAF	4903_TN	11.073222	14.52703
CGCGTGAGTTTATGCG-4903_TN	7	4903_TN	10.861669	12.170961
CGATGGCAGAGCATAT-4903_TN	myCAF	4903_TN	12.682392	7.837236
CATACAGCATATGCGT-4903_TN	6	4903_TN	9.443959	8.052339
CAGTTCCAGTGGAAGA-4903_TN	11	4903_TN	10.689879	6.160791
AGATCGTCAGTGCGCT-4903_TN	5	4903_TN	8.586098	3.3613572
CTGTAGATCTGCTCTG-4903_TN	11	4903_TN	13.597724	8.878166
GAGTCTAGTCGGCTAC-4903_TN	3	4903_TN	10.722488	9.926005
CTCATTATCCCGTGAG-4903_TN	iCAF	4903_TN	12.21301	12.651107
AGTTCCCTCCTCTTTC-4903_TN	8	4903_TN	13.667983	13.589863
CCGGTAGCATATTCGG-4903_TN	3	4903_TN	10.429584	9.701101
GCCCGAATCACGGACC-4903_TN	iCAF	4903_TN	12.289362	13.2482815
TCCATGCTCCAGTACA-4903_TN	iCAF	4903_TN	13.018121	12.390712
CGCCAGACAAGAGCTG-4903_TN	5	4903_TN	8.386713	6.3759747
TTCCGGTCAGTGGCTC-4903_TN	5	4903_TN	5.8191094	4.473032
GGGTGTCCACGTAGTT-4903_TN	myCAF	4903_TN	12.575515	6.9453783
CCTAACCGTCACCGCA-4903_TN	5	4903_TN	8.791052	5.4829783
TCAGTCCGTCGTATGT-4903_TN	2	4903_TN	10.436661	4.4901133
GTTCATTGTCTTGAAC-4903_TN	0	4903_TN	8.017771	10.508184
ACTGATGAGGGTGGGA-4903_TN	iCAF	4903_TN	11.743089	12.0027275
CCCATTGGTGGCTCTG-4903_TN	5	4903_TN	7.5137467	5.3676734
AGCGCTGTCAACGTGT-4903_TN	3	4903_TN	10.8468075	10.148331
CAACGATCACCTCTAC-4903_TN	8	4903_TN	13.888386	13.995622
AAAGAACCATGACCCG-4903_TN	myCAF	4903_TN	11.086321	7.107449
AGCCAGCGTTCGTGCG-4903_TN	myCAF	4903_TN	12.659611	6.7597675
ACTATCTAGTGCTCAT-4903_TN	2	4903_TN	10.409934	0.7814298
AGAACAAGTATACGGG-4903_TN	3	4903_TN	11.372642	10.855177
CTTTCAACAGGTACGA-4903_TN	7	4903_TN	9.939858	10.599588
CGCAGGTCAAGCCTGC-4903_TN	0	4903_TN	5.207258	10.630047
GTGAGGAAGCCGTTAT-4903_TN	myCAF	4903_TN	12.734136	6.4802322
GCCATGGTCTATCGTT-4903_TN	iCAF	4903_TN	11.872759	14.509233
ATTCCATTCCAAGGGA-4903_TN	0	4903_TN	5.7511153	9.94137
TTACAGGTCAAGTAAG-4903_TN	8	4903_TN	12.883959	13.804797
CGGGTCAGTATAGCTC-4903_TN	3	4903_TN	10.984976	8.856136
AGCCACGTCTAGAACC-4903_TN	3	4903_TN	12.177484	11.702543
CCACAAAAGATACCAA-4903_TN	7	4903_TN	9.223473	10.557187
TAACCAGCACTGCTTC-4903_TN	myCAF	4903_TN	12.883385	6.5037227
GCCATTCGTCGCAACC-4903_TN	5	4903_TN	6.1896	4.362734
TTGTTCATCTCTGGTC-4903_TN	3	4903_TN	12.407132	11.246151
TCGACGGCAACTGCCG-4903_TN	3	4903_TN	10.640913	10.315776
AAGCCATAGTAGCTCT-4903_TN	11	4903_TN	11.18114	5.2160683
GTTCCGTAGACATCAA-4903_TN	iCAF	4903_TN	11.206234	13.655513
TCCTTCTGTCGAAACG-4903_TN	0	4903_TN	8.802394	10.729785
TACAACGGTAACCCTA-4903_TN	iCAF	4903_TN	11.505636	13.877027
CTCAACCCAGACACCC-4903_TN	3	4903_TN	12.66879	10.460245
TAGACTGTCCGGCTTT-4903_TN	11	4903_TN	13.580108	5.196662
GAATCACCATGGACAG-4903_TN	0	4903_TN	5.4661136	11.77057
CCTTTGGCAGGGAGAG-4903_TN	3	4903_TN	10.901071	9.119516
TTGTGGAGTTGCATCA-4903_TN	apCAF	4903_TN	8.62449	0.2813579
ATCGTCCTCGAAGGAC-4903_TN	myCAF	4903_TN	11.942293	7.690918
GACACGCGTTGCCGCA-4903_TN	myCAF	4903_TN	12.072451	7.7626176
AGGACTTGTATCGTAC-4903_TN	iCAF	4903_TN	11.620361	13.998798
GGAATGGAGTTCCGTA-4903_TN	apCAF	4903_TN	7.4688644	0.42634457
CTACGGGCAGAGGGTT-4903_TN	6	4903_TN	9.946391	9.048845
TGAGACTCAGCGTAGA-4903_TN	myCAF	4903_TN	10.681606	7.306481
GTGATGTTCACGTAGT-4903_TN	0	4903_TN	6.1060076	11.722072
GAGACCCGTTACCGTA-4903_TN	iCAF	4903_TN	12.555172	15.297096
CACTGGGAGTTGAAGT-4903_TN	3	4903_TN	11.987938	10.829063
CACATGAGTACTGACT-4903_TN	8	4903_TN	11.381538	12.358625
CTCAGAACATAACTCG-4903_TN	7	4903_TN	10.96661	11.516674
ATTCAGGGTCACTAGT-4903_TN	11	4903_TN	9.352783	7.001215
ACATCGAGTGCATGAG-4903_TN	6	4903_TN	7.71552	7.903508
CGGGTCATCTACCTTA-4903_TN	3	4903_TN	9.933081	8.74667
ATCACGACAAGAAATC-4903_TN	0	4903_TN	7.034157	11.513176
AGAACAAAGACGACTG-4903_TN	7	4903_TN	10.40626	11.44375
CACATGAAGCGAACTG-4903_TN	3	4903_TN	12.006127	10.5322695
ATTTCACAGCTTAGTC-4903_TN	myCAF	4903_TN	13.0042515	7.390743
GGAGGTATCCCACAGG-4903_TN	myCAF	4903_TN	11.695687	7.8183174
TGTGAGTTCGCGGTAC-4903_TN	8	4903_TN	10.5034	11.858687
GGGTTTATCTCCGAGG-4903_TN	3	4903_TN	10.200048	8.658188
ATTGGGTCAATACGAA-4903_TN	0	4903_TN	9.371776	10.327831
AGATCGTCAGTCAACT-4903_TN	11	4903_TN	9.915957	6.507674
AGTCTCCTCGCCAACG-4903_TN	iCAF	4903_TN	11.522514	13.172306
ATGCGATTCGGACTGC-4903_TN	8	4903_TN	12.216004	11.726999
CACATGACAAGGGCAT-4903_TN	3	4903_TN	9.917311	11.563063
GTCTCACGTCAGTTTG-4903_TN	5	4903_TN	7.4822745	4.4216194
AGCGCTGAGTTTGCTG-4903_TN	3	4903_TN	10.01417	8.5200615
TTTCACAGTACGAAAT-4903_TN	myCAF	4903_TN	12.575847	8.293198
GATGGAGCAAGTAGTA-4903_TN	8	4903_TN	11.497345	12.357468
TCAATTCAGCCAGTAG-4903_TN	iCAF	4903_TN	11.890073	14.684087
CTTGAGACAGACCTGC-4903_TN	6	4903_TN	6.9124284	8.7599125
GCCCAGAAGTACCGGA-4903_TN	3	4903_TN	10.834486	10.099193
GATAGCTGTATCGCTA-4903_TN	5	4903_TN	7.364847	5.357565
CCTAAGAGTACCTAAC-4903_TN	myCAF	4903_TN	13.270865	7.1876493
CTGTGAACACGTATAC-4903_TN	myCAF	4903_TN	12.352394	7.748167
TCGGTCTAGATGGGCT-4903_TN	5	4903_TN	6.6905394	5.4900126
ACTGCAACACCTTCCA-4903_TN	3	4903_TN	12.046954	10.9428835
TAGGAGGCACAACCGC-4903_TN	7	4903_TN	10.59797	11.835733
GACCTTCAGCACTCAT-4903_TN	myCAF	4903_TN	13.589874	6.4211135
TTGAGTGGTGCAGTGA-4903_TN	3	4903_TN	11.118096	10.685136
GTAGAAACATTGACCA-4903_TN	3	4903_TN	12.357777	11.149746
CTCCACATCTCTGAGA-4903_TN	6	4903_TN	8.579358	8.441708
CTCCGATTCTAGTCAG-4903_TN	8	4903_TN	11.393712	12.023237
AGACCCGAGTCCTACA-4903_TN	0	4903_TN	4.8201737	10.749297
CCCATTGAGTCTGGAG-4903_TN	6	4903_TN	7.0241218	8.410653
AACCTTTCAACACGAG-4903_TN	8	4903_TN	11.172772	11.811168
TGCGACGCACTTGAGT-4903_TN	myCAF	4903_TN	11.1472	7.0026484
ACCCTTGGTGACACAG-4903_TN	7	4903_TN	10.860142	12.650773
GTGTGATAGACTAGAT-4903_TN	5	4903_TN	8.091206	4.640808
AGATAGAGTAACCCTA-4903_TN	3	4903_TN	12.353144	11.713152
AAGCATCAGGAGGGTG-4903_TN	myCAF	4903_TN	12.128927	8.132677
CTGTACCAGAGGGTAA-4903_TN	iCAF	4903_TN	13.586739	13.725744
GGAATCTGTTCATCTT-4903_TN	11	4903_TN	13.939745	8.308498
GACTATGGTACGTACT-4903_TN	iCAF	4903_TN	11.3971615	15.086202
ATTACCTTCCCGTTGT-4903_TN	5	4903_TN	9.0642605	6.090473
ATCCTATAGTCCCGGT-4903_TN	0	4903_TN	4.77886	11.172338
CTCCATGTCGGTCTAA-4903_TN	5	4903_TN	8.239063	6.531371
CCAATTTAGCTGACAG-4903_TN	myCAF	4903_TN	11.490851	7.785303
TGATGGTGTTTCACAG-4903_TN	5	4903_TN	6.7835283	3.9852626
TTGCATTCAAATCAGA-4903_TN	3	4903_TN	11.838405	11.273586
AGCTCAACATCATCCC-4903_TN	7	4903_TN	10.322431	12.279003
GGAGAACGTCTACATG-4903_TN	6	4903_TN	7.925364	8.623613
CCAAGCGGTAGGTGCA-4903_TN	7	4903_TN	10.459439	11.644647
TTGTGTTTCTATGTGG-4903_TN	5	4903_TN	7.872958	4.7968245
TCTTCCTCACCGAATT-4903_TN	5	4903_TN	6.763199	3.7659986
AACCTTTAGCTGCCAC-4903_TN	5	4903_TN	8.3625765	6.3223825
GTGTGATGTGTCGCTG-4903_TN	myCAF	4903_TN	11.305714	6.82864
CAGCCAGGTTCAGCTA-4903_TN	0	4903_TN	8.096951	10.772417
CGGTCAGGTACGCTTA-4903_TN	7	4903_TN	10.084352	11.161311
ACCTGTCCAGGGCTTC-4903_TN	3	4903_TN	12.096656	11.173316
TGTCCTGAGTCATGGG-4903_TN	6	4903_TN	9.889222	9.610281
GTTGTCCTCATCCCGT-4903_TN	5	4903_TN	8.329799	5.5691047
ATGACCATCGCTTACC-4903_TN	2	4903_TN	12.298068	3.8471057
GAAGGACTCCTACAAG-4903_TN	6	4903_TN	9.877201	7.2627325
GTCACGGCAGAATTCC-4903_TN	myCAF	4903_TN	12.095072	6.08602
CACGAATAGCGTGTTT-4903_TN	11	4903_TN	9.524556	6.655197
GTGACGCTCTGGGCAC-4903_TN	3	4903_TN	10.587016	11.009983
TATTGGGCAAGTGGGT-4903_TN	0	4903_TN	7.523228	9.277346
GTGAGTTAGTCTGGTT-4903_TN	myCAF	4903_TN	11.537651	7.335238
TCAGCCTTCTCATTGT-4903_TN	10	4903_TN	1.7175533	5.194433
CAGTTAGGTCTGTCAA-4903_TN	iCAF	4903_TN	12.611503	15.70015
TTTAGTCTCCAACCGG-4903_TN	iCAF	4903_TN	11.304528	14.340021
GCAGTTAGTCTCCCTA-4903_TN	6	4903_TN	9.144512	8.259464
GTGGAGAAGTCGAAGC-4903_TN	6	4903_TN	8.363615	8.255501
GCCCGAACACTCCGGA-4903_TN	3	4903_TN	10.04655	10.633254
GCTTGGGCATTCCTAT-4903_TN	0	4903_TN	7.9221864	10.348507
ACAGAAATCCTGGGAC-4903_TN	8	4903_TN	12.249152	12.320976
CATGCTCCATATGCGT-4903_TN	7	4903_TN	10.58285	12.994823
GTACAACAGGCCTAAG-4903_TN	6	4903_TN	8.485014	8.113482
ATGAGTCGTCAACCTA-4903_TN	myCAF	4903_TN	11.660236	7.6570935
TTTGATCTCACGACTA-4903_TN	10	4903_TN	2.012025	5.43884
GTAGAAAGTCCTTAAG-4903_TN	7	4903_TN	10.071451	12.085338
TTGCATTTCGCTAATG-4903_TN	3	4903_TN	9.969738	10.188534
CGGCAGTGTCTTGTCC-4903_TN	myCAF	4903_TN	9.998702	7.5713596
AAGTGAATCGCTGTTC-4903_TN	3	4903_TN	11.362407	10.45312
AGGATAATCAGGAAAT-4903_TN	0	4903_TN	4.883953	10.971631
CTACATTTCTTACCAT-4903_TN	6	4903_TN	8.794531	7.66023
CTGCCATGTTAAGGGC-4903_TN	11	4903_TN	10.266226	7.5083747
TCCTCGAAGAGTCCGA-4903_TN	3	4903_TN	10.131863	9.904208
GAAGGACCACCTATCC-4903_TN	8	4903_TN	11.983404	10.094006
ACTATGGAGAAGCTGC-4903_TN	6	4903_TN	7.7154036	7.918494
ACGTAACAGATCACTC-4903_TN	myCAF	4903_TN	12.380277	8.328339
GAACGTTGTTCCACAA-4903_TN	3	4903_TN	11.314767	11.271774
TGTAGACTCCTTATCA-4903_TN	2	4903_TN	11.88396	4.2354765
TCCCATGTCACGGGAA-4903_TN	myCAF	4903_TN	11.972796	7.8384333
GGAAGTGAGAGGATCC-4903_TN	iCAF	4903_TN	11.571575	14.458626
CACATGACATACCATG-4903_TN	6	4903_TN	8.1121645	9.379412
CCCTTAGTCTGTCTCG-4903_TN	iCAF	4903_TN	11.80016	14.728927
CGTTGGGAGCTAGAAT-4903_TN	8	4903_TN	11.598492	12.585865
GATTCTTTCGCTGTCT-4903_TN	iCAF	4903_TN	12.751914	14.023653
GCCTGTTTCCACTTTA-4903_TN	0	4903_TN	7.382247	9.222977
GAATCGTCAACTCCCT-4903_TN	8	4903_TN	11.4804735	12.277122
TCGACCTGTATGGTTC-4903_TN	8	4903_TN	11.055576	11.065113
TAATCTCTCTAGACCA-4903_TN	6	4903_TN	8.546203	9.609626
GCATGATGTTGTACGT-4903_TN	5	4903_TN	8.442233	4.7345614
CGTTGGGAGGAGAGGC-4903_TN	3	4903_TN	11.2329445	11.414662
GGGTCTGCACTTCAAG-4903_TN	5	4903_TN	6.866424	3.039827
GAGGGTAGTGCGTGCT-4903_TN	10	4903_TN	2.1891687	5.272763
CCTCTCCGTCCTACAA-4903_TN	iCAF	4903_TN	11.871349	14.460298
CGAAGGACATCGATCA-4903_TN	5	4903_TN	9.65291	6.836678
GAAACCTCACAGAGAC-4903_TN	6	4903_TN	9.430538	9.167427
CACGTGGTCCATCTCG-4903_TN	iCAF	4903_TN	11.986333	12.6818495
CCTCCTCGTAGATTAG-4903_TN	8	4903_TN	13.307165	13.220595
ACTCTCGCAGCACAAG-4903_TN	0	4903_TN	8.414474	10.795493
GACCCTTCAACAGAGC-4903_TN	iCAF	4903_TN	11.572612	13.910796
CCCTCTCTCTTCCAGC-4903_TN	iCAF	4903_TN	11.552553	14.4556875
GAAGTAAAGTCTGGTT-4903_TN	3	4903_TN	10.633557	10.650207
TCGGGCAAGCAGGGAG-4903_TN	myCAF	4903_TN	11.437248	7.512335
TTTGATCGTTAGGAGC-4903_TN	11	4903_TN	10.749615	6.184346
GCATCGGCAGGGAATC-4903_TN	3	4903_TN	11.217072	8.961311
GGGAAGTCAGAGTGAC-4903_TN	myCAF	4903_TN	12.2419195	7.6015916
TAAGTCGGTCACTACA-4903_TN	6	4903_TN	10.154773	9.173539
AACCTGAAGGCAGTCA-4903_TN	7	4903_TN	10.9783745	12.898997
TATACCTTCTGCCTGT-4903_TN	3	4903_TN	11.163894	10.993341
CCGATCTCAGCCTACG-4903_TN	10	4903_TN	1.8399295	4.3049726
TCGGGACTCGGTGTTA-4903_TN	5	4903_TN	9.000821	6.795043
CTAAGTGGTGGTCTAT-4903_TN	0	4903_TN	8.496117	10.228556
TCATGGAAGGGCGAAG-4903_TN	5	4903_TN	6.306605	5.4739485
AACTTCTCAGCGTTGC-4903_TN	3	4903_TN	11.547887	10.7227
TGTAACGCAGGAAGTC-4903_TN	11	4903_TN	13.540083	4.159376
GTCGTAACACCATTCC-4903_TN	3	4903_TN	11.308838	9.918838
AGACCCGTCCGGTAAT-4903_TN	3	4903_TN	10.384433	11.415326
GACAGCCGTGTGACCC-4903_TN	3	4903_TN	10.993775	11.633913
TTAATCCGTTGTGCCG-4903_TN	6	4903_TN	8.867963	8.02134
TCATACTGTGCATTAC-4903_TN	7	4903_TN	10.5605	11.904519
TAACACGGTGGTTTGT-4903_TN	3	4903_TN	9.866755	9.252285
GATTCTTTCCGTATAG-4903_TN	3	4903_TN	12.286357	9.576535
AACCTGATCCATTGGA-4903_TN	iCAF	4903_TN	10.901415	15.344326
CGGTCAGCAGAAATCA-4903_TN	5	4903_TN	7.756096	5.37339
AAAGAACGTACATACC-4903_TN	0	4903_TN	6.898151	9.797825
GAGTGTTTCTGTTGGA-4903_TN	6	4903_TN	10.46904	9.874266
TGGAACTAGCGGCTCT-4903_TN	iCAF	4903_TN	12.478647	14.414837
CGGAGAAGTTAGGGAC-4903_TN	myCAF	4903_TN	12.588598	7.293208
GTGAGTTTCGAGCTGC-4903_TN	3	4903_TN	10.9083805	12.871446
TTCCTTCCAGACGCTC-4903_TN	myCAF	4903_TN	12.595212	7.144007
TAACACGAGAGCCGTA-4903_TN	8	4903_TN	11.507635	11.183771
CCTCCTCAGGTTCAGG-4903_TN	11	4903_TN	9.814435	7.944568
TTGATGGGTCCTTTGC-4903_TN	8	4903_TN	12.937313	11.206461
ACTGTGAGTTGAGGAC-4903_TN	8	4903_TN	12.620693	11.955155
TAAGTCGGTCAAAGAT-4903_TN	myCAF	4903_TN	11.497361	6.3376045
GTCTGTCGTACAGAAT-4903_TN	myCAF	4903_TN	13.085756	8.159455
TTCGGTCCATCCTCAC-4903_TN	3	4903_TN	10.098215	10.852636
AGAGAATTCCCTTGTG-4903_TN	3	4903_TN	12.57117	10.276739
ATCGTCCTCACCGACG-4903_TN	myCAF	4903_TN	12.723215	7.819945
CTACTATTCCTACGGG-4903_TN	8	4903_TN	11.7536955	12.896212
GCAGTTACAATTCTTC-4903_TN	7	4903_TN	10.289718	12.139246
AGGCTGCAGGCCGCTT-4903_TN	8	4903_TN	13.606085	13.084334
ATGCATGCAGGCATTT-4903_TN	7	4903_TN	10.289683	11.9798155
TGCAGATAGGCGACAT-4903_TN	iCAF	4903_TN	12.033177	12.931201
TGTGCGGAGGCAATGC-4903_TN	3	4903_TN	9.8263035	10.26044
CCTACGTTCCTTCGAC-4903_TN	0	4903_TN	8.382593	10.749039
TCAGGTAGTGCAGTGA-4903_TN	8	4903_TN	12.744568	12.011737
GTCTAGATCCAACACA-4903_TN	6	4903_TN	9.334894	9.599294
AGGTTGTCAGCAGATG-4903_TN	3	4903_TN	10.440051	9.333289
TCTTGCGAGTAGCATA-4903_TN	3	4903_TN	11.263014	10.996742
CTGTAGAAGGATTACA-4903_TN	11	4903_TN	9.924829	10.573027
ATCGTAGGTTAGGCTT-4903_TN	5	4903_TN	7.36446	5.7668524
GCATGATCAGCTGAGA-4903_TN	0	4903_TN	8.9692745	10.462273
CTGCGAGTCATAGCAC-4903_TN	7	4903_TN	10.713954	11.766736
TTACTGTTCGCTCTCA-4903_TN	6	4903_TN	7.271816	8.254988
TACCTCGGTCAACCTA-4903_TN	6	4903_TN	8.885012	7.757891
AGTGATCGTATTCTCT-4903_TN	iCAF	4903_TN	12.068922	14.739325
GCCAGTGAGTTGGCGA-4903_TN	5	4903_TN	8.379937	5.1259623
TTTGTTGAGTTCCGGC-4903_TN	0	4903_TN	8.172019	10.495144
GTGCTTCCACGTACTA-4903_TN	0	4903_TN	9.224829	10.183262
ACACAGTGTCCGCAGT-4903_TN	2	4903_TN	10.026827	4.081274
ACGCACGGTCTCCTGT-4903_TN	8	4903_TN	10.765454	10.194626
CACCGTTCATCCCACT-4903_TN	3	4903_TN	11.294808	10.741477
CGCATGGTCTATCGCC-4903_TN	myCAF	4903_TN	11.3580885	6.9010315
GGGTCACCACGTACTA-4903_TN	7	4903_TN	10.620687	11.18651
AACGTCATCTACTCAT-4903_TN	iCAF	4903_TN	13.546719	13.377373
TCAAGCAGTTCAAAGA-4903_TN	iCAF	4903_TN	12.813583	13.472549
TCACATTAGCCGATTT-4903_TN	0	4903_TN	6.940323	9.907202
TGGGCTGTCGGTTCAA-4903_TN	6	4903_TN	10.120155	8.119568
AGTCAACTCCATGATG-4903_TN	8	4903_TN	10.554905	12.93146
GGCTTGGCACGGCGTT-4903_TN	myCAF	4903_TN	10.766228	8.147293
GTGCTGGCATGAAAGT-4903_TN	3	4903_TN	10.343249	8.24105
TTGGGTATCTGAGCAT-4903_TN	myCAF	4903_TN	11.62945	6.5180655
CTTCTAAGTAACCAGG-4903_TN	7	4903_TN	10.10079	12.294158
CGGAATTCAGAATTCC-4903_TN	6	4903_TN	10.336508	9.241276
TGTAACGGTAGGACCA-4903_TN	6	4903_TN	9.236166	9.670254
GTTGTCCCATTCACAG-4903_TN	5	4903_TN	8.265164	6.2441845
TCATATCGTCCTTGTC-4903_TN	iCAF	4903_TN	11.638391	14.276087
TACCCACGTGAATATG-4903_TN	iCAF	4903_TN	10.943567	15.227832
GCTACCTCAGAGTTGG-4903_TN	0	4903_TN	6.0423546	10.322694
CCTTGTGCAAGCGCAA-4903_TN	6	4903_TN	9.005981	9.006699
TACTTGTCATGGATCT-4903_TN	11	4903_TN	14.24185	5.953803
TTGTGTTTCCGTGGCA-4903_TN	5	4903_TN	8.412005	5.1372557
TCGGGACGTTCCGTTC-4903_TN	iCAF	4903_TN	11.126502	13.9639
CTCATTATCACGGGCT-4903_TN	6	4903_TN	7.902753	7.9566727
TGTCCTGAGGATCACG-4903_TN	5	4903_TN	7.3714247	5.0960803
TGAGGTTGTCGTACAT-4903_TN	3	4903_TN	10.712017	7.3360333
AACCCAAAGAGAATCT-4903_TN	7	4903_TN	9.711822	12.636572
TGACCCTGTCGTTATG-4903_TN	3	4903_TN	11.608126	9.159992
ACGCACGAGGACCCAA-4903_TN	iCAF	4903_TN	12.426725	13.797486
TTCCACGGTGCATGAG-4903_TN	3	4903_TN	10.591988	10.100328
CAGGCCAAGCTCTGTA-4903_TN	7	4903_TN	10.0611515	11.481223
TGTCCCACACTTGGCG-4903_TN	3	4903_TN	9.892885	10.810824
ATCCGTCTCGACCATA-4903_TN	7	4903_TN	10.0859375	12.187866
AGCCAATTCTCCTACG-4903_TN	5	4903_TN	7.65418	4.605536
AGATAGAGTTGTTGTG-4903_TN	myCAF	4903_TN	11.761929	6.7221484
AAGTTCGTCGTTACCC-4903_TN	5	4903_TN	7.785733	4.445141
GATGGAGGTCCATACA-4903_TN	11	4903_TN	8.654427	6.9851446
TCTTTGAAGAGCCCAA-4903_TN	3	4903_TN	11.106709	10.759718
TGTAGACGTCCAGAAG-4903_TN	0	4903_TN	5.5179863	10.055835
ATTTCACGTTTCTATC-4903_TN	iCAF	4903_TN	13.007434	14.88537
AGGTAGGTCTCGTGAA-4903_TN	7	4903_TN	10.581257	11.113044
AGGGTGACACGACGTC-4903_TN	10	4903_TN	0.4723626	6.109467
ATCGTCCGTTGTCTAG-4903_TN	11	4903_TN	9.47867	6.6480174
ACGGTCGGTTCGGCCA-4903_TN	iCAF	4903_TN	10.826742	14.971544
GGATGTTGTGGACCAA-4903_TN	0	4903_TN	7.861052	9.995502
TCATTTGAGGTACAAT-4903_TN	6	4903_TN	9.7321	8.993185
AGTGTTGTCAAGTGTC-4903_TN	myCAF	4903_TN	12.254772	7.602449
GGCTTTCTCAAAGGTA-4903_TN	6	4903_TN	8.388806	8.781488
TACGCTCAGTCTAGAA-4903_TN	6	4903_TN	7.4046454	8.456938
TGATTCTGTGTGACCC-4903_TN	iCAF	4903_TN	10.888709	14.579169
GACTGATTCCGGTTCT-4903_TN	0	4903_TN	4.771766	11.112666
GAAATGAAGTCTCCTC-4903_TN	8	4903_TN	10.529139	12.484389
GCCATGGGTAACCAGG-4903_TN	8	4903_TN	11.516768	12.121168
GAATAGAGTGTGTCCG-4903_TN	7	4903_TN	10.241686	12.754489
ATCCACCGTTACGTAC-4903_TN	5	4903_TN	7.03252	5.3923283
TTACCATGTATCAGGG-4903_TN	iCAF	4903_TN	12.846733	14.921309
CTCGAGGAGTGCGCTC-4903_TN	10	4903_TN	1.7483618	5.460562
CAAAGAATCAGTCCGG-4903_TN	5	4903_TN	6.043827	4.6303234
GCGTTTCAGATTGGGC-4903_TN	11	4903_TN	9.552273	6.318305
AGGAAATTCAGGTGTT-4903_TN	7	4903_TN	9.99715	11.22951
GGGACTCCAAGAGTAT-4903_TN	6	4903_TN	8.7644615	7.794294
CTCCACAAGGGACACT-4903_TN	6	4903_TN	9.337902	9.612528
GTACAGTTCAGCTGTA-4903_TN	5	4903_TN	8.521201	3.882197
TCCGGGAGTGCCTTCT-4903_TN	8	4903_TN	11.760819	10.432302
CCACTTGCATGAAAGT-4903_TN	myCAF	4903_TN	10.31117	8.043271
CCCTGATAGGTGATCG-4903_TN	myCAF	4903_TN	12.0398445	8.013821
TTTGGAGGTTCGATTG-4903_TN	6	4903_TN	9.545054	8.051644
CATTCTACAATGTGGG-4903_TN	myCAF	4903_TN	11.211934	8.18997
TCCTTTCTCCTACACC-4903_TN	8	4903_TN	12.481678	12.090507
TCATTGTGTTCCCAAA-4903_TN	myCAF	4903_TN	11.774693	7.2308445
AAGGAATAGTGATTCC-4903_TN	5	4903_TN	7.1933727	5.625751
TCCGAAAAGGGTGAAA-4903_TN	11	4903_TN	13.903766	8.430963
GCTTCACGTCCAAATC-4903_TN	3	4903_TN	10.408777	8.489635
TATTTCGCACAAGTTC-4903_TN	3	4903_TN	10.216957	9.888077
AGGGCCTCAAGCAGGT-4903_TN	3	4903_TN	10.8832	10.171874
ACATTTCAGCTGACCC-4903_TN	11	4903_TN	9.43095	6.871519
TTTGTTGAGTTGCCTA-4903_TN	8	4903_TN	12.295815	12.560134
CGTAGTAGTCACTCTC-4903_TN	3	4903_TN	12.374947	11.861275
TCGCTTGAGTAACGAT-4903_TN	7	4903_TN	10.330519	12.043189
CCCTCTCGTAGGCAAC-4903_TN	5	4903_TN	5.944671	4.3950024
CTAAGTGGTTTGAACC-4903_TN	0	4903_TN	7.39628	10.275167
TGATTTCAGAATCGTA-4903_TN	0	4903_TN	6.80078	9.797337
ATCGTCCGTCTGTGAT-4903_TN	myCAF	4903_TN	13.470393	6.0492325
TCATACTCATAAGCGG-4903_TN	iCAF	4903_TN	12.277022	14.918311
GTCTTTAGTGAGATAT-4903_TN	myCAF	4903_TN	13.16904	6.876664
GAGGGTACAGCCTTCT-4903_TN	myCAF	4903_TN	12.916715	7.3751874
GGTGTTATCTCCTGTG-4903_TN	8	4903_TN	11.726418	12.323072
ACTACGACATGGGCAA-4903_TN	7	4903_TN	10.057457	11.768566
TGTTGAGGTCTGATCA-4903_TN	3	4903_TN	10.055784	11.687784
TACACCCAGTTCATCG-4903_TN	0	4903_TN	8.886332	10.675857
AAACGCTCAGGGACTA-4903_TN	5	4903_TN	7.82491	6.1546974
GACCCTTTCCACACAA-4903_TN	3	4903_TN	10.130803	9.897364
CAAGCTAGTACGAGCA-4903_TN	10	4903_TN	1.8964925	4.5412216
GAGAGGTTCGCAGATT-4903_TN	5	4903_TN	7.854759	5.449093
CGAATTGGTGACACAG-4903_TN	iCAF	4903_TN	12.263013	13.842867
TTTCAGTGTTAGAGTA-4903_TN	8	4903_TN	11.29206	13.215313
GAATCACAGACAGCGT-4903_TN	iCAF	4903_TN	11.796276	12.654325
CTGAGCGAGGATAATC-4903_TN	3	4903_TN	10.841485	7.4407988
TATACCTTCCACACAA-4903_TN	3	4903_TN	11.052101	10.056279
CGTAAGTGTTATGGTC-4903_TN	3	4903_TN	11.252111	11.619713
TAATCTCAGTCGAAGC-4903_TN	7	4903_TN	9.685516	11.134286
GTTACAGGTAGAGATT-4903_TN	11	4903_TN	12.496511	8.691788
ACTTCCGCAGGACTTT-4903_TN	3	4903_TN	12.756239	11.637062
AGGCTGCAGCTTTCTT-4903_TN	5	4903_TN	7.8972363	4.4775805
TAGCACACACCGTGGT-4903_TN	8	4903_TN	11.765829	10.841663
ATTATCCGTACCAATC-4903_TN	11	4903_TN	14.508986	7.9387784
CTCCGATTCGAGCCTG-4903_TN	3	4903_TN	10.573007	10.502735
AGGGCTCTCGATCCAA-4903_TN	7	4903_TN	9.813845	10.766715
TTACGTTGTGAGTGAC-4903_TN	0	4903_TN	8.750954	10.925772
ATTGTTCGTGTCCCTT-4903_TN	iCAF	4903_TN	11.800365	13.079561
GCCTGTTCACATTGTG-4903_TN	myCAF	4903_TN	11.301008	6.891081
GCCGATGCAAACGTGG-4903_TN	0	4903_TN	5.491629	10.588484
TACAGGTTCCGTACGG-4903_TN	iCAF	4903_TN	12.52562	14.618196
TTTACGTCACGTACAT-4903_TN	3	4903_TN	12.187041	9.8994
TAAGCACTCGATAACC-4903_TN	7	4903_TN	9.938369	12.057225
GTCATCCAGCACTAGG-4903_TN	3	4903_TN	10.776143	9.413212
ATGCATGGTTGTCCCT-4903_TN	3	4903_TN	10.391995	8.396344
TCGACGGAGTGCACTT-4903_TN	myCAF	4903_TN	12.482736	6.901897
GTGTAACAGAGTCTGG-4903_TN	8	4903_TN	8.646222	10.198359
GCTTCACGTAGATTAG-4903_TN	0	4903_TN	9.124004	11.588219
CGTTCTGCACCTGCGA-4903_TN	myCAF	4903_TN	12.23485	6.984385
CTCCAACCAGCACAAG-4903_TN	7	4903_TN	10.242088	11.720363
CTGCATCCAACCGATT-4903_TN	iCAF	4903_TN	11.4807825	12.2908945
CAGATCACAATCAGCT-4903_TN	iCAF	4903_TN	10.680082	15.243298
TTTCAGTCATCGGTTA-4903_TN	10	4903_TN	2.3647814	5.3707867
TACCGAAAGTCGAAAT-4903_TN	0	4903_TN	5.589084	10.797748
CTCCACAAGCCTAACT-4903_TN	0	4903_TN	7.793009	10.048498
ACTGTGAGTTTGAAAG-4903_TN	7	4903_TN	8.923746	11.994658
TCCGGGAAGAACGCGT-4903_TN	2	4903_TN	10.253133	4.3214154
AGTGCCGAGCCTGAAG-4903_TN	iCAF	4903_TN	12.43229	13.493064
GAAGGGTTCGCTACGG-4903_TN	iCAF	4903_TN	10.514767	15.203707
ACTTATCGTTAGGCTT-4903_TN	6	4903_TN	7.3278866	8.9049835
CAGGCCAAGAGATGCC-4903_TN	3	4903_TN	11.5226555	10.133824
CCTATCGAGGCTGTAG-4903_TN	6	4903_TN	9.357942	9.181033
CGAGAAGGTAATTGGA-4903_TN	6	4903_TN	8.312994	8.978098
CATTCATGTTTCCCAC-4903_TN	myCAF	4903_TN	12.069573	5.2181816
CGGGTCATCACATACG-4903_TN	6	4903_TN	9.743534	8.46201
TGCTTGCGTACAGTCT-4903_TN	6	4903_TN	6.90639	9.298424
CCTCTAGGTCCGGCAT-4903_TN	0	4903_TN	5.284271	11.881773
ATTCTTGTCTGGCCGA-4903_TN	5	4903_TN	9.194568	5.56153
TCGGGTGTCAGCTGAT-4903_TN	0	4903_TN	6.0747733	11.083407
TGCGACGGTGTAGTGG-4903_TN	3	4903_TN	10.530681	10.485037
ATGGATCGTCCTCATC-4903_TN	myCAF	4903_TN	11.140952	7.6303325
GCGGATCGTAGTCACT-4903_TN	3	4903_TN	10.8408575	10.073859
GATTTCTTCACTTATC-4903_TN	3	4903_TN	10.769764	10.09399
TTACGCCCATTGCTGA-4903_TN	6	4903_TN	8.291788	9.194137
AGAACAATCATGAGGG-4903_TN	iCAF	4903_TN	12.511802	13.359426
CTACGGGTCATTGTTC-4903_TN	3	4903_TN	12.550035	10.00871
CCCTGATTCAGCCTCT-4903_TN	0	4903_TN	8.437516	12.581089
ACTCCCATCGCTTACC-4903_TN	iCAF	4903_TN	10.211112	14.410658
GCCAACGCACATATGC-4903_TN	8	4903_TN	13.374067	13.179655
ACGTAACGTGGCAGAT-4903_TN	apCAF	4903_TN	7.8538547	-0.000806446
TGGTTAGGTCTCGACG-4903_TN	myCAF	4903_TN	12.644731	8.045813
TATGTTCTCGACACCG-4903_TN	6	4903_TN	9.39773	9.881349
GAAATGATCAGTGTGT-4903_TN	iCAF	4903_TN	11.397309	13.416239
GTTGCTCCACCTATCC-4903_TN	5	4903_TN	8.878541	3.9523861
TCTCACGCATGTCTAG-4903_TN	6	4903_TN	8.96607	9.607011
GTCTTTAAGGCAGGTT-4903_TN	5	4903_TN	8.076723	2.9813561
ATGGATCGTACTAACC-4903_TN	0	4903_TN	8.960286	12.29314
AGCCACGAGCAAATGT-4903_TN	2	4903_TN	10.893098	3.2537968
CCAATGACAAACGAGC-4903_TN	7	4903_TN	9.078631	10.943763
GGTTGTAGTCCTACAA-4903_TN	6	4903_TN	10.200051	8.949195
ACCTGTCAGCAGGCAT-4903_TN	8	4903_TN	11.588318	12.941018
TTCTGTAGTTGCTCAA-4903_TN	7	4903_TN	9.774691	12.61649
AACCCAAAGTGCTAGG-4903_TN	8	4903_TN	10.812214	12.804879
GCACATAAGACATAAC-4903_TN	0	4903_TN	7.430999	11.570391
TGTGTGAAGATAACAC-4903_TN	3	4903_TN	9.802144	8.657145
CCATCACGTACTGAGG-4903_TN	3	4903_TN	10.790455	9.856082
AATAGAGGTCAGTCCG-4903_TN	iCAF	4903_TN	11.499089	13.594697
TCCGTGTGTGACCGAA-4903_TN	3	4903_TN	12.014861	10.545606
TGATTCTTCTATCGCC-4903_TN	apCAF	4903_TN	8.025795	-0.84571904
CCTGCATCATGACCCG-4903_TN	6	4903_TN	8.243583	8.330343
ACGTTCCAGAAGCGGG-4903_TN	iCAF	4903_TN	11.810602	12.7580385
CGTGTCTTCAAGTTGC-4903_TN	3	4903_TN	11.443474	9.304331
CTTACCGGTCTCCTGT-4903_TN	6	4903_TN	7.2413282	9.213437
TACCGGGAGCCTCTTC-4903_TN	0	4903_TN	5.615393	10.606925
CCTCCTCTCCTAGCTC-4903_TN	8	4903_TN	11.064074	12.592651
AACAACCTCAGGACAG-4903_TN	0	4903_TN	5.126735	12.271758
GGAGCAAGTGACAGGT-4903_TN	iCAF	4903_TN	11.39506	13.764658
GGTTAACCACGACTAT-4903_TN	11	4903_TN	9.425885	7.585214
GGACGTCCAGAACTAA-4903_TN	6	4903_TN	9.017385	9.271392
ATAGACCAGTAGACCG-4903_TN	0	4903_TN	9.460102	9.818557
CTAAGTGAGCTAGCCC-4903_TN	3	4903_TN	10.991788	12.480756
CTCATCGGTTAAAGTG-4903_TN	iCAF	4903_TN	11.462212	15.544782
GGAATGGCAACAACAA-4903_TN	7	4903_TN	10.039073	12.566996
GTAATCGCAGAGTCAG-4903_TN	6	4903_TN	9.210076	9.067636
TAACCAGCATCGTCCT-4903_TN	iCAF	4903_TN	10.717434	15.094569
CTCCAACGTGGGAGAG-4903_TN	11	4903_TN	14.093526	6.9467087
ATTATCCTCGATACGT-4903_TN	11	4903_TN	13.739306	7.4731145
TTTGATCTCAAGGTGG-4903_TN	3	4903_TN	10.838953	10.06165
CTGCCATAGATTGAGT-4903_TN	3	4903_TN	10.527193	8.60809
TGTGCGGTCCTACGAA-4903_TN	5	4903_TN	7.1846967	4.394855
AAACGCTGTCATCGCG-4903_TN	7	4903_TN	8.903811	11.707913
TGAGCATCAGAGGCAT-4903_TN	8	4903_TN	13.870835	13.978562
TTCTAACGTAGCGAGT-4903_TN	0	4903_TN	6.073155	9.731443
TGGATCAAGGCATGGT-4903_TN	0	4903_TN	5.8735385	11.932609
GTCGCGAGTGTTCAGT-4903_TN	myCAF	4903_TN	11.098585	7.9721975
TTGGTTTTCTGATGGT-4903_TN	7	4903_TN	9.032791	11.5819025
GCTCAAAGTCCCTCAT-4903_TN	5	4903_TN	7.8232427	5.399842
ACCATTTGTCACGCTG-4903_TN	iCAF	4903_TN	11.463672	14.8406315
AGTCAACTCTACTCAT-4903_TN	6	4903_TN	7.2249155	8.809436
CCTTCAGAGATGACAT-4903_TN	3	4903_TN	10.033538	9.366241
TTGATGGCAAACAGGC-4903_TN	3	4903_TN	11.044375	11.191239
CACTTCGTCTGCAGCG-4903_TN	3	4903_TN	10.278746	10.348901
TGCGACGAGGTAAGGA-4903_TN	0	4903_TN	4.95237	11.130161
TTGGGATGTAAGGTCG-4903_TN	iCAF	4903_TN	11.264123	13.713902
CAGTTCCCAGGTACGA-4903_TN	0	4903_TN	5.4888864	11.049183
CAGGGCTTCTATCCAT-4903_TN	5	4903_TN	8.864523	5.896258
TTCTAGTTCTCTGAGA-4903_TN	7	4903_TN	11.230555	11.9386015
TTGTGGACAAGTGTCT-4903_TN	iCAF	4903_TN	11.43008	14.44361
GGAGCAATCTGTCCCA-4903_TN	7	4903_TN	9.707301	10.352049
GATAGAAAGGACAACC-4903_TN	iCAF	4903_TN	11.536761	13.883783
AGCTACAGTCTCGGAC-4903_TN	6	4903_TN	7.6455197	8.819819
CTTCGGTTCAAGGCTT-4903_TN	7	4903_TN	10.460485	11.529895
TGACGCGTCATCCTGC-4903_TN	0	4903_TN	5.8377223	10.154319
GCAGCTGCAGCCCAGT-4903_TN	8	4903_TN	10.611324	13.577623
TTGCATTTCCCACAGG-4903_TN	7	4903_TN	10.712979	10.909272
GCGAGAACACACGCCA-4903_TN	8	4903_TN	9.7309885	12.56444
CGAAGTTTCATTTACC-4903_TN	8	4903_TN	11.781142	12.291471
TTACGCCGTGGCTAGA-4903_TN	7	4903_TN	10.880178	11.660554
CGGGCATAGGTAAGGA-4903_TN	11	4903_TN	10.143584	6.4262075
TGTTCCGGTCTCGGAC-4903_TN	6	4903_TN	8.272563	7.663832
ATCTCTAAGGGTACAC-4903_TN	8	4903_TN	10.977275	11.013505
CTGCCTAGTACGCTAT-4903_TN	3	4903_TN	11.635892	10.812711
GGGCTACCATGAGATA-4903_TN	3	4903_TN	10.595247	11.303813
CTGAGGCTCAAACTGC-4903_TN	5	4903_TN	7.4504113	4.886004
CTGCTCAGTCGTACAT-4903_TN	3	4903_TN	10.424011	8.682524
ATGGATCAGGGTTAAT-4903_TN	5	4903_TN	8.568311	5.4346466
GGTCACGAGCGAGTCA-4903_TN	10	4903_TN	1.5435116	5.7539434
CAGTTAGGTCCAGGTC-4903_TN	2	4903_TN	9.760429	4.505648
CTCAACCCAGTTTCGA-4903_TN	3	4903_TN	9.992231	8.584018
CGTAAGTGTAAGGTCG-4903_TN	3	4903_TN	11.531767	11.54125
GGGTGTCCACCAGCCA-4903_TN	10	4903_TN	1.1024115	5.5946574
CTTCAATCACAAAGCG-4903_TN	iCAF	4903_TN	10.369318	14.888248
GTGTCCTCATCGTCCT-4903_TN	5	4903_TN	6.5603027	4.9871864
CGGGACTAGTCACTCA-4903_TN	iCAF	4903_TN	12.498182	14.966164
GGGATGAAGAGGCCAT-4903_TN	0	4903_TN	7.8191004	11.40656
TCAGTTTGTTTCGACA-4903_TN	6	4903_TN	9.26235	9.288308
CACTGGGTCGACGATT-4903_TN	8	4903_TN	13.172125	13.264616
CCTCAGTGTTTAGAGA-4903_TN	11	4903_TN	13.754861	5.6865
CCTCATGCACAAAGTA-4903_TN	iCAF	4903_TN	13.529016	14.903734
TTTCAGTCAGTTGGTT-4903_TN	5	4903_TN	7.931324	4.6050644
AGTTCGAGTTTCGTTT-4903_TN	5	4903_TN	7.951832	5.5710564
TCAATCTAGGGTTAGC-4903_TN	6	4903_TN	7.715398	7.8952875
CGGACACAGAGAGAAC-4903_TN	7	4903_TN	10.164998	10.972856
CCGTTCAGTACAGCGA-4903_TN	6	4903_TN	9.32787	9.478296
ATTCCATAGCGATGGT-4903_TN	6	4903_TN	9.087267	9.235867
TTCCTAATCATTCGGA-4903_TN	2	4903_TN	10.552724	4.1234803
GCGTGCAAGGACTAAT-4903_TN	8	4903_TN	11.977358	11.924954
ACTTTGTGTGGAGAAA-4903_TN	7	4903_TN	8.671293	11.701269
ATTCCATCATGGGATG-4903_TN	0	4903_TN	8.221926	10.196256
GACATCATCCGTTGGG-4903_TN	3	4903_TN	10.155137	9.963743
GTAGATCAGGCTTCCG-4903_TN	8	4903_TN	13.610175	12.996856
AGACTCACAGTATTCG-4903_TN	myCAF	4903_TN	13.368236	6.3856187
AAGTACCGTAGCTGAG-4903_TN	7	4903_TN	9.674409	11.71004
TGAATCGCAGTGACCC-4903_TN	3	4903_TN	8.908396	13.808395
TATTGCTGTACAGTAA-4903_TN	0	4903_TN	9.234909	9.998267
ATGACCAGTTGGTGTT-4903_TN	myCAF	4903_TN	11.524092	5.820894
CATCCCAGTTCGATTG-4903_TN	6	4903_TN	7.8189197	7.8722143
TTTGACTGTCCCACGA-4903_TN	11	4903_TN	13.634693	3.0652182
CTCCAACCATAATGAG-4903_TN	5	4903_TN	8.834909	5.276241
GATCACATCTGAGCAT-4903_TN	6	4903_TN	7.9414387	8.674886
ACGGTTATCGAGCCTG-4903_TN	3	4903_TN	10.086936	9.137691
GACGCTGAGAAGGTAG-4903_TN	iCAF	4903_TN	12.376312	13.5047035
TTTCCTCGTACTAACC-4903_TN	iCAF	4903_TN	12.377511	14.705524
TCAGGGCCAGAACTCT-4903_TN	7	4903_TN	10.645002	11.546868
AGCGTATGTTGACGGA-4903_TN	3	4903_TN	9.706769	9.89643
ATGCCTCGTGTGTCGC-4903_TN	3	4903_TN	11.735698	8.754948
CTACATTCATGGCACC-4903_TN	5	4903_TN	5.8408093	4.683271
TTCTTCCCACAGTCCG-4903_TN	8	4903_TN	12.337907	13.0954275
CTCAACCCAGCAAGAC-4903_TN	0	4903_TN	5.0068636	10.757792
ACTTATCGTTGTAAAG-4903_TN	iCAF	4903_TN	13.13571	13.366904
CGAAGTTCACCGGTCA-4903_TN	8	4903_TN	12.027153	12.511247
AAAGGGCTCGGACCAC-4903_TN	6	4903_TN	7.579094	7.968156
TTACCGCGTGCCCGTA-4903_TN	11	4903_TN	14.268518	8.559413
ACGTAACAGGGCAAGG-4903_TN	0	4903_TN	5.7321234	9.9972925
TTCTAGTTCCACGTGG-4903_TN	8	4903_TN	13.307253	13.302843
CCGAACGTCAATCCAG-4903_TN	7	4903_TN	10.093959	11.3608055
TCATGAGAGATACATG-4903_TN	8	4903_TN	12.213723	12.920398
AGTAACCCAGGTGAGT-4903_TN	apCAF	4903_TN	9.120973	-0.52176714
AACGGGACAAGTATAG-4903_TN	6	4903_TN	7.645424	9.121346
AGCGATTAGGTCCTGC-4903_TN	3	4903_TN	9.907556	10.805423
AGACAGGTCCACTTTA-4903_TN	3	4903_TN	10.192967	12.438496
GACGCTGAGTAGAGTT-4903_TN	8	4903_TN	9.352202	11.68017
GTCAAGTCAAGCGAAC-4903_TN	myCAF	4903_TN	12.190999	7.5163326
TCATCCGGTGGCTGAA-4903_TN	5	4903_TN	7.649836	5.9931307
ATCACAGTCGGATTAC-4903_TN	3	4903_TN	10.232999	11.480141
TCAATTCTCTCGAACA-4903_TN	0	4903_TN	8.052376	11.208046
ACGATGTTCCATTGGA-4903_TN	0	4903_TN	7.2798185	10.092246
GGGTGTCGTAAGTTGA-4903_TN	3	4903_TN	10.616007	8.631292
CTACATTGTTAGGGTG-4903_TN	6	4903_TN	8.46013	8.9489975
CTGGCAGGTTGGCTAT-4903_TN	0	4903_TN	5.997022	11.765462
CGGGACTAGAGACAAG-4903_TN	8	4903_TN	12.021594	12.30585
AATAGAGGTGGACTAG-4903_TN	0	4903_TN	8.360399	12.426457
CTGCCATCAGGGTTGA-4903_TN	11	4903_TN	13.464605	4.5398
AGGAGGTAGACCAAAT-4903_TN	11	4903_TN	13.645368	3.0784714
CATGCCTCAAACTCTG-4903_TN	6	4903_TN	7.598189	8.197525
CGCATAAAGGGTGGGA-4903_TN	3	4903_TN	11.912313	10.803606
GGCGTCAGTGTGGTCC-4903_TN	5	4903_TN	6.816578	4.49568
CTGTATTAGTATCTGC-4903_TN	6	4903_TN	7.230839	9.09469
GGAGGTAGTGTTAACC-4903_TN	0	4903_TN	6.633497	11.893082
TTCCTCTCATTCACCC-4903_TN	0	4903_TN	7.1574535	12.421136
TGCAGATGTTCCGGTG-4903_TN	11	4903_TN	14.1885805	6.094146
TGTTCCGAGATTGATG-4903_TN	11	4903_TN	14.036333	3.838714
GACTTCCGTGATTCAC-4903_TN	8	4903_TN	12.386395	11.945958
CCCTCAAGTACGATCT-4903_TN	8	4903_TN	13.117279	11.75983
CTACATTAGTGGTGAC-4903_TN	3	4903_TN	10.584287	11.880649
TGATTTCCAGGCAATG-4903_TN	0	4903_TN	5.4857264	10.458355
GAGATGGTCGGTAAGG-4903_TN	0	4903_TN	8.143761	10.211386
TAATCTCTCTCAACCC-4903_TN	3	4903_TN	11.780095	11.610503
CATCCCACATTGAAAG-4903_TN	5	4903_TN	6.9440966	4.4637938
AGGAATAAGTGCACCC-4903_TN	myCAF	4903_TN	11.814315	7.500221
ATCACTTCACTGAGGA-4903_TN	iCAF	4903_TN	11.655824	13.487057
CTCAAGAAGTACAACA-4903_TN	0	4903_TN	8.874314	11.881909
GAACGTTTCCGTTGGG-4903_TN	iCAF	4903_TN	12.571031	14.168771
GGTTCTCGTTAAGGGC-4903_TN	3	4903_TN	11.377245	11.893836
GAGTCTAGTACAAGCG-4903_TN	0	4903_TN	8.516134	10.407593
AGCCAGCCAAAGCAAT-4903_TN	5	4903_TN	7.3178577	4.8681765
CAACGATGTGTTACTG-4903_TN	6	4903_TN	8.477332	7.83817
CATTCCGCAGAGTTCT-4903_TN	0	4903_TN	4.9146824	10.478935
CATCGGGAGCGAATGC-4903_TN	iCAF	4903_TN	12.042035	13.978773
CTATAGGCAAAGGGCT-4903_TN	iCAF	4903_TN	11.283165	15.120286
AGATAGAGTTGAGAGC-4903_TN	8	4903_TN	11.974081	12.134071
TTGCATTTCGAGATAA-4903_TN	11	4903_TN	14.023169	9.056257
ATTACCTAGCATGTTC-4903_TN	0	4903_TN	7.24094	11.353615
TGCTTGCCAACAAGAT-4903_TN	11	4903_TN	10.516155	5.2027173
TTTGACTTCTCCCTAG-4903_TN	6	4903_TN	8.929229	8.088159
GGGAGTAGTTTCGATG-4903_TN	myCAF	4903_TN	11.244401	8.042586
GACGTTAAGTGCTACT-4903_TN	0	4903_TN	7.7766075	10.146438
CTCCAACTCAACCGAT-4903_TN	8	4903_TN	12.050338	12.262021
TTTGGTTAGCGTCAGA-4903_TN	6	4903_TN	9.018353	9.630052
TCTCCGAGTTGCATCA-4903_TN	8	4903_TN	11.775809	10.977416
CTCCTCCAGACTTCCA-4903_TN	0	4903_TN	5.400011	10.474354
GAGGGTATCCCGTTGT-4903_TN	6	4903_TN	8.443905	8.871666
GATCGTACACGGTGCT-4903_TN	7	4903_TN	10.468573	13.497593
TAACTTCCATTCGATG-4903_TN	8	4903_TN	11.54489	11.693133
ACGATGTCAATCGCAT-4903_TN	3	4903_TN	11.54132	10.915091
TCTATACCAGCTCGGT-4903_TN	3	4903_TN	9.7347	9.827659
CGGGCATGTTACCTTT-4903_TN	3	4903_TN	10.827097	9.646253
CTAGGTATCAGCCCAG-4903_TN	myCAF	4903_TN	10.988938	7.585672
TTTGGAGTCTGCGGAC-4903_TN	3	4903_TN	10.489335	12.292756
CAGCACGGTCTCAGGC-4903_TN	5	4903_TN	6.621491	4.941561
GCGGAAATCTCGTGGG-4903_TN	3	4903_TN	11.119245	9.931099
ATGATCGAGACATCCT-4903_TN	0	4903_TN	7.307275	10.003924
GTTTACTGTACTGGGA-4903_TN	6	4903_TN	8.204316	7.745707
TCTACCGCACAGAAGC-4903_TN	iCAF	4903_TN	12.574002	15.03869
TTTGTTGGTGAGGAAA-4903_TN	7	4903_TN	8.970615	11.819735
TGTAAGCCAGTTAGGG-4903_TN	myCAF	4903_TN	13.133496	5.872661
ATACCGATCCATTCGC-4903_TN	10	4903_TN	1.5245782	4.8325944
TCGGTCTAGGCTCAAG-4903_TN	0	4903_TN	5.2826247	11.55069
TGTAAGCCAGACCAGA-4903_TN	5	4903_TN	6.3108697	5.4222717
CGTGTCTCAATGGGTG-4903_TN	myCAF	4903_TN	11.59299	7.758819
CTCGAGGGTACCAGAG-4903_TN	0	4903_TN	8.874946	10.532897
CGGGCATTCAGAACCT-4903_TN	8	4903_TN	13.962272	13.553502
CCACCATGTAGGTGCA-4903_TN	3	4903_TN	10.498678	10.514767
GTAGCTAAGATTTGCC-4903_TN	5	4903_TN	6.9707475	5.7641864
CGAAGGAGTCCTGAAT-4903_TN	9	4903_TN	7.8416967	13.631207
CGATCGGAGACGGATC-4903_TN	3	4903_TN	10.796094	10.695954
ATGATCGAGGAAAGTG-4903_TN	7	4903_TN	10.180808	12.107656
TCTTCCTTCGCCGAAC-4903_TN	7	4903_TN	9.498151	11.817753
AGGTTGTTCGTCAACA-4903_TN	0	4903_TN	6.5293226	10.448658
GGGATCCGTAGGTGCA-4903_TN	0	4903_TN	6.216689	11.699081
CATGAGTAGCTAGATA-4903_TN	9	4903_TN	5.730704	15.891048
TTCTTCCTCGTTCAGA-4903_TN	iCAF	4903_TN	13.650815	13.315565
GCTGAATCAGGGAGAG-4903_TN	6	4903_TN	7.320184	8.137136
CGGGACTGTCCGCAGT-4903_TN	11	4903_TN	10.902862	5.5348463
TGTAGACCATAAGATG-4903_TN	iCAF	4903_TN	9.356857	14.435347
AGTTCGAGTCGAGTTT-4903_TN	7	4903_TN	10.302404	13.014109
AGTTAGCGTTATAGAG-4903_TN	5	4903_TN	7.996352	6.202881
GCATCGGCATGACTGT-4903_TN	0	4903_TN	8.49528	11.17044
GTTGCTCAGTTTCAGC-4903_TN	8	4903_TN	11.942586	11.480187
GCCATGGCACGTCATA-4903_TN	myCAF	4903_TN	13.226446	7.0757666
CTTAGGAGTGTTGATC-4903_TN	iCAF	4903_TN	10.818065	13.414431
GTGGGAATCAAACTGC-4903_TN	myCAF	4903_TN	13.341322	5.2043514
GGAGATGAGTCGCCAC-4903_TN	6	4903_TN	8.313297	8.0225
AAACGCTGTCAGGAGT-4903_TN	0	4903_TN	7.511276	10.340691
TGTGATGTCTTCTGGC-4903_TN	3	4903_TN	11.668298	11.18619
ATCCTATAGGAGAGGC-4903_TN	iCAF	4903_TN	12.475368	15.188722
CGTGCTTGTGGATCAG-4903_TN	6	4903_TN	9.278931	9.277413
ATGGGAGGTATGGTAA-4903_TN	5	4903_TN	8.929232	6.331143
TTCTCTCTCTCTCCGA-4903_TN	6	4903_TN	6.7973623	8.138597
ATTGTTCCAGTCGTTA-4903_TN	5	4903_TN	6.856228	3.9062254
ACCCTCATCGTGGCTG-4903_TN	0	4903_TN	7.214462	11.467136
GTGGCGTTCGCCAGAC-4903_TN	2	4903_TN	9.798503	3.3733132
TGGGAAGCAGCGCGTT-4903_TN	0	4903_TN	6.907993	9.2792
TTACCATTCAATCGGT-4903_TN	7	4903_TN	9.446584	11.329893
GTGGCGTAGCTAAACA-4903_TN	iCAF	4903_TN	10.635441	15.072597
GATGGAGTCGAGTCTA-4903_TN	8	4903_TN	11.787943	12.524226
AACCAACCACCCTGAG-4903_TN	iCAF	4903_TN	12.487466	14.80734
GTGCGTGGTTCGTACA-4903_TN	5	4903_TN	7.0526843	4.31754
ATAGACCGTCAAGTTC-4903_TN	3	4903_TN	10.514459	9.228992
AACTTCTTCTGGCCAG-4903_TN	iCAF	4903_TN	11.7200365	13.662532
AGTGCCGAGTAAGAGG-4903_TN	7	4903_TN	8.543654	11.378259
CACATGATCCCGAGTG-4903_TN	0	4903_TN	4.9758463	11.160193
ACGATGTTCAGCAGAG-4903_TN	0	4903_TN	9.129304	10.991772
GTCTTTACAGAACCGA-4903_TN	10	4903_TN	0.57724667	5.7518153
CTTCCTTAGAGTGAAG-4903_TN	0	4903_TN	7.026847	10.267668
AGGCATTCAGTCAGTT-4903_TN	myCAF	4903_TN	13.620105	6.3848224
GCATGATGTGGAACCA-4903_TN	myCAF	4903_TN	12.457247	8.165213
TACGCTCGTGACAGGT-4903_TN	5	4903_TN	7.900593	6.212744
AGAAATGTCAGTGGGA-4903_TN	8	4903_TN	11.572976	12.903856
TTCAATCTCTTCACAT-4903_TN	iCAF	4903_TN	13.399142	14.991131
GACGTTAGTACGAGTG-4903_TN	3	4903_TN	9.4119425	11.139304
GGGACTCCAGCATGCC-4903_TN	3	4903_TN	10.399611	9.776599
TCTGGCTTCCGGGACT-4903_TN	iCAF	4903_TN	12.344299	14.39703
TTCACGCCACAGCATT-4903_TN	3	4903_TN	10.204164	10.231937
TATTGGGCAACTAGAA-4903_TN	3	4903_TN	10.532947	11.824685
ACAAGCTTCGATGCTA-4903_TN	5	4903_TN	8.03899	4.728193
ATCCGTCAGTAACCGG-4903_TN	7	4903_TN	9.471924	12.455744
ATTACCTCATACGCAT-4903_TN	0	4903_TN	7.041684	12.455464
GGAACCCGTCTTCCGT-4903_TN	8	4903_TN	11.743897	11.769479
GTGACGCAGCCGAATG-4903_TN	5	4903_TN	7.757167	5.792866
TAATCTCCAAGTCATC-4903_TN	myCAF	4903_TN	11.759003	6.7239666
CCGTAGGAGCTAGAGC-4903_TN	8	4903_TN	12.971652	11.007084
TCCCACACAGCAATTC-4903_TN	iCAF	4903_TN	12.968527	15.144567
CATAAGCCACAATTCG-4903_TN	2	4903_TN	9.471324	3.4396703
GAGACCCGTCCGACGT-4903_TN	7	4903_TN	9.839216	12.999044
GTACAACGTTCCGCGA-4903_TN	8	4903_TN	13.661784	13.454855
GTTAGTGTCTTCCACG-4903_TN	3	4903_TN	11.412996	10.924946
TGTCCCATCCATAGGT-4903_TN	iCAF	4903_TN	12.734179	14.630721
AAACCCACAGAGGGTT-4903_TN	6	4903_TN	9.425684	9.117995
CTTCCTTCAAAGAGTT-4903_TN	8	4903_TN	12.97529	12.841195
AAGTTCGAGCCTATCA-4903_TN	iCAF	4903_TN	12.883507	14.042667
TGCTGAAGTACAGTAA-4903_TN	8	4903_TN	12.138661	10.467643
GCCATTCAGTCACACT-4903_TN	8	4903_TN	12.148822	12.755263
TCACTCGAGAGCACTG-4903_TN	8	4903_TN	11.866932	11.447261
CTTCCGATCGCCTTTG-4903_TN	iCAF	4903_TN	12.075604	15.104884
AGGACGATCGAAACAA-4903_TN	iCAF	4903_TN	13.668665	13.820758
TCTCACGAGCCATCCG-4903_TN	3	4903_TN	12.440597	11.251296
TATTGCTTCGCTGTTC-4903_TN	6	4903_TN	8.163737	8.4506645
GCGGAAAAGGACAGTC-4903_TN	0	4903_TN	7.2108603	9.9144
GGATCTACACGCCACA-4903_TN	0	4903_TN	7.4775925	9.894721
CCATAAGTCATCGACA-4903_TN	2	4903_TN	10.747359	2.0645685
TAGAGTCTCTCCGAGG-4903_TN	iCAF	4903_TN	12.822905	14.44829
TCGGGTGGTTGGCTAT-4903_TN	7	4903_TN	9.634057	11.018969
GCACGGTCACCAAAGG-4903_TN	myCAF	4903_TN	12.043176	6.143595
GTTACAGAGGCTGTAG-4903_TN	8	4903_TN	11.407469	13.100626
GGCTGTGAGAGCAGAA-4903_TN	iCAF	4903_TN	12.244156	14.935006
GTGGAAGAGTTGCATC-4903_TN	iCAF	4903_TN	11.576019	13.232479
TCAAGACCAGTCAACT-4903_TN	8	4903_TN	13.818288	13.777927
ACAAAGAGTGAACGGT-4903_TN	8	4903_TN	11.785206	12.485778
AAAGTGAGTCGGATTT-4903_TN	3	4903_TN	11.13754	9.156001
ACAGCCGTCCGCAACG-4903_TN	0	4903_TN	7.9738126	10.38643
AATGAAGAGGAATGTT-4903_TN	5	4903_TN	7.586219	4.9998693
GCATGATTCATTCGGA-4903_TN	8	4903_TN	9.032525	11.984234
AGTGATCGTTGATCGT-4903_TN	11	4903_TN	13.819099	8.599247
TCTCTGGCAATCCTAG-4903_TN	8	4903_TN	14.080681	13.86347
TCATGTTAGAAGTGTT-4903_TN	8	4903_TN	12.14452	12.692204
CTCAAGAAGAATAACC-4903_TN	7	4903_TN	10.5659485	13.798757
TGCAGTATCTTACACT-4903_TN	0	4903_TN	5.2144547	12.132485
GCAGCTGGTGGTTTAC-4903_TN	11	4903_TN	13.690018	9.051253
ACTTTGTAGGCGAAGG-4903_TN	8	4903_TN	11.40923	12.323621
CATCGTCTCAAGGCTT-4903_TN	0	4903_TN	5.3987727	10.478943
TGTTACTGTTGTGCCG-4903_TN	5	4903_TN	9.056918	6.372169
AGTAGCTCAGTTCACA-4903_TN	iCAF	4903_TN	12.273484	14.410045
TTCACCGTCGGTGAAG-4903_TN	0	4903_TN	7.8280125	10.550096
CTGAGCGCAGGCGAAT-4903_TN	0	4903_TN	8.794745	11.896638
GGGTCACTCGTCAAAC-4903_TN	3	4903_TN	11.245566	9.189368
CTCCTTTTCCAAGCAT-4903_TN	myCAF	4903_TN	11.861586	8.036377
GTTACGACAAATGGAT-4903_TN	8	4903_TN	11.89087	12.431532
TTGAACGCACTCGATA-4903_TN	iCAF	4903_TN	10.912481	13.399519
AGACCCGTCACCTGTC-4903_TN	7	4903_TN	9.825831	11.484346
TAGAGTCAGACATGCG-4903_TN	10	4903_TN	1.4365861	5.6521993
AGAGAGCTCACCGCTT-4903_TN	0	4903_TN	7.573276	9.68548
TCATTGTAGACCAGAC-4903_TN	3	4903_TN	10.31093	11.377326
GCAGTTACAGAGATTA-4903_TN	myCAF	4903_TN	13.568904	6.257013
AGAAGCGAGGTCCTGC-4903_TN	5	4903_TN	7.170581	4.172408
CCTGCATAGCACCGTC-4903_TN	7	4903_TN	11.350872	12.7031555
AATGGCTGTTTGGGAG-4903_TN	5	4903_TN	7.8404827	4.798702
AGGGTGATCGGTTAGT-4903_TN	iCAF	4903_TN	12.382462	14.626426
CGGACACTCCTCTAGC-4903_TN	8	4903_TN	10.6495	13.224972
TTACGTTTCGTGTGAT-4903_TN	0	4903_TN	6.9789324	10.515723
TCCTCCCTCTAAGCGT-4903_TN	0	4903_TN	5.7005205	12.242519
ACCAAACCAGCGTATT-4903_TN	3	4903_TN	10.716471	11.123423
TTTGATCCACGGTCTG-4903_TN	8	4903_TN	11.551491	13.324658
GATGACTGTGGCGCTT-4903_TN	3	4903_TN	10.696063	10.173447
GAGAAATAGGTTCTTG-4903_TN	0	4903_TN	6.1563635	11.744456
ATCGTGATCTTTGGAG-4903_TN	0	4903_TN	5.5687246	10.364805
GGGTCACCACCGTCGA-4903_TN	7	4903_TN	11.188617	11.932846
TGGGCTGTCGTCACCT-4903_TN	3	4903_TN	10.65285	7.1008883
CCTCAACTCCGAGGCT-4903_TN	iCAF	4903_TN	11.282928	13.459406
GTTCATTCAATTGCCA-4903_TN	7	4903_TN	10.157645	10.793016
CGAAGTTGTACCACGC-4903_TN	8	4903_TN	11.285141	14.239929
CAACCAAGTACAGTCT-4903_TN	6	4903_TN	7.3421144	7.7363715
TGTTCCGCAATTGAGA-4903_TN	iCAF	4903_TN	11.280037	13.93357
TACTTCAAGGTGCGAT-4903_TN	6	4903_TN	9.314164	8.376443
GAGTGAGCAGGTCCCA-4903_TN	iCAF	4903_TN	11.424548	12.920474
CAAGCTATCAAGTAAG-4903_TN	0	4903_TN	5.7263155	9.66376
TGGTTAGCACCATAAC-4903_TN	iCAF	4903_TN	12.673594	15.376086
CAGGTATAGTCTTCCC-4903_TN	6	4903_TN	8.638199	7.9857635
AAGATAGGTCTGGTTA-4903_TN	6	4903_TN	10.064534	9.494381
CTCAACCCAACGGGTA-4903_TN	7	4903_TN	11.022937	13.649701
TTGGTTTGTATCGTGT-4903_TN	6	4903_TN	8.59162	9.163869
TGATCAGTCCACAAGT-4903_TN	5	4903_TN	7.7942905	5.4752846
TGGAACTAGATTGAGT-4903_TN	7	4903_TN	10.822559	13.756554
GTATTTCGTTGTACGT-4903_TN	7	4903_TN	8.841699	12.808638
AATGAAGTCCCATAAG-4903_TN	3	4903_TN	10.944559	11.002775
GTCATTTTCAGCAGAG-4903_TN	8	4903_TN	11.665367	12.692716
GACTCTCCAGGGCTTC-4903_TN	11	4903_TN	10.582956	5.4220915
TCCGATCGTAGCTTGT-4903_TN	6	4903_TN	7.446342	9.444135
TAGGTACGTGCATCTA-4903_TN	iCAF	4903_TN	13.076538	15.034676
GATGCTAAGGAGGTTC-4903_TN	0	4903_TN	8.983458	10.87525
GCCATGGTCTGAATGC-4903_TN	6	4903_TN	7.4863358	8.8811655
GTGAGTTAGTATCCTG-4903_TN	6	4903_TN	6.8970914	9.099663
AGTTAGCGTGAGATCG-4903_TN	3	4903_TN	10.6318245	10.330885
ACTCCCAGTTCTCCTG-4903_TN	myCAF	4903_TN	12.586249	8.075315
CCTCTCCGTGCCCAGT-4903_TN	0	4903_TN	5.9135475	11.753571
GGGACAACATAGAATG-4903_TN	3	4903_TN	11.056192	9.453319
GTCTGTCTCGGTGTAT-4903_TN	8	4903_TN	10.832034	12.791835
CTCCGATCAATGTCAC-4903_TN	myCAF	4903_TN	12.269458	5.82664
TCAAGTGAGACCAGCA-4903_TN	0	4903_TN	7.072594	10.451723
CAGTGCGAGCTAGTTC-4903_TN	0	4903_TN	5.273131	11.475367
CAAGACTAGTAGTGCG-4903_TN	3	4903_TN	8.781177	13.249216
AAGGAATTCAGCCCAG-4903_TN	6	4903_TN	9.701477	9.304248
AGTGCCGGTATTTCTC-4903_TN	iCAF	4903_TN	12.979162	14.783314
ATCGTGACACGCTGTG-4903_TN	0	4903_TN	6.2496357	10.790567
CCAATGATCTGGCCAG-4903_TN	0	4903_TN	8.023199	9.916285
GGAGCAACACCATAAC-4903_TN	7	4903_TN	9.903223	10.870034
TAACGACAGACATCCT-4903_TN	8	4903_TN	9.965882	14.123857
GTCAGCGTCATTCACT-4903_TN	0	4903_TN	9.725306	11.301534
GTCGTTCTCTACAGGT-4903_TN	6	4903_TN	8.121704	9.154684
GCAGCTGTCACCATGA-4903_TN	myCAF	4903_TN	12.47063	8.371918
CCACGTTTCAAGGTGG-4903_TN	2	4903_TN	12.061132	4.1485605
GACTCTCGTTTCACTT-4903_TN	8	4903_TN	11.511742	12.146009
TGATCAGAGCCATTTG-4903_TN	iCAF	4903_TN	12.523188	15.25028
TACAGGTGTCTCCCTA-4903_TN	8	4903_TN	12.897127	13.541185
ATACCTTCAGCTGTTA-4903_TN	6	4903_TN	9.823274	9.004647
TTGATGGCATCCGGCA-4903_TN	7	4903_TN	8.5008135	11.904401
ATCGCCTAGTTCCAGT-4903_TN	6	4903_TN	8.211191	9.308744
TCGAACAGTTGCGTAT-4903_TN	8	4903_TN	12.170652	12.105661
ACTTTGTGTCATAAAG-4903_TN	iCAF	4903_TN	12.016771	14.480959
GTGGGAATCCCGTGAG-4903_TN	8	4903_TN	11.672996	12.193038
CACCAAAGTAGCGTTT-4903_TN	8	4903_TN	12.492734	10.963584
TCATACTCAACACTAC-4903_TN	3	4903_TN	11.122485	9.855393
CGTGCTTAGCTTAGTC-4903_TN	7	4903_TN	9.668087	11.989663
TATATCCCAGGTTCAT-4903_TN	iCAF	4903_TN	12.269916	14.99697
GCGATCGGTCTCTCAC-4903_TN	3	4903_TN	9.055095	13.031108
CTGAGCGCAATTGGTC-4903_TN	6	4903_TN	8.057773	9.225446
CCAATTTCATATCGGT-4903_TN	0	4903_TN	8.501553	11.289103
GATGCTAGTAGGCTGA-4903_TN	iCAF	4903_TN	13.04877	13.983122
GGAACCCTCGGTTAGT-4903_TN	3	4903_TN	9.9647455	11.314681
GCTGGGTAGTAACAGT-4903_TN	0	4903_TN	5.8508277	10.271385
TTGGGTACACCTATCC-4903_TN	5	4903_TN	7.9706364	4.6688905
AAGCATCCAGGACGAT-4903_TN	8	4903_TN	12.044988	13.065721
CGGGTGTCAGTCAGAG-4903_TN	iCAF	4903_TN	12.1801195	14.415159
GTAGCTAAGTGAGCCA-4903_TN	8	4903_TN	10.499268	10.186675
AATGCCAGTAGCGTTT-4903_TN	iCAF	4903_TN	12.520369	14.798155
GGCAGTCGTAAGACCG-4903_TN	iCAF	4903_TN	13.135212	13.341328
TACGGTAAGTAGTCCT-4903_TN	0	4903_TN	7.4381814	11.625206
GCAGCTGTCGCTGATA-4903_TN	7	4903_TN	9.812941	10.732936
CGACAGCGTGACTATC-4903_TN	0	4903_TN	8.375182	11.272299
TGTTGAGTCACCCTTG-4903_TN	iCAF	4903_TN	12.462247	15.749024
CGAGGCTGTACTCGAT-4903_TN	8	4903_TN	12.802162	13.249282
TGTCAGAGTAAGAACT-4903_TN	0	4903_TN	5.1857963	11.594714
ATGGGAGGTACCCAGC-4903_TN	iCAF	4903_TN	13.269325	13.748959
CTATAGGCAACCTATG-4903_TN	3	4903_TN	9.981988	9.529015
CAATACGCAAAGGATT-4903_TN	7	4903_TN	10.615452	12.510217
TTCCTAACATCTCATT-4903_TN	iCAF	4903_TN	12.286616	15.736885
GACCCTTCACTTCAAG-4903_TN	6	4903_TN	8.588302	8.674903
GGGTAGACAACATCGT-4903_TN	5	4903_TN	7.120844	5.492488
CTAAGTGGTTCGGACC-4903_TN	iCAF	4903_TN	12.224875	14.801681
GTAATCGAGGACGGAG-4903_TN	iCAF	4903_TN	11.028763	13.613478
AGACACTCATTCTCTA-4903_TN	0	4903_TN	7.377058	10.290411
AAAGAACGTTGCTCGG-4903_TN	6	4903_TN	8.094678	9.234706
CAGGGCTGTGTCGCTG-4903_TN	3	4903_TN	10.560262	11.183925
TGGATCATCTAGAACC-4903_TN	iCAF	4903_TN	12.866837	13.782869
GATTCGAGTAATTAGG-4903_TN	11	4903_TN	13.0197	3.5847228
ACCTGAACAATGGCAG-4903_TN	8	4903_TN	12.979346	12.654463
GTCTGTCTCAGTCCGG-4903_TN	6	4903_TN	8.928103	7.917734
CTATAGGGTCGTCATA-4903_TN	3	4903_TN	11.734054	11.8343
TAGGGTTGTCAGTCGC-4903_TN	6	4903_TN	7.4037313	7.874801
GTCGCGAGTGCGAACA-4903_TN	0	4903_TN	5.7253685	12.086125
GTGTAACTCGCAGAGA-4903_TN	iCAF	4903_TN	12.642355	15.324364
ATCCTATAGAGCATAT-4903_TN	0	4903_TN	8.806678	11.86572
TTATTGCGTCTCCTGT-4903_TN	8	4903_TN	9.674505	12.234876
TCATACTGTGCCCACA-4903_TN	8	4903_TN	10.306472	13.625491
ATCGGCGCATGAATAG-4903_TN	myCAF	4903_TN	13.2889185	5.3222437
GTTATGGTCATGCCAA-4903_TN	11	4903_TN	13.567509	3.9445295
CTCTCAGGTGAATGTA-4903_TN	6	4903_TN	9.471872	9.369473
GCCAGGTCACACACTA-4903_TN	0	4903_TN	8.301231	10.670519
ACTCCCAAGTTTGGCT-4903_TN	6	4903_TN	8.453796	8.483932
CACCAAAGTCATCGGC-4903_TN	iCAF	4903_TN	13.010555	12.911938
ACCTGTCCAGTGAGCA-4903_TN	0	4903_TN	8.602971	12.32905
GGGACTCCAACAAAGT-4903_TN	0	4903_TN	8.119882	11.500134
TCGCTTGCACCTGCTT-4903_TN	3	4903_TN	9.581909	12.961755
GCATGATGTTGGTACT-4903_TN	0	4903_TN	7.1169014	10.328813
TCATGAGAGTTGCCTA-4903_TN	3	4903_TN	10.247806	8.55473
GATGTTGAGGCTAACG-4903_TN	5	4903_TN	8.729859	6.445644
GTCGCGAGTGTGTTTG-4903_TN	iCAF	4903_TN	10.644207	15.297527
CTAGGTATCTGAGCAT-4903_TN	0	4903_TN	8.302405	11.376508
CCTCTCCCATGGGCAA-4903_TN	11	4903_TN	14.609201	7.58563
CCGGACAAGCCGAATG-4903_TN	3	4903_TN	10.174417	9.703854
TCTGCCATCCCGAGGT-4903_TN	0	4903_TN	7.793846	11.772774
ATTCCTACACTTGAGT-4903_TN	2	4903_TN	9.786626	0.9426491
TTCCAATTCTGGAAGG-4903_TN	iCAF	4903_TN	9.775789	14.931712
GGACGTCGTGAGGAAA-4903_TN	3	4903_TN	9.671041	10.941127
TCTTCCTAGACGACGT-4903_TN	iCAF	4903_TN	11.802156	15.375684
AGAAATGAGCAAGCCA-4903_TN	iCAF	4903_TN	13.003927	14.522901
CATGGATGTTAAGAAC-4903_TN	5	4903_TN	7.868208	4.8674264
GTAGGTTCATAATCGC-4903_TN	8	4903_TN	9.839572	12.082569
TCAATTCTCAGGAAGC-4903_TN	10	4903_TN	1.4654237	5.073013
CAGTTCCCACATGGTT-4903_TN	0	4903_TN	8.795791	11.554836
CATGCGGCATCGAACT-4903_TN	8	4903_TN	11.743706	12.5695915
CATAGACGTCAAAGTA-4903_TN	iCAF	4903_TN	11.4361	15.365622
TATCCTAAGAGGGTGG-4903_TN	0	4903_TN	7.2285304	10.418013
AAACGAAAGCGTGTCC-4903_TN	iCAF	4903_TN	12.250401	15.707211
CACCAAAGTGAGCTCC-4903_TN	3	4903_TN	11.509949	10.846961
CTGTAGACAGGACTAG-4903_TN	iCAF	4903_TN	12.950101	13.466035
GCTACCTAGGGAGGTG-4903_TN	8	4903_TN	12.4831915	13.750457
GTCCCATAGACCTGGA-4903_TN	7	4903_TN	9.472509	12.529248
AGGTGTTAGACAGCTG-4903_TN	0	4903_TN	6.513207	10.213063
ACCCTTGAGGCCTAAG-4903_TN	iCAF	4903_TN	12.144096	14.299549
GGTAGAGCATTCTGTT-4903_TN	6	4903_TN	7.4154963	7.871378
CCTTCAGAGGATGGCT-4903_TN	0	4903_TN	6.1583433	11.93582
TCGACGGGTCGGCCTA-4903_TN	7	4903_TN	11.273192	12.873686
GCTTTCGCATGACGTT-4903_TN	5	4903_TN	6.588927	4.768875
ATTCTTGTCCGGTTCT-4903_TN	iCAF	4903_TN	11.293357	14.710246
TCGTCCATCTTGCAGA-4903_TN	6	4903_TN	9.713559	9.067113
CTTTCAAAGCCAAGGT-4903_TN	7	4903_TN	9.361861	11.3361
ATGCGATGTAGCGTCC-4903_TN	7	4903_TN	9.661119	12.868789
CTGTACCGTCGCATGC-4903_TN	iCAF	4903_TN	12.366086	15.153132
TGACTCCGTATCGATC-4903_TN	iCAF	4903_TN	12.327898	14.0167465
CCTGCATAGGTAGTAT-4903_TN	iCAF	4903_TN	12.23909	14.128166
CCTGCATCAGCAGATG-4903_TN	5	4903_TN	6.390311	4.447536
ACACCAAAGGGAGAAT-4903_TN	iCAF	4903_TN	12.775207	13.225037
TGGGCTGGTAATCAGA-4903_TN	3	4903_TN	10.876731	9.668367
GCGGAAATCTCTGACC-4903_TN	0	4903_TN	6.0022335	11.237888
GTTGAACCATTGACAC-4903_TN	iCAF	4903_TN	11.717299	12.861609
GTCTTTAAGGATGTTA-4903_TN	3	4903_TN	8.663021	12.404924
ATGTCTTAGTCAACAA-4903_TN	8	4903_TN	10.45016	12.580689
CTTTCAACAGTGACCC-4903_TN	iCAF	4903_TN	11.828179	14.014267
TACCTGCGTCCACTCT-4903_TN	myCAF	4903_TN	13.416647	4.81611
TTTCACAGTGGCAGAT-4903_TN	5	4903_TN	7.743976	4.7357616
GTCTACCGTCGCATTA-4903_TN	3	4903_TN	10.928841	11.267345
TTACGCCAGAAATCCA-4903_TN	0	4903_TN	6.81777	12.370547
GTGATGTGTCAGGAGT-4903_TN	6	4903_TN	7.031941	8.25046
CTGCTCATCATTATCC-4903_TN	8	4903_TN	12.981963	12.521331
GATTCTTAGACTTCCA-4903_TN	7	4903_TN	10.04015	13.00218
TCCGATCGTTGTGCCG-4903_TN	6	4903_TN	9.240778	8.157094
TCGGGACTCAGGGTAG-4903_TN	6	4903_TN	8.853182	9.315526
GATTCGATCACTCTTA-4903_TN	iCAF	4903_TN	12.621529	14.674042
GCCATTCGTCTAGATC-4903_TN	iCAF	4903_TN	12.429643	14.385895
GATTTCTAGCATCGAG-4903_TN	8	4903_TN	11.649438	12.797879
GCCAGGTCAGACCTAT-4903_TN	7	4903_TN	9.952228	11.203023
AGCGATTAGCTTGTTG-4903_TN	0	4903_TN	7.6855707	11.345917
TATTGCTGTGTGTGTT-4903_TN	0	4903_TN	6.5486174	11.86715
ATGGATCCAGCAAGAC-4903_TN	iCAF	4903_TN	13.028118	15.240886
GGGAAGTAGACGGTCA-4903_TN	5	4903_TN	8.016797	6.038447
TCCTCCCGTTGCGGAA-4903_TN	8	4903_TN	10.311534	11.984657
TAGGGTTCAGTGTACT-4903_TN	8	4903_TN	10.675703	11.839753
ATGGATCCACCCAATA-4903_TN	3	4903_TN	9.789261	9.642906
TTGCCTGGTGGCTGCT-4903_TN	0	4903_TN	5.3100567	11.434985
GGAGGATGTTGCCAAT-4903_TN	0	4903_TN	7.71794	11.760471
TTTCACATCTATCCAT-4903_TN	8	4903_TN	13.362433	13.14813
TTTGACTCATGTGGCC-4903_TN	iCAF	4903_TN	13.232079	13.802062
GTCAGCGAGTCCGTCG-4903_TN	3	4903_TN	11.076151	10.761514
CTTTCGGCAAGAGTAT-4903_TN	7	4903_TN	9.077292	12.14172
ATGGGTTCACAGAGAC-4903_TN	0	4903_TN	7.062991	10.758824
ACACTGACAGGCACTC-4903_TN	5	4903_TN	7.9957867	6.078138
CAACCTCCAATAAGGT-4903_TN	6	4903_TN	9.056337	8.03401
ATGACCATCCGATCTC-4903_TN	3	4903_TN	12.315266	10.454354
CGAATTGAGTTGCTGT-4903_TN	iCAF	4903_TN	11.700541	15.452343
AACCTTTCACGGATCC-4903_TN	myCAF	4903_TN	11.570302	7.696647
AGGATAAAGAGCTTTC-4903_TN	apCAF	4903_TN	7.4940186	-0.19494012
TGGATGTTCGTTGCCT-4903_TN	6	4903_TN	7.644885	8.161831
AGACTCATCATTCATC-4903_TN	iCAF	4903_TN	10.782627	15.43198
GGACGTCGTCTTACTT-4903_TN	2	4903_TN	10.322075	2.8437846
TTCATGTGTAGATGTA-4903_TN	8	4903_TN	10.158439	12.440466
TTCTTCCAGAAGCGGG-4903_TN	11	4903_TN	10.379574	6.437121
GATTCGATCCTCTGCA-4903_TN	6	4903_TN	6.767617	8.318458
TCATTACGTACTAACC-4903_TN	0	4903_TN	6.4042735	11.811711
AGGTAGGCAAACTGCT-4903_TN	iCAF	4903_TN	11.439146	15.716591
ACCATTTTCGCTAGCG-4903_TN	0	4903_TN	9.173682	10.460817
ATCGTAGCAATTGCCA-4903_TN	8	4903_TN	10.411877	12.704488
TGTAGACGTATGAAGT-4903_TN	3	4903_TN	10.38319	9.944603
GATAGCTGTGGACTGA-4903_TN	iCAF	4903_TN	12.390542	14.547164
ATTCCATCATTGACAC-4903_TN	11	4903_TN	13.811386	3.4065347
GCAACCGGTAACGCGA-4903_TN	iCAF	4903_TN	10.573873	14.965881
AATCGTGAGTAACGTA-4903_TN	iCAF	4903_TN	13.027486	15.275113
TGGAGAGGTAAGACCG-4903_TN	8	4903_TN	10.803796	13.005061
TGAATCGCAGCTATAC-4903_TN	iCAF	4903_TN	13.155515	13.460127
ATCTCTATCCGGCAGT-4903_TN	8	4903_TN	11.37022	13.155511
GCTGGGTTCAATCCGA-4903_TN	myCAF	4903_TN	11.442748	6.1020594
CAGGCCATCCCATTTA-4903_TN	7	4903_TN	10.558736	12.682122
AGGGAGTAGTGACCTT-4903_TN	iCAF	4903_TN	11.022682	14.093196
TATCCTAGTGCTGCAC-4903_TN	7	4903_TN	9.230651	12.036409
GGGAGTAAGAAGTCCG-4903_TN	iCAF	4903_TN	11.1760435	13.985795
ATATCCTGTGATGGCA-4903_TN	8	4903_TN	10.534014	12.285504
CGTGTCTGTTGTTTGG-4903_TN	3	4903_TN	10.639326	9.084892
AATGGAAAGTAGACCG-4903_TN	7	4903_TN	9.541777	12.789277
TTCGCTGCACACGGTC-4903_TN	0	4903_TN	7.2599483	9.672971
ATCGCCTGTAGGGAGG-4903_TN	10	4903_TN	2.4616892	5.0201745
TCTTCCTTCCACGTCT-4903_TN	iCAF	4903_TN	11.532903	14.683644
AGAGCCCTCACAATGC-4903_TN	8	4903_TN	11.089159	11.351033
TGGTTAGTCGGCTCTT-4903_TN	7	4903_TN	9.786339	11.234556
GGAGAACAGCGATCGA-4903_TN	iCAF	4903_TN	11.677992	13.847752
CCTCCTCTCTCGGTAA-4903_TN	myCAF	4903_TN	11.954247	7.9448147
TCACAAGGTCGTACAT-4903_TN	0	4903_TN	7.695591	9.945928
TGGGTTACAATTGCCA-4903_TN	8	4903_TN	11.657228	11.415312
GCTGCAGTCTGCGTCT-4903_TN	0	4903_TN	6.73738	12.014882
GATAGCTAGGAACGAA-4903_TN	iCAF	4903_TN	11.504158	15.116355
GCGATCGGTACAGAAT-4903_TN	iCAF	4903_TN	11.335544	12.443634
GACACGCAGAAGCGCT-4903_TN	iCAF	4903_TN	12.009551	15.287682
TAGTGCAAGGAACTAT-4903_TN	0	4903_TN	5.9305983	11.155083
AGAAGCGCAAGCCATT-4903_TN	7	4903_TN	11.727679	12.547957
GGCACGTCAGCAGTTT-4903_TN	8	4903_TN	12.052042	13.097562
ACGGAAGTCCTCAGGG-4903_TN	8	4903_TN	10.403782	10.81641
TCCGAAACATCCTATT-4903_TN	iCAF	4903_TN	12.496716	15.100641
GGCGTCAGTCTGTGCG-4903_TN	0	4903_TN	8.023011	11.141989
TGCAGTAAGGGTCAAC-4903_TN	6	4903_TN	8.538749	8.871834
GTTTACTTCGTACACA-4903_TN	iCAF	4903_TN	13.467312	13.494267
CTCCTCCGTATCGTAC-4903_TN	11	4903_TN	14.08454	3.3257487
AACCTTTCAGACACAG-4903_TN	10	4903_TN	1.5533897	4.2125735
CTCATGCCAGCAGTGA-4903_TN	3	4903_TN	11.317377	11.273597
GAGTTACGTGCCGTAC-4903_TN	iCAF	4903_TN	11.754243	14.765973
CCCGGAACAGTCGAGA-4903_TN	10	4903_TN	1.2400756	4.9479713
GCTGAATTCGGCTGTG-4903_TN	8	4903_TN	12.710369	13.176656
AGAAATGAGTCATACC-4903_TN	iCAF	4903_TN	12.575503	15.466284
CTGCCTAGTATAGGAT-4903_TN	iCAF	4903_TN	12.730688	14.666085
ACTTATCTCGACGACC-4903_TN	3	4903_TN	10.121369	9.66237
GAGCCTGCAAATCGTC-4903_TN	iCAF	4903_TN	11.369352	12.610924
TTCGATTAGCGACTGA-4903_TN	6	4903_TN	9.7585745	9.44442
CAGTTAGTCGAACTCA-4903_TN	iCAF	4903_TN	10.931101	15.793465
AGGAGGTCAGTATACC-4903_TN	3	4903_TN	12.27207	10.296584
ATAGACCAGCATGATA-4903_TN	iCAF	4903_TN	11.459182	15.34311
AAGTGAATCGAGTCTA-4903_TN	3	4903_TN	11.934138	9.758929
GGAGGTACATAGACTC-4903_TN	apCAF	4903_TN	7.850485	-0.33620703
TCGTCCACAAAGCGTG-4903_TN	6	4903_TN	7.0785623	8.700841
GGAGGTATCTCCGTGT-4903_TN	8	4903_TN	11.723115	12.269095
TTGGTTTTCAGCGCAC-4903_TN	8	4903_TN	11.945836	11.922846
TCAAGCAAGCCATTCA-4903_TN	8	4903_TN	11.119771	13.533021
CGGAATTTCGACCACG-4903_TN	iCAF	4903_TN	10.329143	15.776377
CCTTTGGAGTGTCATC-4903_TN	7	4903_TN	11.010686	11.150757
TGACTCCCACTCCGGA-4903_TN	0	4903_TN	6.1720786	11.512033
GGGTATTAGTTACGGG-4903_TN	5	4903_TN	7.2007318	5.5554624
AACGAAACACGTAACT-4903_TN	iCAF	4903_TN	12.438052	15.051008
GACTTCCAGAGCACTG-4903_TN	0	4903_TN	8.314695	10.886452
TGTCAGAAGATGTTGA-4903_TN	7	4903_TN	8.933228	13.088961
TCATGCCAGCGAGGAG-4903_TN	7	4903_TN	8.593895	12.075603
GATGCTAGTGTACGCC-4903_TN	7	4903_TN	10.300249	13.720672
CCACACTAGGACGGAG-4903_TN	6	4903_TN	7.2306666	8.972436
GAGTTTGAGCATCGAG-4903_TN	8	4903_TN	12.444287	14.066347
ATCGCCTTCCCGTGTT-4903_TN	7	4903_TN	10.869401	12.927095
TGCTCGTGTACCTGTA-4903_TN	6	4903_TN	7.139887	8.469234
AGACAAACACAACGTT-4903_TN	3	4903_TN	10.511984	10.469254
CTTCTCTTCCACGGAC-4903_TN	7	4903_TN	10.147329	12.431938
GTTGTGAAGACCATAA-4903_TN	8	4903_TN	11.890536	13.052399
GAGTTGTGTTAGTTCG-4903_TN	iCAF	4903_TN	9.426387	14.290668
ATAGGCTGTTCTCGTC-4903_TN	8	4903_TN	9.941776	15.082726
TTGACCCAGACTCTAC-4903_TN	apCAF	4903_TN	8.26608	-0.8486261
TCGACCTAGTGAACAT-4903_TN	0	4903_TN	8.008114	11.190979
ACGGGTCCAGTCGGAA-4903_TN	0	4903_TN	5.340367	11.98344
CCTGCATAGTTCATCG-4903_TN	0	4903_TN	7.8570952	11.561143
AGGTGTTCAAATCGTC-4903_TN	0	4903_TN	7.2742133	10.9421215
CGATGCGCATCATTGG-4903_TN	7	4903_TN	9.826491	11.727493
GGTAGAGAGCGTCTCG-4903_TN	5	4903_TN	9.884882	7.4758706
CGGAGAAGTGAGTAAT-4903_TN	6	4903_TN	7.314499	7.97135
GACCTTCGTTGTTGAC-4903_TN	7	4903_TN	9.565537	10.722927
CCTGCATCATAGCTGT-4903_TN	0	4903_TN	5.4529037	12.211479
TTTACGTCAGTAGAGC-4903_TN	iCAF	4903_TN	11.209684	12.841284
GTCGCGACATGGAATA-4903_TN	0	4903_TN	6.39349	9.675168
TCATGAGCACTGTGTA-4903_TN	7	4903_TN	10.175678	13.398385
TGCTTCGTCAGCTGAT-4903_TN	iCAF	4903_TN	10.976339	14.477105
ACATCGATCATTATCC-4903_TN	0	4903_TN	5.6587563	12.434358
AATCGACTCACTAGCA-4903_TN	7	4903_TN	10.362304	12.1682
TTACGTTCACGAGGAT-4903_TN	11	4903_TN	14.525088	7.5977254
CGGGTCATCTCGTTTA-4903_TN	0	4903_TN	7.152434	10.4953165
AATGACCGTGGGAGAG-4903_TN	10	4903_TN	2.3563156	4.296205
GTACAACCAAGCGCAA-4903_TN	8	4903_TN	11.852577	12.210077
CGACAGCTCCGGTTCT-4903_TN	iCAF	4903_TN	12.518237	14.933157
GGTGAAGAGCGAATGC-4903_TN	6	4903_TN	10.973983	8.035995
AGGGTCCGTAGGGAGG-4903_TN	6	4903_TN	10.129768	9.506045
TGGAGAGCATCCGTGG-4903_TN	0	4903_TN	5.1802244	11.002103
AGGACGAGTCACAGAG-4903_TN	iCAF	4903_TN	13.378978	15.122783
CCGGTGAAGGGCCAAT-4903_TN	0	4903_TN	7.645544	9.857569
ACTATGGTCTTGTGCC-4903_TN	0	4903_TN	4.770492	11.651383
CCGGTGATCATGCCGG-4903_TN	iCAF	4903_TN	13.287692	15.349953
AAAGGGCGTCGCATCG-4903_TN	7	4903_TN	9.603018	12.946526
GTACAGTCAATCGTCA-4903_TN	6	4903_TN	8.136319	9.304398
GTGCGTGGTCTGTGAT-4903_TN	iCAF	4903_TN	11.217728	15.852105
GCTGAATAGTGAGGCT-4903_TN	0	4903_TN	6.3156843	10.9169445
GACTCTCGTTGTAGCT-4903_TN	8	4903_TN	12.121677	13.93885
GGCTGTGGTGAACCGA-4903_TN	7	4903_TN	10.942135	12.662486
CCTCTAGTCGAGCTGC-4903_TN	0	4903_TN	7.663893	10.095353
GCCCGAAAGGGTATAT-4903_TN	10	4903_TN	0.6230403	5.7502775
GTGGTTAGTTACACAC-4903_TN	0	4903_TN	8.735893	11.162565
GCTTCACCACCCTAAA-4903_TN	11	4903_TN	14.197134	8.566035
CTATAGGGTACTGCCG-4903_TN	8	4903_TN	9.786124	12.487632
TTTCACATCGCATTAG-4903_TN	iCAF	4903_TN	10.868117	14.878843
TTCGGTCGTGGGAGAG-4903_TN	iCAF	4903_TN	11.698366	13.414397
ACACTGAGTATCACGT-4903_TN	8	4903_TN	10.3100195	13.394611
CACTTCGGTATGAGAT-4903_TN	8	4903_TN	14.0109215	13.9919195
TCTGCCAGTCCTGTCT-4903_TN	8	4903_TN	11.44145	12.487387
GTTACCCAGTGCTCAT-4903_TN	6	4903_TN	9.13556	8.731504
CGGAATTCATGGAGAC-4903_TN	iCAF	4903_TN	12.311019	14.233831
CCTGTTGCACGGGTAA-4903_TN	0	4903_TN	8.518835	9.908826
GCGATCGGTGAGAGGG-4903_TN	6	4903_TN	7.802607	9.292283
AGATCCAGTTCTCCAC-4903_TN	6	4903_TN	9.172109	8.575509
GCGGATCAGGTCGTGA-4903_TN	6	4903_TN	8.523643	7.651601
ACTATTCTCACTGATG-4903_TN	iCAF	4903_TN	11.646765	14.448206
AGGGTCCCATCTTCGC-4903_TN	5	4903_TN	8.152418	4.790854
CCGGTGAGTAGCTCGC-4903_TN	0	4903_TN	8.307664	12.988272
AATGAAGGTATCGAGG-4903_TN	8	4903_TN	10.856716	12.770604
GCTGCAGAGCGGCTCT-4903_TN	7	4903_TN	9.824313	13.52683
TTCTAACGTCCTTAAG-4903_TN	5	4903_TN	7.978525	6.118986
TGCTGAATCGGTAACT-4903_TN	9	4903_TN	8.767152	14.490214
TGGCGTGGTTGCGGCT-4903_TN	0	4903_TN	6.5624185	11.164339
TGGGTTATCTTCCTAA-4903_TN	0	4903_TN	7.6705046	10.734509
TCCGATCTCAAACGAA-4903_TN	8	4903_TN	13.146759	12.8022785
CGTGAATAGAGGCGGA-4903_TN	5	4903_TN	6.7600393	4.5566354
TCAGCAAGTCGCACAC-4903_TN	iCAF	4903_TN	13.128718	14.566354
TACCCACCACGTATAC-4903_TN	8	4903_TN	11.775048	12.889861
ACGTACATCGACCATA-4903_TN	iCAF	4903_TN	11.468086	14.683798
TTCGGTCCAGCTATAC-4903_TN	8	4903_TN	11.206153	11.8880825
TGAGCATTCCATAGGT-4903_TN	7	4903_TN	9.987502	11.320433
AACCTTTAGACGTCGA-4903_TN	8	4903_TN	11.471754	12.983167
ACTTTCAAGCAACAAT-4903_TN	6	4903_TN	8.299548	9.232618
GGTGAAGAGCCACCGT-4903_TN	10	4903_TN	1.8254198	4.1721044
GAGTTACTCAATGTCG-4903_TN	10	4903_TN	1.2902737	4.70782
TGCATCCAGTGGGAAA-4903_TN	0	4903_TN	5.940341	10.403015
CTCCATGAGGGTACAC-4903_TN	7	4903_TN	10.965006	12.270853
TGCAGTAAGTGACCTT-4903_TN	iCAF	4903_TN	11.433212	13.464972
ATCCCTGCAGACCTAT-4903_TN	8	4903_TN	10.176476	13.401126
CATCAAGTCCCGAAAT-4903_TN	iCAF	4903_TN	12.802797	13.335718
TCTAACTTCTTCTGTA-4903_TN	iCAF	4903_TN	10.959152	15.531463
CCCGAAGCACTGGATT-4903_TN	6	4903_TN	6.902606	8.466816
TAACTTCTCGGCTTCT-4903_TN	7	4903_TN	9.840886	11.394322
TGTCCCAGTGTTAGCT-4903_TN	0	4903_TN	7.77766	12.686075
CCCTAACCATACCGTA-4903_TN	5	4903_TN	7.7523165	5.9742928
GCAGCCAGTTCCCACT-4903_TN	5	4903_TN	7.1420307	3.8606222
TGGATGTGTGTGAGCA-4903_TN	6	4903_TN	8.5207815	9.12245
TGTTCATCATCTAACG-4903_TN	7	4903_TN	9.693833	12.4438095
TTAGGGTCAAACTAGA-4903_TN	0	4903_TN	6.6402855	9.9552765
TTGAACGAGCAAGTGC-4903_TN	0	4903_TN	5.30469	12.397961
AGAAATGTCGTCAAAC-4903_TN	6	4903_TN	6.776499	8.72559
TGGTACATCTCCATAT-4903_TN	0	4903_TN	7.4741116	11.087689
TCCTTCTCAACTGGTT-4903_TN	7	4903_TN	8.388605	11.606774
CACGTTCGTGCCTGAC-4903_TN	8	4903_TN	10.780422	13.29348
TGGGCGTAGTTTCTTC-4903_TN	iCAF	4903_TN	11.490782	14.579747
TTTAGTCGTCGGTGTC-4903_TN	iCAF	4903_TN	11.8361845	15.605837
GTAATGCCACTGGACC-4903_TN	0	4903_TN	7.877128	11.97914
GTGAGGACAGGCTCTG-4903_TN	iCAF	4903_TN	11.964322	15.245
TCCGATCCAGTGCGCT-4903_TN	3	4903_TN	10.4556465	10.385299
TAACGACCAAATCGGG-4903_TN	3	4903_TN	9.797483	11.607533
ACCATTTTCCTAACAG-4903_TN	6	4903_TN	6.8352413	8.5990925
TCTCTGGTCTTCGGTC-4903_TN	iCAF	4903_TN	12.748201	14.597092
TGCTGAAGTCGTACAT-4903_TN	6	4903_TN	9.8895	9.305525
TATTCCATCAAGTAAG-4903_TN	11	4903_TN	13.56691	4.1063204
CCGGACAGTTGCTTGA-4903_TN	iCAF	4903_TN	10.626145	15.765841
TCATGTTTCTTGATTC-4903_TN	0	4903_TN	6.974646	12.383908
GACTATGTCAGAGTTC-4903_TN	3	4903_TN	9.739156	12.135854
CTCATCGCAGAGGAAA-4903_TN	6	4903_TN	7.9602613	9.8649
CCACAAACAAATCCCA-4903_TN	2	4903_TN	9.57579	3.492003
TTCACCGTCCTAACAG-4903_TN	iCAF	4903_TN	11.372762	14.326122
CTCAACCGTCCGCAGT-4903_TN	8	4903_TN	12.81874	12.947855
GTCACTCCACCGCTGA-4903_TN	0	4903_TN	8.441063	11.635013
ATGCATGCATGGCGCT-4903_TN	iCAF	4903_TN	12.932252	14.050172
TTTGTTGCACAAGCCC-4903_TN	9	4903_TN	6.152034	15.7078495
CTGCCATAGGTAGTCG-4903_TN	iCAF	4903_TN	11.746001	14.875967
AAATGGATCGTAGAGG-4903_TN	5	4903_TN	6.7266016	5.310102
TGACCCTAGCGTATGG-4903_TN	iCAF	4903_TN	12.061415	14.693526
GATGACTTCAGTAGGG-4903_TN	0	4903_TN	5.184546	11.778373
GCCGTGAGTAGACGTG-4903_TN	6	4903_TN	7.8870845	8.042438
ACGGAAGCAGTCAGAG-4903_TN	iCAF	4903_TN	11.964401	14.675743
GTCGTAAAGAAGCGAA-4903_TN	7	4903_TN	9.888056	12.420309
TCGTGCTCAGGTTCCG-4903_TN	myCAF	4903_TN	12.039127	6.888113
TAAGCCACATGGAACG-4903_TN	iCAF	4903_TN	10.10321	15.103571
CCTAACCAGGAGGGTG-4903_TN	0	4903_TN	7.5118885	10.476469
CAAGGGATCATGGGAG-4903_TN	9	4903_TN	9.457807	16.224724
AACCTTTTCTGGCCTT-4903_TN	8	4903_TN	12.109068	11.084561
TGCGACGGTTCGCGTG-4903_TN	3	4903_TN	10.620947	9.906207
TGAATGCTCTAGTACG-4903_TN	8	4903_TN	10.702784	14.700915
CGGAACCCAAGTCCCG-4903_TN	3	4903_TN	11.023019	11.417376
TTGCGTCGTAATACCC-4903_TN	0	4903_TN	5.738692	10.764732
CTCAATTTCAATGCAC-4903_TN	iCAF	4903_TN	12.170495	14.973838
AGCGCTGGTCCACATA-4903_TN	7	4903_TN	9.34657	11.534479
CCACAAATCTACGCGG-4903_TN	iCAF	4903_TN	13.445387	14.959183
CCTCATGCAGAGTCTT-4903_TN	3	4903_TN	10.585471	9.088462
GGTTCTCTCTGCGATA-4903_TN	iCAF	4903_TN	13.911576	14.3947315
TTACCATGTTGCATGT-4903_TN	10	4903_TN	1.0049367	5.2420444
ATGAAAGGTTACCCAA-4903_TN	6	4903_TN	7.8630137	8.511637
TTTGATCTCGATTTCT-4903_TN	7	4903_TN	10.69059	13.835314
AACAACCAGACCAAAT-4903_TN	10	4903_TN	0.79202783	5.7984858
GGGTGTCTCGAGAAGC-4903_TN	7	4903_TN	10.6817875	13.819071
AATGGCTAGGGCGAAG-4903_TN	iCAF	4903_TN	12.786309	14.819609
GGGCCATAGGGATCAC-4903_TN	3	4903_TN	11.864437	10.903849
CACATGAGTGAGCTCC-4903_TN	0	4903_TN	7.6695123	11.020595
AGTTAGCAGAAGCTCG-4903_TN	6	4903_TN	10.034668	9.424593
AGTCTCCAGACTAAGT-4903_TN	7	4903_TN	10.758265	13.659363
AGAAATGGTCGCGTCA-4903_TN	0	4903_TN	8.344901	12.335875
CGATCGGCAACCGATT-4903_TN	7	4903_TN	10.720636	12.902976
CAACGATTCTCGAACA-4903_TN	iCAF	4903_TN	11.62116	12.703338
GTCACGGGTATCAGGG-4903_TN	8	4903_TN	10.03794	11.668335
CATGCTCCACGATAGG-4903_TN	7	4903_TN	9.593214	12.641313
ACTGTGACATTCAGCA-4903_TN	iCAF	4903_TN	12.626504	15.4578905
TGGCGTGTCGTCCTTG-4903_TN	9	4903_TN	8.2979765	13.3885565
TCCTCGACAAGGATGC-4903_TN	0	4903_TN	6.0411367	10.134377
GTTCTATGTCCGATCG-4903_TN	6	4903_TN	8.066936	8.026354
CAACCAACACCCTTGT-4903_TN	3	4903_TN	10.681028	10.301234
GTGACGCTCTTCCCAG-4903_TN	0	4903_TN	9.284334	12.0449095
CATGAGTTCCACGGAC-4903_TN	8	4903_TN	9.867957	15.195584
TCGAACAGTTGGGAAC-4903_TN	0	4903_TN	6.3684344	12.099603
TAACCAGTCATCGCTC-4903_TN	iCAF	4903_TN	11.594549	15.025763
TACCTCGCATGAAAGT-4903_TN	7	4903_TN	10.382963	12.737251
GGTGTCGCAGGCACAA-4903_TN	0	4903_TN	8.056564	12.477006
ATGAGGGAGTTAGAAC-4903_TN	0	4903_TN	7.8897476	12.314301
CTACGGGAGGACTATA-4903_TN	myCAF	4903_TN	11.303208	7.0724506
ATCACGACACTACTTT-4903_TN	iCAF	4903_TN	13.772814	14.671998
AAAGGATGTATCCCAA-4903_TN	7	4903_TN	8.866558	10.175599
GGCTTTCCATATCTCT-4903_TN	0	4903_TN	8.243323	11.796338
ACTTATCCAGCAAGAC-4903_TN	7	4903_TN	9.947327	12.121312
TCTCAGCGTTTAGAGA-4903_TN	0	4903_TN	6.2324457	11.074098
GATGACTCAGCGTGAA-4903_TN	3	4903_TN	10.367216	11.082914
TGTTGAGAGACCTTTG-4903_TN	11	4903_TN	13.696866	3.4649034
CCGTAGGTCTAATTCC-4903_TN	0	4903_TN	7.188306	13.052678
GCAGCCAAGGTGCTGA-4903_TN	8	4903_TN	12.737731	12.390521
TGGGAAGCATGTCGTA-4903_TN	6	4903_TN	8.491431	7.7815914
AGCGTCGAGGAGATAG-4903_TN	myCAF	4903_TN	12.503871	7.806665
TGTTACTTCTCATGGA-4903_TN	8	4903_TN	9.728756	13.841101
ATCATTCTCGGTAAGG-4903_TN	9	4903_TN	5.8614426	15.669394
CGGACACGTGATCGTT-4903_TN	8	4903_TN	11.0258255	13.299965
CAAGACTAGGGCAGAG-4903_TN	8	4903_TN	12.935978	13.8582115
GGTAACTAGTGGTCAG-4903_TN	8	4903_TN	12.895765	13.838645
AGGTCTACACATACTG-4903_TN	3	4903_TN	11.134711	10.971742
ACTGTGAGTTTATGCG-4903_TN	iCAF	4903_TN	11.885366	14.808691
CATGGTAGTGTTCAGT-4903_TN	iCAF	4903_TN	11.121401	13.57366
CTCAATTTCATGCCCT-4903_TN	8	4903_TN	12.087652	11.972296
ACAAGCTAGTTCACTG-4903_TN	0	4903_TN	8.35321	12.204624
AGTGATCGTTCCCAAA-4903_TN	8	4903_TN	10.117534	14.212577
CTAAGTGCAGTTGTCA-4903_TN	iCAF	4903_TN	10.336496	15.353313
AGAAGTAGTGACTGTT-4903_TN	8	4903_TN	12.9299	13.987008
GTCAAACCACAGCCAC-4903_TN	3	4903_TN	11.922268	11.028081
GTACAACCATAGTCGT-4903_TN	7	4903_TN	9.53162	11.337068
TTCTGTACAGCATCTA-4903_TN	5	4903_TN	7.0405846	4.787727
TCATTACCAAGAGGCT-4903_TN	8	4903_TN	12.2577	12.221922
GTGGAAGGTAACCCGC-4903_TN	0	4903_TN	7.3199167	11.338815
GCAGCCACACGGCCAT-4903_TN	8	4903_TN	9.670524	13.771763
TGGGAGATCTTACTGT-4903_TN	8	4903_TN	10.763165	13.104187
TTCTTGATCGCTCTCA-4903_TN	2	4903_TN	11.116641	4.3982954
TCTTTGATCCCTCTCC-4903_TN	iCAF	4903_TN	12.963413	15.525679
AGGGAGTGTTGGTGTT-4903_TN	7	4903_TN	9.689556	12.261772
CAGCGTGAGATCCTAC-4903_TN	7	4903_TN	9.955275	11.204651
AAGACTCTCACCTCTG-4903_TN	0	4903_TN	7.6616583	10.449405
CACGTTCGTACAGCGA-4903_TN	8	4903_TN	11.534479	13.086944
CATTCATAGACCAGAC-4903_TN	8	4903_TN	10.084363	13.773485
GTCCCATAGCGAGGAG-4903_TN	iCAF	4903_TN	11.757416	14.723909
TGCTTGCCACAACGCC-4903_TN	0	4903_TN	6.2489347	12.343784
AGATCCAAGCTGACTT-4903_TN	iCAF	4903_TN	13.155816	13.829251
ATCGATGAGTGGTTGG-4903_TN	0	4903_TN	7.555031	9.898219
CGGCAGTTCGAGAAAT-4903_TN	8	4903_TN	10.490918	14.160816
GTCATCCAGTAGGATT-4903_TN	7	4903_TN	10.216332	12.629789
GTGTGATTCGGCTGAC-4903_TN	6	4903_TN	7.8560834	9.650553
TTGTGTTAGGCACTAG-4903_TN	myCAF	4903_TN	11.78765	6.395591
TTGGTTTTCCACAGGC-4903_TN	iCAF	4903_TN	13.141535	14.274445
CGTAAGTCAGTAGATA-4903_TN	iCAF	4903_TN	12.163872	15.800033
CTATCCGGTACCGGAA-4903_TN	iCAF	4903_TN	13.082396	13.808552
ATTCAGGCAAGCGAAC-4903_TN	8	4903_TN	10.760742	14.478761
GCATGATAGTGATGGC-4903_TN	7	4903_TN	10.400797	12.424624
CTTCTAAAGTAAACTG-4903_TN	7	4903_TN	10.628939	12.755994
AATCGTGGTCACAGAG-4903_TN	iCAF	4903_TN	12.548876	14.132263
TGTAGACTCGAAACAA-4903_TN	8	4903_TN	11.301696	13.226892
TGCGGGTTCTAGCCTC-4903_TN	iCAF	4903_TN	13.729571	14.433778
GTACAGTGTGTTACAC-4903_TN	6	4903_TN	7.4793954	8.49851
GTTGTCCTCGCGATCG-4903_TN	8	4903_TN	13.153211	13.127345
TTGGGCGGTCCGGATC-4903_TN	0	4903_TN	6.678296	12.441556
ATCGTAGCATACAGCT-4903_TN	myCAF	4903_TN	12.824633	6.0460567
TAGACCACATCCGTTC-4903_TN	iCAF	4903_TN	10.762177	14.811502
CGATGCGGTCCAAAGG-4903_TN	0	4903_TN	7.3753476	10.292585
GAGATGGCAGCGCTTG-4903_TN	iCAF	4903_TN	10.869979	13.722786
ATGCATGCATTGAAGA-4903_TN	0	4903_TN	7.6505613	11.292875
GGTAATCAGGACGCAT-4903_TN	0	4903_TN	8.330781	9.805335
TACTTGTAGTAGACAT-4903_TN	6	4903_TN	9.084014	7.354121
AAAGTCCCAAATGCGG-4903_TN	3	4903_TN	9.904318	11.863835
CGGAACCTCTCTCGCA-4903_TN	iCAF	4903_TN	13.722749	14.771546
GGGTTATTCGTAGGGA-4903_TN	8	4903_TN	9.223916	13.117339
TGGATGTGTAGTAAGT-4903_TN	0	4903_TN	7.7378316	12.36997
TGTTACTTCGTAATGC-4903_TN	8	4903_TN	13.888705	13.770563
GGAATCTGTCATCTAG-4903_TN	iCAF	4903_TN	12.36144	13.488548
CAACCTCGTTCATCTT-4903_TN	3	4903_TN	11.4180355	10.6346855
TTAGTCTTCCGTCCTA-4903_TN	iCAF	4903_TN	10.415832	15.132152
ATGAGTCCAAGTTCGT-4903_TN	6	4903_TN	7.8346996	8.169276
AACAACCCACTGGACC-4903_TN	8	4903_TN	11.684338	12.815552
GAGCTGCGTTGGAGAC-4903_TN	7	4903_TN	9.635677	11.705321
TTTGGAGTCATAGGCT-4903_TN	8	4903_TN	9.899719	15.190753
CTACATTGTCATGGCC-4903_TN	3	4903_TN	10.870259	11.434435
GACGTTACACCATAAC-4903_TN	5	4903_TN	10.023401	6.8723664
CTGGCAGCATGGGAAC-4903_TN	0	4903_TN	9.056351	12.764708
ACTGTGAGTGCCTACG-4903_TN	myCAF	4903_TN	11.957522	8.236234
TGATCTTCACGACCTG-4903_TN	iCAF	4903_TN	13.060127	14.647811
AACCAACCATACGCAT-4903_TN	7	4903_TN	9.707131	11.899896
ACATGCAGTTTGACAC-4903_TN	0	4903_TN	8.702588	11.221888
AGCGTCGGTACAGCGA-4903_TN	6	4903_TN	9.433486	8.885901
CAGCACGTCGGCTCTT-4903_TN	8	4903_TN	13.971691	13.783492
TTACAGGCATCCGATA-4903_TN	iCAF	4903_TN	12.097609	15.68856
GAATCACCACTTACAG-4903_TN	10	4903_TN	1.672289	4.778062
CCTCCAAAGCTGTACT-4903_TN	7	4903_TN	9.981056	12.576856
TTCCTCTGTGTATTGC-4903_TN	0	4903_TN	6.7522793	11.603981
TTCTAGTAGCCTCAGC-4903_TN	8	4903_TN	11.525765	12.282669
TGAGGAGAGGGACTGT-4903_TN	5	4903_TN	6.973621	3.2003083
AGGTTGTCATAACAGA-4903_TN	8	4903_TN	9.889928	12.571534
GGAGCAAGTGTCATCA-4903_TN	8	4903_TN	10.350227	13.259601
ACCGTTCTCTTCGTGC-4903_TN	8	4903_TN	11.542001	12.494376
CCTCCAAGTAGCTAAA-4903_TN	iCAF	4903_TN	10.017358	14.429691
GACTGATTCGCTTGCT-4903_TN	3	4903_TN	10.524121	11.97082
AAACGAAAGGGCCCTT-4903_TN	8	4903_TN	10.148718	14.227266
TAACCAGAGTAGATCA-4903_TN	0	4903_TN	7.1499386	9.785117
GCTTCACTCTTGTTAC-4903_TN	0	4903_TN	8.878401	14.104023
GGCAGTCCAATTGCTG-4903_TN	myCAF	4903_TN	12.292405	8.209492
GTTAGTGTCTCGTCGT-4903_TN	0	4903_TN	8.021929	11.602373
TGTTACTTCCATAGGT-4903_TN	0	4903_TN	6.7185616	11.396161
CTTCGGTAGTCAATCC-4903_TN	10	4903_TN	1.6910226	3.5128624
CCGGTGACAGTGTATC-4903_TN	9	4903_TN	8.267071	14.323159
GATTCTTGTATCACGT-4903_TN	7	4903_TN	11.294685	12.992429
GTCTACCGTCACATTG-4903_TN	3	4903_TN	10.936502	11.977894
CTATCCGGTTTCACTT-4903_TN	iCAF	4903_TN	11.652798	15.373618
TTGCGTCGTTCTAAGC-4903_TN	8	4903_TN	12.046776	13.441581
GCGATCGGTGTTAAAG-4903_TN	0	4903_TN	7.1693516	10.280066
ATGTCTTTCAACGAGG-4903_TN	7	4903_TN	10.2845	13.827374
CTAGGTAAGTAACAGT-4903_TN	8	4903_TN	13.786861	14.120382
CAACGGCCACTAAACC-4903_TN	6	4903_TN	7.491522	8.263054
CCGTGAGGTTAAACAG-4903_TN	0	4903_TN	6.245776	12.019563
TTGCGTCCATAGGTTC-4903_TN	11	4903_TN	13.071909	3.7884343
ATTCCCGTCTCTCGAC-4903_TN	iCAF	4903_TN	11.192565	12.909092
CGATGCGTCCATCAGA-4903_TN	iCAF	4903_TN	13.206544	15.111116
GCGAGAAAGTCACACT-4903_TN	iCAF	4903_TN	11.451324	13.650678
ATGTCTTAGTATGATG-4903_TN	myCAF	4903_TN	12.956005	7.5797205
GTCTCACCAGAAGTTA-4903_TN	iCAF	4903_TN	12.837114	14.755909
GCTACCTCAGCGGTTC-4903_TN	6	4903_TN	8.129954	9.5393915
AGTTCCCAGGTCGTAG-4903_TN	10	4903_TN	2.5131586	5.426921
CATCGTCCAGAGTGTG-4903_TN	6	4903_TN	10.020475	9.959715
TCGAAGTTCGCGAAGA-4903_TN	8	4903_TN	9.807829	15.1010275
GTAGCTACACGCTGCA-4903_TN	iCAF	4903_TN	13.266993	14.356448
TTGAACGAGCACTAAA-4903_TN	11	4903_TN	13.456311	4.4836473
TGATTTCTCGTGCACG-4903_TN	iCAF	4903_TN	11.685502	14.3162
GTGCTTCTCAACGCTA-4903_TN	6	4903_TN	7.291567	7.9626455
TCCTGCATCTCTGAGA-4903_TN	8	4903_TN	12.400908	13.425555
GCTGAATGTAGGATAT-4903_TN	8	4903_TN	11.723025	13.682345
AGTGACTCATTGCTTT-4903_TN	0	4903_TN	9.063517	12.478896
TCCTGCACATAGAATG-4903_TN	7	4903_TN	11.680246	13.167717
GGGATGATCTGAGCAT-4903_TN	8	4903_TN	10.732978	14.508735
TCAGCCTAGTACCCTA-4903_TN	iCAF	4903_TN	12.726037	14.107386
CGCCAGAGTCTACGAT-4903_TN	iCAF	4903_TN	10.396706	15.475168
CGAGGCTTCTACCAGA-4903_TN	myCAF	4903_TN	13.5669775	7.073047
ATTCCATCAGAAGTTA-4903_TN	iCAF	4903_TN	12.166625	14.713246
ATGCGATGTGGTACAG-4903_TN	3	4903_TN	9.227768	13.408973
GTCGTAATCCCTCTTT-4903_TN	6	4903_TN	9.235896	8.875588
AGGAATAAGTGCAACG-4903_TN	6	4903_TN	7.3067307	8.238847
ACCCTCATCCCGATCT-4903_TN	8	4903_TN	10.824977	13.050512
GTTACGAAGCAAACAT-4903_TN	iCAF	4903_TN	10.862333	14.107155
CCGATGGAGTTTGCTG-4903_TN	8	4903_TN	10.712724	13.40758
TCGTGGGAGCATAGGC-4903_TN	6	4903_TN	10.252871	9.563886
ATCGGCGTCCCGTTGT-4903_TN	iCAF	4903_TN	11.338447	14.894662
CTGTGGGTCCCTCGAT-4903_TN	11	4903_TN	10.501211	5.533028
GACCTTCTCGACGTCG-4903_TN	0	4903_TN	7.40124	10.120827
TGAGGTTCACAAGTTC-4903_TN	7	4903_TN	9.259196	13.682438
CTCCAACAGAGTCACG-4903_TN	7	4903_TN	8.721822	12.054811
GTTGAACCAGCTACCG-4903_TN	0	4903_TN	5.084621	12.156469
TAGACCACAAGACAAT-4903_TN	0	4903_TN	8.347985	10.347939
TAGGTACAGGAGTACC-4903_TN	7	4903_TN	10.6620245	12.227787
GTAGATCTCCTCGATC-4903_TN	8	4903_TN	10.213014	13.086389
TTACTGTCATGCCGGT-4903_TN	11	4903_TN	13.892042	8.979528
AAGTTCGTCGAGCCAC-4903_TN	0	4903_TN	7.083063	11.445012
TCGCTCATCACCATCC-4903_TN	8	4903_TN	11.963858	12.377661
TGTTTGTGTGAGTCAG-4903_TN	0	4903_TN	7.3349943	11.782252
AGATCGTGTCGAGTGA-4903_TN	5	4903_TN	6.933687	3.1506953
TAGACTGGTCTACACA-4903_TN	0	4903_TN	5.538066	12.452515
GGTCTGGCAACCGGAA-4903_TN	iCAF	4903_TN	11.135162	15.7318125
AACCACAGTTAATCGC-4903_TN	iCAF	4903_TN	10.462528	14.573951
TACCTGCTCGCTTGCT-4903_TN	7	4903_TN	10.243827	12.617774
GGATCTATCCAATCTT-4903_TN	8	4903_TN	13.353669	14.119127
AACAAGAGTAGTAAGT-4903_TN	myCAF	4903_TN	12.796392	4.888628
TTGAACGCAGCACACC-4903_TN	8	4903_TN	11.515656	13.739303
CAGCAATAGGGCATGT-4903_TN	3	4903_TN	10.418043	11.403465
TGCGGCAGTAGGATAT-4903_TN	8	4903_TN	10.284101	14.1724415
CAGCCAGTCATTCTTG-4903_TN	0	4903_TN	5.9132857	12.214062
AGTCAACTCGCTGATA-4903_TN	6	4903_TN	9.085928	9.447904
TGTAACGTCCAAGCTA-4903_TN	iCAF	4903_TN	13.526415	14.561489
CTACTATTCCCTCTAG-4903_TN	iCAF	4903_TN	9.434643	14.728818
CCCTAACCACGTTGGC-4903_TN	0	4903_TN	6.946684	11.437262
GAGGGATGTGACTCTA-4903_TN	iCAF	4903_TN	11.482999	15.189967
CTAAGTGTCTGGTGGC-4903_TN	iCAF	4903_TN	12.184946	15.678687
AGCGTATCACTATCGA-4903_TN	iCAF	4903_TN	12.171139	14.829956
AGTCATGAGTTACTCG-4903_TN	iCAF	4903_TN	11.850771	13.723251
GCCATGGTCAGTAGGG-4903_TN	0	4903_TN	8.789205	14.144824
CCACACTGTCCTGTTC-4903_TN	11	4903_TN	11.907012	5.2090993
AACAAAGTCGTGTGAT-4903_TN	8	4903_TN	11.455269	12.676852
TTGTTGTAGAGAGGGC-4903_TN	10	4903_TN	1.2239254	5.403679
ATACTTCTCGCACGGT-4903_TN	10	4903_TN	0.76740766	5.096396
AGATCGTCAGTGCCTG-4903_TN	3	4903_TN	10.839567	12.192098
AGCGTCGAGAGCTTTC-4903_TN	8	4903_TN	12.497217	11.516531
GGTGAAGTCCAAGAGG-4903_TN	iCAF	4903_TN	12.415326	14.8675165
AGCGTCGGTCATATGC-4903_TN	3	4903_TN	12.163108	9.4488945
CTTCTCTCAGCATACT-4903_TN	3	4903_TN	9.641437	11.091199
TACGCTCTCCAACTAG-4903_TN	8	4903_TN	11.256744	12.3962145
CATTCCGGTGAGAGGG-4903_TN	8	4903_TN	10.371598	13.116449
GGTGTTAGTCTTTCAT-4903_TN	iCAF	4903_TN	11.123891	15.35908
TCGACGGAGCCTTGAT-4903_TN	0	4903_TN	8.543666	11.750145
CACAGATCAGGAATAT-4903_TN	0	4903_TN	8.891719	13.014177
TGTGAGTAGTTACTCG-4903_TN	9	4903_TN	8.645447	14.293826
CTTGAGAGTCGGCTAC-4903_TN	iCAF	4903_TN	12.290015	13.786114
CAAAGAATCTAGCCAA-4903_TN	8	4903_TN	10.28992	13.932616
ATCTCTAAGGTAGCAC-4903_TN	6	4903_TN	9.512516	8.3178005
TATATCCCAAAGTATG-4903_TN	8	4903_TN	9.798226	13.088368
CGTTCTGGTTGCATGT-4903_TN	7	4903_TN	9.622116	12.944135
GCGGAAATCTCGCCTA-4903_TN	iCAF	4903_TN	11.115135	13.514838
GATGTTGTCTAGGCAT-4903_TN	iCAF	4903_TN	10.8482685	15.525905
CATGGTAGTACGACTT-4903_TN	iCAF	4903_TN	12.707573	14.972851
CGCATAACACAGTACT-4903_TN	iCAF	4903_TN	11.322448	14.666258
AGAACCTCAAGACCTT-4903_TN	6	4903_TN	9.570946	8.755509
CTTACCGGTCGCGGTT-4903_TN	8	4903_TN	12.974342	11.355623
CCATCACCATGGCCAC-4903_TN	iCAF	4903_TN	12.5815	14.407944
TAGATCGAGGGTTGCA-4903_TN	2	4903_TN	9.25619	1.5819658
TCGACCTCAAGGCTTT-4903_TN	8	4903_TN	9.1881895	13.545247
AGTCATGCACAGTACT-4903_TN	8	4903_TN	10.930839	14.185704
CCATAAGAGGAAAGGT-4903_TN	8	4903_TN	11.440257	12.423459
GGGCTCACACACAGAG-4903_TN	8	4903_TN	10.165152	13.396197
CCTTTGGAGACTCATC-4903_TN	8	4903_TN	11.858954	12.370459
CTGCTCACACCCTAAA-4903_TN	0	4903_TN	7.410171	12.68679
AGAGAATCAAGTCGTT-4903_TN	8	4903_TN	9.73637	14.674505
TCTGTCGCACTATGTG-4903_TN	0	4903_TN	8.013066	10.85696
CATCAAGAGGCGATAC-4903_TN	8	4903_TN	11.534191	13.872538
TGCTGAATCACACCGG-4903_TN	8	4903_TN	10.824925	10.63317
AATTTCCCAGCCTACG-4903_TN	9	4903_TN	6.609104	15.823316
ATTACTCAGGGTCTTT-4903_TN	iCAF	4903_TN	12.453963	13.417833
CAGATACAGAGTTGAT-4903_TN	5	4903_TN	7.063067	4.080606
TAGACTGAGTTGTCGT-4903_TN	myCAF	4903_TN	11.610208	7.301028
TGTTCTAAGACCAGAC-4903_TN	5	4903_TN	8.019609	5.5220594
TTTGATCAGCTCATAC-4903_TN	8	4903_TN	12.516558	12.670659
GTAATCGAGCCAAGGT-4903_TN	iCAF	4903_TN	11.777443	15.067407
AGCTTCCAGAAAGCGA-4903_TN	5	4903_TN	6.394548	4.7297316
TGCCGAGAGAAACTAC-4903_TN	8	4903_TN	12.361721	13.3940735
CTCAATTCAGGTAGTG-4903_TN	iCAF	4903_TN	11.156833	13.979307
TAGGTACGTAGGAGTC-4903_TN	7	4903_TN	10.080529	10.999486
TCCGAAAGTCACTAGT-4903_TN	0	4903_TN	5.3598084	9.979987
CGCCAGATCTCAATCT-4903_TN	6	4903_TN	10.309988	9.136899
TTACCATTCTGGCCGA-4903_TN	8	4903_TN	9.650122	13.3597145
CTCTCAGGTCAAATCC-4903_TN	iCAF	4903_TN	11.46627	15.249049
CACACAAGTCTTCCGT-4903_TN	iCAF	4903_TN	10.019889	14.661969
TTCGCTGTCACTGTCC-4903_TN	iCAF	4903_TN	13.1729	14.994883
CGTGCTTAGCTACAAA-4903_TN	iCAF	4903_TN	11.067812	13.824839
TGACGCGAGGCTGTAG-4903_TN	3	4903_TN	11.797572	9.603163
AGGTGTTAGCGTGCCT-4903_TN	iCAF	4903_TN	11.701049	13.7104225
GGGTATTTCTCAGTCC-4903_TN	7	4903_TN	9.039095	12.378166
TGATGGTTCGAATGCT-4903_TN	iCAF	4903_TN	10.229149	14.564607
ACGGTTATCAGAACCT-4903_TN	iCAF	4903_TN	11.617669	14.263192
TCGACCTCAGCTACCG-4903_TN	0	4903_TN	6.484948	12.476389
GTCCTCAGTTTGTTCT-4903_TN	3	4903_TN	11.932492	9.681073
CTTTCGGGTGCTCTTC-4903_TN	2	4903_TN	12.251302	3.7711353
ATTCCTAAGGAACGTC-4903_TN	0	4903_TN	7.168987	12.744576
TATCTTGAGCGACCCT-4903_TN	9	4903_TN	8.4893265	14.127561
GGCAGTCGTCTGTAAC-4903_TN	7	4903_TN	10.65192	11.689172
GTGAGCCCATAGTCGT-4903_TN	8	4903_TN	10.278835	13.815294
CTGGCAGTCGTTATCT-4903_TN	8	4903_TN	12.195289	11.832017
GGACGTCTCTATGTGG-4903_TN	0	4903_TN	9.432537	14.070828
GATCACACAGTGTGGA-4903_TN	3	4903_TN	9.68487	12.755799
TGAACGTGTGGAGGTT-4903_TN	5	4903_TN	8.060538	6.407859
GATTCTTTCCTGATAG-4903_TN	7	4903_TN	11.689332	13.1807785
GGTCTGGGTGGTCTGC-4903_TN	0	4903_TN	7.68843	12.660415
ATTCGTTGTACTCGAT-4903_TN	5	4903_TN	6.934869	4.3939104
CCAATGAGTGTCCAAT-4903_TN	iCAF	4903_TN	11.388026	15.042338
TCGTAGAAGACATCAA-4903_TN	6	4903_TN	7.463159	7.77134
TCCATCGCAAATAGCA-4903_TN	7	4903_TN	9.320401	13.535473
GTCGAATAGACAGTCG-4903_TN	iCAF	4903_TN	12.465299	13.827025
TGAGTCATCCGCGATG-4903_TN	iCAF	4903_TN	11.277228	16.03731
AGCGATTTCGGAAACG-4903_TN	iCAF	4903_TN	10.368943	14.028013
GAACACTGTAACACGG-4903_TN	iCAF	4903_TN	12.080515	15.259604
TGTAACGGTACTTGTG-4903_TN	iCAF	4903_TN	12.807642	13.439768
ACAACCATCTTCTCAA-4903_TN	iCAF	4903_TN	11.900935	15.7387085
CCACACTGTGGCGTAA-4903_TN	8	4903_TN	10.382791	14.032979
GAATCACCAACGTATC-4903_TN	iCAF	4903_TN	10.097433	15.561527
TCGTGCTTCATTGGTG-4903_TN	3	4903_TN	11.985365	9.886593
ATTATCCCACGACAGA-4903_TN	9	4903_TN	5.530055	15.792618
TAGGTTGAGGTCGCCT-4903_TN	9	4903_TN	7.7563	16.15013
TGCGGGTGTTGGATCT-4903_TN	iCAF	4903_TN	13.379984	14.415859
GACCTTCGTGGCCACT-4903_TN	9	4903_TN	6.8491096	16.13767
GTCAAACCATACAGGG-4903_TN	0	4903_TN	5.227943	10.099544
GTCGTTCTCTAGGCAT-4903_TN	myCAF	4903_TN	11.326359	8.279512
CATCGCTGTATTGCCA-4903_TN	2	4903_TN	12.4860735	3.6016088
AATGACCTCCATTGGA-4903_TN	9	4903_TN	7.0879407	13.364948
CGTCAAATCCAATCTT-4903_TN	0	4903_TN	6.966475	11.510529
CATTCCGTCGAACACT-4903_TN	iCAF	4903_TN	11.053626	14.590234
TATACCTTCGGTTGTA-4903_TN	6	4903_TN	7.631687	8.078664
TGTTCCGTCGTCGGGT-4903_TN	7	4903_TN	9.91407	12.168535
AAGCGAGGTGGACTAG-4903_TN	8	4903_TN	11.286193	12.041291
TCTGTCGCATGATAGA-4903_TN	0	4903_TN	8.266437	11.355682
CTGTGAATCAGCAATC-4903_TN	0	4903_TN	7.1339808	11.710262
ATTATCCGTCTTGGTA-4903_TN	9	4903_TN	9.005352	15.212297
CGAATTGAGCCTAACT-4903_TN	3	4903_TN	9.6668215	10.737651
TAGGAGGTCACGGGAA-4903_TN	7	4903_TN	9.065029	13.686807
AGACACTGTAGCTTTG-4903_TN	10	4903_TN	1.825923	4.998058
TCATTGTGTCATCAGT-4903_TN	3	4903_TN	9.965279	10.83874
AAGATAGCAGAGTGAC-4903_TN	iCAF	4903_TN	11.709292	15.497247
CGTGTCTTCGATTGGT-4903_TN	5	4903_TN	7.7885847	5.7141967
TACACCCTCAAGTCTG-4903_TN	iCAF	4903_TN	9.882999	14.729056
CTGCCTATCCGTACGG-4903_TN	iCAF	4903_TN	11.040434	14.305234
TCTCTGGAGTAGATCA-4903_TN	8	4903_TN	10.20558	14.433037
CAGTGCGCATGTGGCC-4903_TN	myCAF	4903_TN	12.258899	6.014567
GTGGAAGTCCACTTCG-4903_TN	iCAF	4903_TN	12.079044	14.883639
CCCAACTAGGTAGATT-4903_TN	iCAF	4903_TN	10.207736	15.415523
ATGATCGGTAGGCAGT-4903_TN	6	4903_TN	9.516126	7.996465
TATATCCGTTACACAC-4903_TN	iCAF	4903_TN	11.772521	14.038638
CTCCTCCTCGCTTGAA-4903_TN	8	4903_TN	12.600827	12.15763
ATGCGATAGCGATCGA-4903_TN	7	4903_TN	9.352795	12.072136
ATTCTACGTGCAATGG-4903_TN	8	4903_TN	12.783699	14.06713
ACTGTCCAGCACTCCG-4903_TN	6	4903_TN	8.850726	10.114627
GGTGAAGCATGGTGGA-4903_TN	3	4903_TN	12.195798	9.547449
AAGCGTTCAGTTAGGG-4903_TN	iCAF	4903_TN	10.267611	14.957737
CACAGATAGACCACGA-4903_TN	apCAF	4903_TN	9.006405	-0.6147239
ACCTGTCAGTTACGGG-4903_TN	7	4903_TN	10.132796	12.214748
TACGCTCGTGTCTTCC-4903_TN	0	4903_TN	7.9411902	12.945001
CCGGTGATCAACTCTT-4903_TN	11	4903_TN	14.322191	6.48829
ACGGAAGAGACCTCCG-4903_TN	0	4903_TN	5.065613	11.233565
CAGGTATGTTCCGGTG-4903_TN	iCAF	4903_TN	12.996578	13.443345
CTCAGGGGTAGTGGCA-4903_TN	iCAF	4903_TN	11.277156	14.659771
ATGGTTGCAATCCTTT-4903_TN	0	4903_TN	5.731692	12.640625
AGTTCGAGTCTGTTAG-4903_TN	iCAF	4903_TN	11.47368	15.499451
GTCATTTGTTGTGCAT-4903_TN	0	4903_TN	5.085866	12.210378
GATGGAGTCGTTAGTG-4903_TN	5	4903_TN	7.8213077	5.2997785
CGGCAGTTCTCTGAGA-4903_TN	0	4903_TN	8.187169	11.301665
TCCATGCAGCGAACTG-4903_TN	9	4903_TN	8.229103	13.371805
TTGGTTTCAGACGGAT-4903_TN	7	4903_TN	9.578644	11.774444
GAGGGTACATGTCGTA-4903_TN	0	4903_TN	8.090741	12.2231655
GTCGTTCCAAATCGGG-4903_TN	0	4903_TN	8.73156	13.9457855
AATCGTGTCCCAATAG-4903_TN	0	4903_TN	6.191242	11.567829
GCCCGAAGTGGTCCGT-4903_TN	3	4903_TN	10.937338	9.879865
CCAATTTAGTAGACAT-4903_TN	apCAF	4903_TN	8.406378	-0.37340164
GCTACAACATAAGCGG-4903_TN	iCAF	4903_TN	11.285207	15.096223
TCGGGCACATGACGTT-4903_TN	6	4903_TN	9.029914	9.689324
GGAGGTAAGACTCGAG-4903_TN	8	4903_TN	12.358335	13.854705
ATTCGTTAGGTTCATC-4903_TN	3	4903_TN	9.918869	10.561684
ACTATGGAGGTCGTAG-4903_TN	iCAF	4903_TN	9.226099	14.682701
AGGACGATCGGACTGC-4903_TN	iCAF	4903_TN	10.940244	15.620585
GGGCTACTCACTGATG-4903_TN	iCAF	4903_TN	12.943264	14.834273
TGGAACTCAAAGGATT-4903_TN	iCAF	4903_TN	10.379487	14.98792
GTGGGAACAGTATGAA-4903_TN	3	4903_TN	10.091967	10.427622
GTTATGGCAGCTCCTT-4903_TN	myCAF	4903_TN	11.302749	7.4251246
GTCGAATAGAGTGAAG-4903_TN	7	4903_TN	9.585333	12.797504
TGGAGGATCGATGCTA-4903_TN	7	4903_TN	9.885106	10.997227
TTACCATAGTGAGTTA-4903_TN	0	4903_TN	8.593252	13.372342
GAGTCTAGTCTTTCTA-4903_TN	3	4903_TN	10.968497	9.426891
TTCCTCTAGACGACTG-4903_TN	0	4903_TN	7.581537	12.72041
GGGCTACAGGCCTTGC-4903_TN	8	4903_TN	9.513449	13.980334
CTAAGTGTCAAGTCGT-4903_TN	8	4903_TN	10.046992	15.016534
AAAGAACTCATTATCC-4903_TN	iCAF	4903_TN	11.715044	14.891082
GCTTCACAGGCTATCT-4903_TN	8	4903_TN	11.221281	13.060931
TGTAAGCAGCCAGAGT-4903_TN	iCAF	4903_TN	13.238263	14.698948
CGCAGGTCATGGATCT-4903_TN	6	4903_TN	8.122814	7.725636
TGAGGAGCACTTGGGC-4903_TN	7	4903_TN	9.188277	13.546714
ATCGGCGAGCTTCGTA-4903_TN	8	4903_TN	11.091058	14.222627
AGAACCTAGTTAGTGA-4903_TN	3	4903_TN	10.136715	11.031116
GTCTGTCCAATGAACA-4903_TN	2	4903_TN	9.88724	1.7121164
TTGTTGTGTGAACTAA-4903_TN	iCAF	4903_TN	10.708929	14.168858
GAAGCCCCACGCTGCA-4903_TN	0	4903_TN	6.6827083	11.207072
TTACCATTCACAAGGG-4903_TN	3	4903_TN	10.4344015	11.311999
CATTCTAGTTGGAGAC-4903_TN	6	4903_TN	9.452227	8.499698
GGCGTCAAGACTTCAC-4903_TN	0	4903_TN	8.163389	9.836115
TGTAACGGTATGTCAC-4903_TN	0	4903_TN	6.932119	12.205288
TCATACTCAGGACTTT-4903_TN	iCAF	4903_TN	9.135033	14.389332
TGTCCACCAGTGCGCT-4903_TN	11	4903_TN	14.427828	6.610627
CATAGACCAGGATCTT-4903_TN	6	4903_TN	8.551865	7.7559953
TGCGACGTCGAGAGAC-4903_TN	8	4903_TN	12.83968	13.813737
GGAGAACCATTAAGCC-4903_TN	5	4903_TN	6.939712	4.27701
TACGGGCGTCTCAGGC-4903_TN	5	4903_TN	8.645935	3.102615
AGGAATACAATACGCT-4903_TN	9	4903_TN	6.4195433	15.844518
TTTAGTCTCCACGTCT-4903_TN	iCAF	4903_TN	10.777839	13.828201
TGGATCAGTCCTGTCT-4903_TN	iCAF	4903_TN	13.199561	13.202025
GAACTGTAGAAGCGGG-4903_TN	0	4903_TN	9.153682	9.477499
ACGGTCGGTACGTGAG-4903_TN	myCAF	4903_TN	13.059346	7.7427797
TCCTCCCGTGGTCTGC-4903_TN	8	4903_TN	10.897744	13.115584
GGAATGGGTGTCTTGA-4903_TN	iCAF	4903_TN	10.621661	11.75145
GATCATGAGACATAAC-4903_TN	9	4903_TN	8.013418	14.542333
CGTGCTTCACTTCATT-4903_TN	iCAF	4903_TN	10.571034	14.636933
TGCGACGAGAGAACCC-4903_TN	myCAF	4903_TN	12.174708	8.19178
ACTTTCAGTTCTCGTC-4903_TN	myCAF	4903_TN	13.350982	6.624624
TGAGCGCCAAGTTGGG-4903_TN	6	4903_TN	9.394542	10.035929
GTGTGGCAGCATGTTC-4903_TN	8	4903_TN	12.988365	13.118484
GAAGCCCTCGGAGATG-4903_TN	9	4903_TN	8.486541	14.848754
AAAGGTATCACAAGGG-4903_TN	iCAF	4903_TN	11.426499	14.501576
TCTATACAGCCGATTT-4903_TN	8	4903_TN	10.085433	15.296352
CATACAGAGCTGCGAA-4903_TN	9	4903_TN	7.835201	13.975883
TTGTTGTGTTAATCGC-4903_TN	6	4903_TN	9.915557	9.377996
TCAAGCAAGTTGCTGT-4903_TN	0	4903_TN	7.326777	13.284755
GCCATGGAGGGTGGGA-4903_TN	8	4903_TN	10.798889	14.322128
GACAGCCTCTCTAAGG-4903_TN	11	4903_TN	13.915099	4.2388477
GTCACGGAGAGCAAGA-4903_TN	9	4903_TN	9.323426	13.618824
CATTCATCATGGGAAC-4903_TN	iCAF	4903_TN	11.738912	14.025007
TTCTTGATCATACAGC-4903_TN	iCAF	4903_TN	13.028275	13.789726
TCCCATGCATCGGCCA-4903_TN	8	4903_TN	10.234546	14.219467
GTTCTATGTCGGTGTC-4903_TN	iCAF	4903_TN	12.045	15.786916
CCACTTGGTCGAACAG-4903_TN	iCAF	4903_TN	12.592877	14.70395
TGGGAGAAGACTGAGC-4903_TN	0	4903_TN	5.173001	12.049852
GACTGATCAGACCATT-4903_TN	iCAF	4903_TN	11.492892	14.04842
GTGTGATTCGCAGAGA-4903_TN	3	4903_TN	11.601503	10.8184185
TCGTGCTTCCGTAGGC-4903_TN	iCAF	4903_TN	12.067277	14.325326
GTGCACGCACTGGATT-4903_TN	0	4903_TN	7.730256	12.761015
CATTCATCATAAGATG-4903_TN	5	4903_TN	7.196298	3.7853553
TGCAGGCCACTACCGG-4903_TN	9	4903_TN	9.043449	13.564786
AGTGACTAGCATAGGC-4903_TN	iCAF	4903_TN	10.889937	14.290544
TGTAACGGTTCCTAGA-4903_TN	9	4903_TN	6.08434	15.598512
GCTGCAGGTGCAGATG-4903_TN	iCAF	4903_TN	10.039734	13.911426
AGCCAGCGTTCTCACC-4903_TN	11	4903_TN	13.372534	4.731338
GAGTGAGAGATGGCGT-4903_TN	9	4903_TN	9.1768055	14.294461
ACCGTTCAGCTAAATG-4903_TN	9	4903_TN	6.4815116	15.833961
TGTTCTACAGGAACCA-4903_TN	0	4903_TN	6.402211	12.337274
GATTGGTTCATCCTAT-4903_TN	7	4903_TN	8.850531	13.056959
GCGGAAACAATTGAAG-4903_TN	0	4903_TN	6.8886538	12.097736
GATTCGAGTGTCCACG-4903_TN	iCAF	4903_TN	11.097749	14.870952
CGGGACTGTCGGTAAG-4903_TN	0	4903_TN	8.609839	13.670354
TACCGAAGTTCCACAA-4903_TN	iCAF	4903_TN	12.908553	14.668153
ACGTACAAGATGGGCT-4903_TN	3	4903_TN	10.186622	11.450711
GTCTTTATCAGATGCT-4903_TN	9	4903_TN	8.578959	13.883149
ATTACCTGTTGCACGC-4903_TN	iCAF	4903_TN	12.066257	15.35426
TCGTGCTGTTAGAGTA-4903_TN	6	4903_TN	7.56965	7.7590237
TTGTTGTTCTGTGTGA-4903_TN	8	4903_TN	11.759131	14.225165
GGGATGAGTGTGCCTG-4903_TN	6	4903_TN	9.509845	9.140047
CACAGATTCCGTTTCG-4903_TN	7	4903_TN	10.073909	10.390201
GATCCCTGTTAAGGAT-4903_TN	0	4903_TN	7.6791596	11.823269
CGGGTCAAGCCAAGCA-4903_TN	iCAF	4903_TN	10.355105	14.687495
GGGAAGTTCGTTCTCG-4903_TN	8	4903_TN	11.49486	12.647033
GTTGAACTCCAATCTT-4903_TN	iCAF	4903_TN	11.86332	14.879918
TCATTCACACGGTGAA-4903_TN	7	4903_TN	11.077158	12.736009
CGCCATTAGATGCTGG-4903_TN	9	4903_TN	9.121894	13.456384
AGGGCCTTCGTTCCTG-4903_TN	iCAF	4903_TN	12.009521	13.671066
GTTTACTTCCGATTAG-4903_TN	2	4903_TN	10.650667	1.4576393
ATTCTTGGTTGCGGAA-4903_TN	6	4903_TN	9.946832	8.342146
TCCCAGTCAAAGCGTG-4903_TN	9	4903_TN	7.36898	14.247868
TGTGGCGTCTGTCAGA-4903_TN	8	4903_TN	10.394602	14.347791
CATTCATGTACGTGTT-4903_TN	0	4903_TN	8.416853	12.008318
CAGGCCAGTTTGATCG-4903_TN	8	4903_TN	13.903224	13.839217
CATACTTTCGTTTACT-4903_TN	iCAF	4903_TN	10.794126	15.521378
AGGGTCCTCAGCTGAT-4903_TN	8	4903_TN	9.207923	12.142881
TGGGCTGTCTAGACAC-4903_TN	iCAF	4903_TN	10.499003	14.400964
CCCTTAGTCTGGGATT-4903_TN	0	4903_TN	7.4445415	13.313773
GTGTAACGTTGCTGAT-4903_TN	0	4903_TN	9.124932	13.505859
AGGCTGCGTTCTCAGA-4903_TN	6	4903_TN	9.469679	8.231779
TCATGTTTCTCGAGTA-4903_TN	0	4903_TN	8.241205	12.317647
AGCGTCGCACATATCG-4903_TN	7	4903_TN	10.254647	10.966373
TCCTGCACATCATGAC-4903_TN	7	4903_TN	10.277318	11.342329
AGTGCCGAGTGCAGCA-4903_TN	0	4903_TN	9.060387	14.247831
TGGGCGTAGACCATAA-4903_TN	3	4903_TN	10.752425	7.361888
TCGTGCTCAAGCACAG-4903_TN	iCAF	4903_TN	11.5929575	13.442906
GACTCTCGTTGAAGTA-4903_TN	7	4903_TN	9.808097	11.566767
TCATACTTCGATGGAG-4903_TN	11	4903_TN	11.058274	5.7024817
ATCCGTCCATAGTCAC-4903_TN	8	4903_TN	11.587712	12.934763
TGCATGAGTAACACGG-4903_TN	myCAF	4903_TN	12.669082	6.886843
AATTTCCCAAATCGGG-4903_TN	iCAF	4903_TN	11.866781	14.105288
GACCCTTAGCGCGTTC-4903_TN	0	4903_TN	7.628781	12.812499
GTGCACGCATCGAAGG-4903_TN	iCAF	4903_TN	9.241339	14.642004
CATCAAGCAAATCAGA-4903_TN	8	4903_TN	10.014418	14.445612
GACATCAGTGGTTCTA-4903_TN	7	4903_TN	10.32722	11.065138
GACCCTTTCATTACCT-4903_TN	7	4903_TN	9.751072	11.369748
TGTTCATCATCCGAAT-4903_TN	0	4903_TN	8.214333	13.443042
TGCATGAAGCACTCTA-4903_TN	3	4903_TN	10.315336	8.787544
TGAGCGCGTATATGGA-4903_TN	10	4903_TN	1.9657062	5.14936
GTTACAGTCAGCTCTC-4903_TN	8	4903_TN	10.2983055	14.229685
TGGCGTGGTGCGAACA-4903_TN	11	4903_TN	10.767399	5.564074
CAGGGCTGTAACTTCG-4903_TN	7	4903_TN	9.869938	11.3457365
TCCCATGCATACAGCT-4903_TN	0	4903_TN	6.9980154	11.259353
TGTGAGTGTTCTCACC-4903_TN	8	4903_TN	11.061441	12.828753
TATTGCTAGTCGAGGT-4903_TN	7	4903_TN	10.279523	11.242975
ACACTGAGTACTCGCG-4903_TN	7	4903_TN	8.602806	13.450848
ACCCAAATCGGTTGTA-4903_TN	iCAF	4903_TN	10.860962	14.317275
AAGGTAACACAGCCTG-4903_TN	myCAF	4903_TN	12.291421	5.5287433
CAATCGAAGCCTGTCG-4903_TN	7	4903_TN	9.378569	10.771236
GTTCTATCAAGTAGTA-4903_TN	7	4903_TN	9.176774	13.666504
CTCCAACTCTTTCCGG-4903_TN	iCAF	4903_TN	11.722191	15.139014
ATGAAAGCATCCGAGC-4903_TN	9	4903_TN	8.742815	13.818614
GTAACCAGTTAGCGGA-4903_TN	myCAF	4903_TN	11.379644	7.143651
GTGCAGCTCCTCACCA-4903_TN	9	4903_TN	7.6217294	13.37322
GAAATGAAGGCGTCCT-4903_TN	8	4903_TN	12.0562315	13.795711
AAAGGGCCATGTGCCG-4903_TN	9	4903_TN	9.119529	14.005176
TGTACAGTCATTACCT-4903_TN	7	4903_TN	10.879252	12.860647
AAACGCTAGAGTGTTA-4903_TN	iCAF	4903_TN	10.548484	14.481123
GTAACACAGCTCAGAG-4903_TN	9	4903_TN	8.982096	14.126001
TCAATTCGTACTCGCG-4903_TN	iCAF	4903_TN	10.26585	15.049135
CCGATCTTCTCTTAAC-4903_TN	iCAF	4903_TN	12.323883	15.2068615
CCTCATGGTGAGTTTC-4903_TN	7	4903_TN	9.716836	11.412418
GAAGGGTTCTCCGCAT-4903_TN	7	4903_TN	9.539392	11.009938
TTTGGAGGTTAGGACG-4903_TN	8	4903_TN	10.707795	12.763469
AGTTCCCAGATGGCAC-4903_TN	iCAF	4903_TN	10.905007	15.081566
CCAATGAAGAGCTTTC-4903_TN	8	4903_TN	12.133208	13.3978405
CTGCATCTCGAATCCA-4903_TN	8	4903_TN	10.631547	9.838612
AGGGTTTTCGAAGCAG-4903_TN	6	4903_TN	9.0052185	8.248393
ATAGGCTCAAACGTGG-4903_TN	iCAF	4903_TN	9.748264	15.303077
ACATTTCCACTCCGAG-4903_TN	9	4903_TN	9.531047	13.563043
AGGCATTCATTGTCGA-4903_TN	9	4903_TN	6.9072	15.684929
GTGTTAGGTAGACGTG-4903_TN	9	4903_TN	12.008257	6.3372965
GATTCTTTCCCTCAAC-4903_TN	3	4903_TN	10.676706	10.360141
GTCGTAATCAAGCGTT-4903_TN	7	4903_TN	11.289919	11.191746
CACTTCGGTTAATCGC-4903_TN	8	4903_TN	10.960998	13.977989
CAGGTATCACTGTGTA-4903_TN	9	4903_TN	6.4592147	15.409263
GTTGTAGTCACTACTT-4903_TN	11	4903_TN	13.560654	3.1615367
TTTGGAGTCCGAGAAG-4903_TN	9	4903_TN	7.7024927	15.318204
AAATGGATCGCAATTG-4903_TN	0	4903_TN	7.2005277	13.214611
TGGAGAGTCTGGTGCG-4903_TN	3	4903_TN	10.786286	9.317349
TTACCATCAGTCCGTG-4903_TN	8	4903_TN	11.582619	10.379486
GTAATCGAGTTGTCGT-4903_TN	9	4903_TN	7.982987	14.355876
TTCTCTCAGTGCAAAT-4903_TN	9	4903_TN	8.03681	14.43682
TCGGGCAGTTCAGCGC-4903_TN	8	4903_TN	11.613144	13.145505
GGTGTCGGTTAGGAGC-4903_TN	iCAF	4903_TN	10.107542	15.721005
GACTCTCCAATCACGT-4903_TN	6	4903_TN	7.4428	7.6524596
ATTCCATCAGGATCTT-4903_TN	9	4903_TN	9.5618925	13.883514
ATGGTTGCAGGAGGAG-4903_TN	0	4903_TN	8.214466	13.700273
GGATGTTGTTGATGTC-4903_TN	5	4903_TN	7.9811397	4.850636
GCAGTTAAGGCGAACT-4903_TN	10	4903_TN	2.3901713	4.8473682
GACTCTCTCATGAAAG-4903_TN	8	4903_TN	9.926639	13.530352
AGAAATGCAGCTGTCG-4903_TN	3	4903_TN	9.564638	11.894447
CATCAAGGTACTGACT-4903_TN	9	4903_TN	7.0355105	15.0657835
GATTTCTCATCGCTGG-4903_TN	0	4903_TN	8.20148	12.336705
CAGCACGTCCCGTGTT-4903_TN	6	4903_TN	7.656022	8.1685095
GCAGTTAAGGCCACTC-4903_TN	0	4903_TN	7.6618643	13.523029
ACGTAACGTTCTTGTT-4903_TN	8	4903_TN	10.483378	14.555662
ACCTACCCACAGCTTA-4903_TN	iCAF	4903_TN	10.3464985	15.683369
TCACAAGTCCTCACCA-4903_TN	8	4903_TN	9.890862	13.560501
AGCGCTGGTTATAGAG-4903_TN	9	4903_TN	7.865371	14.24821
AACACACCAAACGTGG-4903_TN	9	4903_TN	9.839868	14.30876
ACACTGATCTCCTGTG-4903_TN	3	4903_TN	11.0552	9.833077
TTCCGTGGTTCTCCCA-4903_TN	myCAF	4903_TN	12.394452	6.969339
GTACAGTCAACCGGAA-4903_TN	7	4903_TN	10.270365	12.972278
GGTTGTAAGCACGGAT-4903_TN	9	4903_TN	9.552068	14.144795
CTTAGGAGTTATGACC-4903_TN	11	4903_TN	13.320032	4.5687094
CAACCAAGTCTGTCCT-4903_TN	9	4903_TN	8.379508	14.714753
TCGGGTGAGATACTGA-4903_TN	9	4903_TN	8.743832	14.2437935
TCTCAGCTCGCCCAGA-4903_TN	8	4903_TN	11.203583	14.164283
GTAACCATCAAAGAAC-4903_TN	0	4903_TN	5.805199	12.629052
GCGGATCAGATCACTC-4903_TN	9	4903_TN	8.545086	14.961975
CGGGTGTTCCTAAGTG-4903_TN	0	4903_TN	7.4718375	13.158576
GTACAGTGTGGAACCA-4903_TN	9	4903_TN	6.271732	16.303915
ACGATCACATGTACGT-4903_TN	myCAF	4903_TN	12.763944	5.923413
GTCGCGAAGATAGCTA-4903_TN	0	4903_TN	7.5073667	12.895271
TCCAGAATCCCAATAG-4903_TN	9	4903_TN	8.414974	13.386929
AATCACGTCAGAGTGG-4903_TN	7	4903_TN	8.641956	13.41129
GTGAGTTCAAATGCTC-4903_TN	8	4903_TN	9.8727	13.957509
ATTCAGGGTTCATCGA-4903_TN	10	4903_TN	1.3707465	5.1254263
AGGGTTTAGTCGCCCA-4903_TN	9	4903_TN	9.779399	14.970114
AAGCGTTTCGGTAGAG-4903_TN	9	4903_TN	6.638456	15.202789
CATCCGTGTCAACATC-4903_TN	9	4903_TN	8.8275585	14.475855
TGGTTAGTCTCGTGAA-4903_TN	9	4903_TN	7.9255943	15.68244
GGCGTCAAGTGACCTT-4903_TN	9	4903_TN	6.3570867	16.21659
TGCTTGCGTTGCATCA-4903_TN	9	4903_TN	8.439822	13.708687
CGATGGCTCACTTGGA-4903_TN	8	4903_TN	10.0164585	13.781275
TCATTCAAGGGTTAAT-4903_TN	9	4903_TN	7.056541	15.921638
GATGACTAGGTGTGAC-4903_TN	11	4903_TN	11.6326065	4.668555
GGTGGCTAGTACGTCT-4903_TN	5	4903_TN	9.8365755	8.237746
AAAGGTATCGCCTATC-4903_TN	11	4903_TN	13.222889	4.7207346
CCACACTCAGCAGAAC-4903_TN	iCAF	4903_TN	10.520836	14.972423
CCACCATTCACCTCAC-4903_TN	3	4903_TN	11.6460905	10.256783
TAACGACAGTGCCTCG-4903_TN	9	4903_TN	8.820229	14.881834
TCGCTCAAGGTTCCGC-4903_TN	3	4903_TN	11.506031	11.244429
GATAGAAGTCACTTCC-4903_TN	9	4903_TN	6.937348	15.645855
TTGCGTCCAAGAGTGC-4903_TN	9	4903_TN	7.2927003	16.289562
ATCGTGACACCTCGTT-4903_TN	9	4903_TN	6.8565855	15.676797
ATGCGATCACTGGCCA-4903_TN	3	4903_TN	10.481755	9.554645
CTCCCAAGTGCACATT-4903_TN	9	4903_TN	6.3195457	15.960298
CATCAAGAGGACGCAT-4903_TN	9	4903_TN	8.856408	14.329615
AGATAGAAGTGGACGT-4903_TN	8	4903_TN	11.056782	13.40375
AAGTTCGCAGCACCCA-4903_TN	9	4903_TN	8.097262	13.828682
GCATTAGTCACCGACG-4903_TN	9	4903_TN	6.68665	15.605113
TCATACTCAAAGAACT-4903_TN	11	4903_TN	13.725014	4.6770425
GAGTCTAAGAAGTATC-4903_TN	11	4903_TN	12.1808195	4.8918104
CTGTCGTCATGGGTTT-4903_TN	iCAF	4903_TN	9.81016	15.293007
ATTCTACTCGCACTCT-4903_TN	8	4903_TN	9.500497	11.7413845
TCCTCTTGTACTGCGC-4903_TN	9	4903_TN	11.355377	6.359462
TACGGGCGTCAGATTC-4903_TN	8	4903_TN	13.937212	13.606101
CATACAGTCGCAATTG-4903_TN	9	4903_TN	8.366115	14.687038
TCACACCCAACGGCCT-4903_TN	9	4903_TN	8.472554	15.015729
ATGGGTTTCGTTATCT-4903_TN	iCAF	4903_TN	9.81115	14.713526
TTGATGGTCGCCGATG-4903_TN	iCAF	4903_TN	11.301646	15.005077
ATACCGAGTTGCCGCA-4903_TN	iCAF	4903_TN	11.894446	14.381842
CAGCACGCAATTCGTG-4903_TN	iCAF	4903_TN	9.682393	15.156178
AGGATCTCAGGGTTGA-4903_TN	9	4903_TN	8.308763	15.648153
TGGGATTCAACAAGAT-4903_TN	2	4903_TN	11.107135	3.106022
GTGGCGTGTGATCGTT-4903_TN	0	4903_TN	7.685165	13.3209715
AGAGAATCAGAGCCCT-4903_TN	9	4903_TN	8.325567	13.945987
TCATTCAGTGGAAGTC-4903_TN	5	4903_TN	6.90946	2.9159677
ATCCGTCCACGGCACT-4903_TN	9	4903_TN	8.956237	14.482973
CGGAACCTCGAACACT-4903_TN	9	4903_TN	8.110646	14.963077
GCCCGAAAGTCCTGCG-4903_TN	iCAF	4903_TN	9.841313	14.864421
AGGTCATGTAGTCGTT-4903_TN	8	4903_TN	9.604582	13.588101
TCAGCCTCAGCCCAGT-4903_TN	9	4903_TN	7.6720395	14.637577
TTCCTCTTCTCACGAA-4903_TN	myCAF	4903_TN	13.053056	5.2092376
TCCTTTCCAGAGCCCT-4903_TN	iCAF	4903_TN	9.521763	15.092722
TGTACAGAGTAGCTCT-4903_TN	myCAF	4903_TN	12.8252945	7.81144
AGTGACTCACCACTGG-4903_TN	myCAF	4903_TN	12.992851	6.4047217
CATCGGGGTCAGTCTA-4903_TN	11	4903_TN	14.202752	6.492633
TGACCCTAGCCGTCGT-4903_TN	0	4903_TN	7.170422	13.192598
TACTTACTCCCAGTGG-4903_TN	8	4903_TN	9.827469	13.86059
TGTAGACGTTGGACCC-4903_TN	9	4903_TN	7.4644494	14.597992
GACTGATCACAAGGTG-4903_TN	9	4903_TN	8.70972	14.670236
GGCAGTCCATGACACT-4903_TN	8	4903_TN	10.22205	14.1631365
AGATGCTCATAACTCG-4903_TN	9	4903_TN	7.773242	15.897652
TCGCTCAGTATGTCTG-4903_TN	9	4903_TN	6.42875	16.227428
GAGAGGTTCTTGTTAC-4903_TN	11	4903_TN	11.76648	4.956787
GAGACTTAGTTGGGAC-4903_TN	11	4903_TN	13.003462	4.3507276
TCGGATATCAGTCTTT-4903_TN	9	4903_TN	7.6172667	16.206974
TATTGCTTCACGTCCT-4903_TN	9	4903_TN	8.375359	14.604973
CTACAGAGTACTGAGG-4903_TN	9	4903_TN	8.4877	14.668364
TTGTTCATCACGGTCG-4903_TN	9	4903_TN	8.6147	14.93275
CTTCCTTAGACTACGG-4903_TN	9	4903_TN	8.395093	14.037683
GGTGATTGTAGCGTCC-4903_TN	11	4903_TN	13.679886	3.617027
ACTGATGGTTAGGCCC-4903_TN	iCAF	4903_TN	10.062934	14.994552
TCATGCCAGTGTAGAT-4903_TN	11	4903_TN	10.608788	6.477378
TCGTCCAAGAGGATGA-4903_TN	9	4903_TN	9.060728	14.031109
ATTCCTACAAACGAGC-4903_TN	9	4903_TN	7.5565133	15.159123
ACGTAGTAGGCTATCT-4903_TN	9	4903_TN	8.759875	13.964692
AAACGCTCACGACCTG-4903_TN	9	4903_TN	7.999541	14.285948
GTTACCCCATTGGATC-4903_TN	9	4903_TN	7.653814	15.334834
CAATTTCGTGATTCTG-4903_TN	7	4903_TN	9.138967	12.667591
AGGACTTCAAGGTCTT-4903_TN	9	4903_TN	8.161911	14.605071
TGTTGAGTCCGCTTAC-4903_TN	9	4903_TN	8.742333	13.75899
GTCGAATAGCGATGAC-4903_TN	iCAF	4903_TN	9.680511	14.756675
AGTGATCCACTCAGAT-4903_TN	9	4903_TN	9.381183	14.650287
CTGCGAGTCCGTGGCA-4903_TN	iCAF	4903_TN	9.662982	15.05478
ATTCGTTGTTCAAACC-4903_TN	6	4903_TN	10.129298	7.6057773
CCTATCGGTGCCTATA-4903_TN	6	4903_TN	8.311891	7.3728795
AGATGAAGTTTACGTG-4903_TN	7	4903_TN	10.021038	11.233475
GAACACTAGTCTCTGA-4903_TN	8	4903_TN	10.783912	13.85317
TGAGCGCAGACCAACG-4903_TN	7	4903_TN	8.6295805	13.32321
CCGATGGGTGTACAGG-4903_TN	3	4903_TN	10.283566	9.861614
ACTATTCAGGTAAGTT-4903_TN	9	4903_TN	8.431168	15.217965
TTGACCCCAGACGATG-4903_TN	9	4903_TN	8.661965	15.168583
TGTGTGAAGTGAGCCA-4903_TN	0	4903_TN	5.658803	12.902858
CCGATCTGTGTGTGGA-4903_TN	9	4903_TN	8.950271	15.001271
TATTGGGGTGCGGCTT-4903_TN	5	4903_TN	7.3868604	3.3507586
ACTTCGCGTAGGTCAG-4903_TN	9	4903_TN	8.672623	14.868821
TACCGAAAGAACTGAT-4903_TN	9	4903_TN	9.668901	14.286785
CCTCATGCACCAGTAT-4903_TN	9	4903_TN	7.5780005	14.532136
GTGCACGCATAACCCA-4903_TN	iCAF	4903_TN	10.195045	15.633856
TTCCACGAGGCTAACG-4903_TN	8	4903_TN	10.49722	14.274487
GATTTCTAGACCAACG-4903_TN	9	4903_TN	8.052477	14.192813
TAGGAGGAGGGACCAT-4903_TN	9	4903_TN	9.360933	14.283465
AAGCGAGGTTGCTCCT-4903_TN	7	4903_TN	9.363007	12.804296
GCGATCGAGGTACTGG-4903_TN	iCAF	4903_TN	10.899874	14.340367
TCTTTGAGTCCTCAGG-4903_TN	9	4903_TN	8.530703	15.234113
GACACGCCATGTTCAG-4903_TN	9	4903_TN	7.986172	15.041883
GGAGGTAAGCGTGCTC-4903_TN	7	4903_TN	9.052158	13.184073
ATTCCTACATTGTACG-4903_TN	11	4903_TN	11.207041	5.162466
CATCGGGGTATGTCTG-4903_TN	3	4903_TN	11.9642315	10.291961
TCATGAGAGGCGAACT-4903_TN	9	4903_TN	5.5366035	15.831412
CACAGGCCAGTAGAGC-4903_TN	9	4903_TN	8.340139	15.890419
TGCCGAGCAAGAGATT-4903_TN	9	4903_TN	8.565432	15.664319
ATCCTATCACTGGCGT-4903_TN	9	4903_TN	8.340827	14.3429
ATGAGGGCAGTGAGCA-4903_TN	9	4903_TN	8.921311	14.308205
GTCTAGAGTATAGGGC-4903_TN	8	4903_TN	9.203711	14.042066
TGTTGGACAGAGGACT-4903_TN	9	4903_TN	6.8476453	15.023329
TTCACCGGTACCATAC-4903_TN	9	4903_TN	8.031531	14.561815
CAGCCAGAGCTGAGTG-4903_TN	0	4903_TN	7.4402013	13.736281
AGGTCATAGGATGAGA-4903_TN	9	4903_TN	8.756636	14.844554
CATGAGTCAGACCAGA-4903_TN	9	4903_TN	8.181883	14.451716
GCATTAGGTATCTTCT-4903_TN	9	4903_TN	7.88701	13.960187
AGAGCCCAGAAGAACG-4903_TN	iCAF	4903_TN	10.048949	15.5632305
GGTTAACAGGCAGTCA-4903_TN	9	4903_TN	8.28711	14.853439
GTAGAGGAGTTACGTC-4903_TN	9	4903_TN	8.279851	14.899958
ACATCCCAGAGTGTTA-4903_TN	myCAF	4903_TN	12.939254	6.3114376
TCATGTTTCAGTGCGC-4903_TN	9	4903_TN	8.041873	15.065711
ATGGTTGGTCATTGCA-4903_TN	9	4903_TN	6.713584	13.98517
CGGGTCAGTGCCTACG-4903_TN	9	4903_TN	5.9462557	15.873161
TGTAAGCTCAGACAAA-4903_TN	6	4903_TN	7.475262	8.251724
AAGTTCGAGTTCCAGT-4903_TN	9	4903_TN	7.866956	14.320794
CGCCATTAGCTTTCCC-4903_TN	9	4903_TN	8.435497	14.858721
AGATGCTGTACTGTTG-4903_TN	8	4903_TN	10.310116	14.4623165
CTCCCAATCGGCACTG-4903_TN	9	4903_TN	7.605853	14.4499235
AGGGAGTAGCTACTGT-4903_TN	9	4903_TN	6.523303	15.928649
ATCACTTTCCATCTAT-4903_TN	9	4903_TN	8.602692	14.843196
AGTGACTAGGTTACCT-4903_TN	7	4903_TN	9.644272	12.310836
CGAGAAGCATCGAGCC-4903_TN	9	4903_TN	6.971981	15.844653
CGCATGGTCGGTCTAA-4903_TN	9	4903_TN	7.5981297	13.379271
CCGGGTAAGACAAGCC-4903_TN	9	4903_TN	6.6743913	16.42297
GTTTACTTCAGAGTGG-4903_TN	8	4903_TN	10.239403	15.1812
TCATGGAAGTCCGTCG-4903_TN	0	4903_TN	7.207759	12.209475
TAGGTACGTGAGAACC-4903_TN	9	4903_TN	7.557668	15.954815
CTGCAGGTCGGAGTGA-4903_TN	9	4903_TN	8.932408	14.977391
TAGATCGGTGACAGGT-4903_TN	11	4903_TN	10.074603	6.4548416
GTACAACCAAGAATAC-4903_TN	9	4903_TN	8.270149	15.831031
ATGAAAGAGGCTTCCG-4903_TN	9	4903_TN	6.4629893	16.629522
CACGAATTCCTCTCGA-4903_TN	8	4903_TN	9.545375	14.231513
TCGAAGTAGGTCATCT-4903_TN	iCAF	4903_TN	9.799122	15.635188
TTCACGCCATCGCCTT-4903_TN	7	4903_TN	9.512424	11.669014
CTCCGATTCCATTTGT-4903_TN	8	4903_TN	10.26211	14.52702
TCTTCCTTCAAGCCCG-4903_TN	9	4903_TN	6.6188293	16.08891
AGGGTGAAGTGAATAC-4903_TN	9	4903_TN	6.6914883	16.419796
CCGAACGAGGCGATAC-4903_TN	9	4903_TN	8.5467005	15.580258
TGGCGTGCACGTCGTG-4903_TN	9	4903_TN	9.348235	14.22974
GGCGTCATCGACATTG-4903_TN	9	4903_TN	9.309609	15.471129
ATGCCTCGTTCAAGGG-4903_TN	9	4903_TN	6.685382	15.405809
ACGATGTTCTTACCGC-4903_TN	9	4903_TN	7.8532166	15.006154
GTTACAGTCAGGTAAA-4903_TN	apCAF	4903_TN	8.917163	-0.2385109
TCATTACGTCATACCA-4903_TN	9	4903_TN	7.216704	16.08514
CCTCCTCCACTACACA-4903_TN	0	4903_TN	7.274404	13.484299
GCCCAGATCCACGAAT-4903_TN	9	4903_TN	8.524937	15.678312
TTGGGATGTAAGGCTG-4903_TN	9	4903_TN	6.6212053	14.437982
GGACGTCGTGTACATC-4903_TN	9	4903_TN	6.514653	15.567465
GAGCTGCGTGATGTAA-4903_TN	9	4903_TN	9.305347	15.467595
TATTGGGTCGCCTTGT-4903_TN	9	4903_TN	7.526938	15.033036
TGCTTCGCACTGCTTC-4903_TN	0	4903_TN	7.0585127	13.35842
CCGGTAGGTACAGTCT-4903_TN	9	4903_TN	6.707813	15.602654
ACCCTTGCACAATCTG-4903_TN	9	4903_TN	6.439667	15.878112
CTGTGAAGTCTTCAAG-4903_TN	9	4903_TN	6.9150796	16.65629
AGGATAAGTCTACGAT-4903_TN	9	4903_TN	6.156668	15.748297
TTCTAGTTCGCAGTGC-4903_TN	9	4903_TN	8.086926	14.155705
CTAGGTACAGTTTCGA-4903_TN	9	4903_TN	9.32477	15.0412655
ACCTACCGTTTACGAC-4903_TN	9	4903_TN	5.61075	15.920308
TCAAGACGTCCGGTCA-4903_TN	9	4903_TN	5.518084	15.851198
GGAGGTAGTGTGCTTA-4903_TN	6	4903_TN	8.337617	7.509866
ATCCCTGGTACAACGG-4903_TN	myCAF	4903_TN	12.757812	5.7108164
CTCATGCGTCACTTCC-4903_TN	8	4903_TN	10.034924	14.618456
GGCAGTCCAGTGTGGA-4903_TN	7	4903_TN	10.473352	12.759729
AATTTCCCATGGGTCC-4903_TN	9	4903_TN	8.330335	15.388366
GAGCCTGCACCATATG-4903_TN	8	4903_TN	9.788627	14.012187
TCGTCCAAGCTACAAA-4903_TN	9	4903_TN	7.2730594	14.563676
CCGGTAGAGACTCTTG-4903_TN	9	4903_TN	8.688125	14.597522
ATCACGATCCGCACTT-4903_TN	9	4903_TN	8.532589	15.204467
TTTCAGTAGAGGATGA-4903_TN	9	4903_TN	7.83902	15.712892
GCACATACATCTGTTT-4903_TN	9	4903_TN	7.0189676	16.364517
GAGATGGGTGTGTCCG-4903_TN	9	4903_TN	6.804176	16.58913
CAACAGTTCCTACGGG-4903_TN	9	4903_TN	6.6339564	16.35652
TCAAGCACAATAACCC-4903_TN	9	4903_TN	7.0434675	15.892227
AGAAGCGAGGTCACTT-4903_TN	9	4903_TN	5.565486	16.128622
TTCCGGTTCCGCAACG-4903_TN	9	4903_TN	8.210836	15.569824
TTCGCTGCACGCAAAG-4903_TN	9	4903_TN	7.8394985	15.496758
GAACTGTTCTCTATGT-4903_TN	9	4903_TN	9.060052	14.884793
AGCGTCGTCCTGCCAT-4903_TN	9	4903_TN	7.461224	15.690816
GGGCGTTGTGAATAAC-4903_TN	9	4903_TN	8.827558	14.719084
AGCCAGCTCTCCCTAG-4903_TN	9	4903_TN	9.343171	15.404412
GGAGATGCAGAGGTAC-4903_TN	9	4903_TN	7.405616	15.131012
TGCCGAGCACCTTCCA-4903_TN	9	4903_TN	6.5229526	16.412764
TCCGTGTTCCGTAGGC-4903_TN	9	4903_TN	7.004654	16.158596
GCAGTTATCAGTGGGA-4903_TN	9	4903_TN	8.13938	14.204445
CTCTCAGGTCGCGTCA-4903_TN	9	4903_TN	8.859142	15.624177
GAGTTACGTTGGCCTG-4903_TN	9	4903_TN	6.2549295	15.622965
TTCACGCCAGCGTTGC-4903_TN	9	4903_TN	6.991311	16.307816
CGTCAAATCCTTGAAG-4903_TN	9	4903_TN	8.031024	15.654489
GTGGCGTGTAGGACCA-4903_TN	iCAF	4903_TN	9.929422	15.431085
TGACAGTTCTGCCTCA-4903_TN	9	4903_TN	6.409316	16.67443
GGTGGCTGTTTGTGGT-4903_TN	9	4903_TN	7.4190593	14.643249
CCATCACTCCATGCAA-4903_TN	9	4903_TN	8.744343	15.25286
AGGTGTTCATAGTCAC-4903_TN	9	4903_TN	7.9502053	15.44392
TCACTATGTTCGGCGT-4903_TN	9	4903_TN	7.6658144	14.677795
ACCACAAGTTAACCTG-4903_TN	9	4903_TN	8.796318	15.642445
TGCAGATAGCGATGCA-4903_TN	9	4903_TN	5.6190886	16.167887
TCCCACAGTTCATCGA-4903_TN	9	4903_TN	7.314687	15.505863
TAGACCATCGCATAGT-4903_TN	9	4903_TN	8.322065	15.041197
TCCTCTTGTTTGATCG-4903_TN	9	4903_TN	7.6115823	15.603752
GTTGAACGTCTTACAG-4903_TN	9	4903_TN	5.743928	15.863447
CCACGAGTCAGGAAAT-4903_TN	9	4903_TN	6.805337	16.131695
CTGTACCTCTTTCTAG-4903_TN	9	4903_TN	6.662696	16.473316
GGCTGTGGTAGCGTCC-4903_TN	9	4903_TN	6.823517	16.330675
TACCGGGTCCGCTTAC-4903_TN	9	4903_TN	8.387031	15.166433
GGAGAACCAATAAGGT-4903_TN	9	4903_TN	8.148358	15.960829
CTCCTTTCAGGACTAG-4903_TN	9	4903_TN	8.764887	15.097896
ACACCAAAGAAACACT-4903_TN	9	4903_TN	8.046722	15.460037
TCTCTGGGTACACTCA-4903_TN	9	4903_TN	8.267243	15.724762
CCATAAGGTATGTCCA-4903_TN	9	4903_TN	6.8803225	16.011929
GGGCTACAGGTTCCGC-4903_TN	9	4903_TN	8.292538	15.125144
GTCGAATGTGCTGATT-4903_TN	9	4903_TN	7.3927817	15.048091
GGGTAGAGTGAGAGGG-4903_TN	9	4903_TN	8.272734	15.845548
ACCGTTCGTAAGTCAA-4903_TN	9	4903_TN	7.213948	16.703037
GCCAGTGTCTGGGATT-4903_TN	9	4903_TN	8.123913	15.359665
GTTACAGCATGACCCG-4903_TN	9	4903_TN	8.555305	15.3113575
GCCGATGAGGTTCTTG-4903_TN	9	4903_TN	6.370378	16.099506
AACGTCAGTAGCTCGC-4903_TN	9	4903_TN	7.094052	15.62425
GACGTTACAAAGCTAA-4903_TN	9	4903_TN	5.615679	16.121408
AGGAATAGTAGTCGGA-4903_TN	9	4903_TN	7.6490417	15.443657
AGACAGGGTATGTGTC-4903_TN	9	4903_TN	6.5501523	16.565762
TGAGCGCGTTGTCCCT-4903_TN	9	4903_TN	7.3574476	15.793487
TACCGGGCAACGTATC-4903_TN	9	4903_TN	7.143491	16.04755
CATACAGGTAGCGATG-4903_TN	9	4903_TN	5.878959	16.300823
CTACATTTCCCATACC-4903_TN	9	4903_TN	13.16917	3.8188
TATCTTGCACGAGGTA-4903_TN	9	4903_TN	8.619178	15.774953
ATTCTACAGAGGCGTT-4903_TN	9	4903_TN	6.946371	15.95917
CGCATAATCGTTAGTG-4903_TN	9	4903_TN	7.974319	15.35724
TCCGAAACAGGGAATC-4903_TN	9	4903_TN	9.270088	1.3226118
TCGGATAGTAGCTAAA-4903_TN	9	4903_TN	9.1366625	15.294679
AGGGCTCGTGGCTACC-4903_TN	9	4903_TN	8.497329	15.996699
GGAGGTAAGAGTGACC-4903_TN	9	4903_TN	6.8095145	15.699245
GTGCGTGTCTGCAGCG-4903_TN	9	4903_TN	8.156173	14.871769
ATGTCCCGTGTAACGG-4903_TN	myCAF	4903_TN	11.620028	5.664742
AAGCATCAGTAAGAGG-4903_TN	myCAF	4903_TN	12.021312	5.6197567
CAGATACGTATACCTG-4903_TN	9	4903_TN	6.662889	16.545805
GAAGGGTCAACTCATG-4903_TN	9	4903_TN	5.8599095	16.61182
TGATTTCGTGGACTGA-4903_TN	9	4903_TN	7.8152933	15.265114
TGCGATAGTCACGTGC-4903_TN	9	4903_TN	7.5512486	15.304853
TTGTTCACAGTTACCA-4903_TN	9	4903_TN	7.1580596	15.483081
CCGATGGCACCTTCCA-4903_TN	9	4903_TN	8.354183	15.754826
CATCGGGGTCGCCACA-4903_TN	9	4903_TN	7.8409963	15.717174
ATCACTTAGGAGATAG-4903_TN	9	4903_TN	7.0706325	16.02911
GGGAGATAGACATAAC-4903_TN	9	4903_TN	7.198386	15.970013
GTGAGGACAGGAATAT-4903_TN	9	4903_TN	6.868689	14.087608
TCATGAGGTCAGTCGC-4903_TN	9	4903_TN	7.6736097	15.232314
AGTCAACGTTCGGACC-4903_TN	9	4903_TN	7.8036013	14.51836
GGCTTTCTCGATTGAC-4903_TN	9	4903_TN	7.7091684	15.133392
GTGCTGGCAGTGGCTC-4903_TN	9	4903_TN	8.314813	15.905778
CTAGACACATTGAGCT-4903_TN	9	4903_TN	6.4805236	15.9332285
TAGATCGCATCAGCAT-4903_TN	9	4903_TN	8.282537	15.121476
GTGTGATAGTCTCCTC-4903_TN	9	4903_TN	6.686337	16.044407
GATCGTAGTTGCCAAT-4903_TN	9	4903_TN	6.299341	16.175844
TTTGACTGTAGCTTTG-4903_TN	myCAF	4903_TN	12.932408	5.8682785
GGTTAACCATTGCAAC-4903_TN	9	4903_TN	6.4619427	16.16895
CCGGACAAGCCGATCC-4903_TN	myCAF	4903_TN	11.66602	5.9305654
GACTATGTCGATACAC-4903_TN	9	4903_TN	6.8115926	15.958244
CACGTTCGTTGGGTTT-4903_TN	9	4903_TN	6.113676	16.511402
ATTCTTGGTCGCTCGA-4903_TN	9	4903_TN	7.444005	15.729027
TTAATCCTCGAGAACG-4903_TN	9	4903_TN	7.67791	15.031526
ATTATCCCAGCAGTTT-4903_TN	9	4903_TN	8.461364	15.906855
TTCTTGACAAACTCGT-4903_TN	9	4903_TN	8.1643	15.669653
GTTACCCAGTTCGCAT-4903_TN	9	4903_TN	11.503182	5.949896
AGTAGCTCATCGATGT-4903_TN	9	4903_TN	7.7868547	15.389412
CTATCTATCGCCAACG-4903_TN	9	4903_TN	7.9819593	15.09557
TCATGGAGTCCTTTGC-4903_TN	9	4903_TN	7.864187	15.794083
TGAGGGAAGCGCATCC-4903_TN	9	4903_TN	7.646694	15.366381
TCCGAAATCGGCTCTT-4903_TN	9	4903_TN	7.6383743	15.157679
AACTTCTGTACAGTAA-4976_TN	10	4976_TN	1.486239	3.307456
ATAGGCTCAAGTGCTT-4976_TN	10	4976_TN	1.2614557	4.326513
TCCTTCTTCTACAGGT-4976_TN	10	4976_TN	0.17240487	4.1723433
CCCGAAGCAATTGAGA-4976_TN	10	4976_TN	1.7788217	4.651924
AACCACAGTGACTAAA-4976_TN	10	4976_TN	0.9186603	3.9700737
CTATAGGGTGAGATCG-4976_TN	10	4976_TN	0.2851797	4.2939787
CATGCGGGTCTGTAGT-4976_TN	10	4976_TN	0.23232028	4.9333363
TAGACTGCACGCTATA-4976_TN	5	4976_TN	7.190883	4.515202
GTCACTCAGCGCGTTC-4976_TN	10	4976_TN	1.0902009	3.377667
CCTACGTAGCTTTCCC-4976_TN	10	4976_TN	0.2637023	4.1896996
CCGCAAGGTACGATGG-4976_TN	10	4976_TN	0.56721526	4.2632346
TCTTTGACAAGATGTA-4976_TN	10	4976_TN	0.31697723	4.655749
CACTAAGGTCCAGTTA-4976_TN	10	4976_TN	0.7361815	3.8213441
GATTTCTAGCGTGTTT-4976_TN	10	4976_TN	0.5016007	4.0761786
CTCGAGGTCATTGTTC-4976_TN	5	4976_TN	8.057504	5.5652165
TATTGGGAGCGCATCC-4976_TN	10	4976_TN	0.9540448	3.9850492
ATCGGCGAGCATTTCG-4976_TN	10	4976_TN	0.7414983	4.023938
ACTTATCTCCGAACGC-4976_TN	10	4976_TN	1.5825055	3.996942
TATCGCCCAGATACCT-4976_TN	10	4976_TN	1.2326689	4.5734344
CTCACTGCACAGTCAT-4976_TN	apCAF	4976_TN	7.5025873	1.3321857
TCTGTCGGTTGTCATG-4976_TN	10	4976_TN	0.04998869	5.2651505
GTTATGGTCGACATCA-4976_TN	5	4976_TN	5.837793	5.1892605
AGGAATACAACCACGC-4976_TN	10	4976_TN	2.5490937	4.704048
CCTCCTCAGACAAGCC-4976_TN	10	4976_TN	1.018526	4.5546937
GCTACCTTCCCATTCG-4976_TN	11	4976_TN	10.52209	5.940556
CTAGGTAAGGTTAGTA-4976_TN	10	4976_TN	1.3176292	3.9746358
GGTTAACTCCACGTCT-4976_TN	10	4976_TN	2.0905674	5.625151
ACCACAAAGAATCGCG-4976_TN	10	4976_TN	0.6685137	5.513869
CTCAGGGTCTACAGGT-4976_TN	10	4976_TN	1.8264043	4.04395
CCCTTAGCACTTCAGA-4976_TN	10	4976_TN	0.05467112	5.2878156
CATGCGGCAGACAATA-4976_TN	10	4976_TN	0.3805774	4.6647053
TGATGGTCACTGCGTG-4976_TN	apCAF	4976_TN	8.425601	0.91491616
CACCGTTTCTTCACGC-4976_TN	5	4976_TN	7.584779	3.1623003
GTCATGACATTCTCTA-4976_TN	10	4976_TN	1.069697	5.1222577
GAAGGGTCACATATGC-4976_TN	10	4976_TN	0.031045478	6.067213
CTCAATTTCTTGGATG-4976_TN	5	4976_TN	7.1042223	2.994241
ATTACTCGTCTCTCTG-4976_TN	apCAF	4976_TN	8.060679	1.0401516
TGCAGGCCATGACAAA-4976_TN	10	4976_TN	0.5649074	3.9843924
ACGTAACAGTGTCATC-4976_TN	10	4976_TN	1.006598	4.959328
TCAGGGCGTGTTAAAG-4976_TN	10	4976_TN	1.4233882	4.5237904
AGCGTATGTATTTCGG-4976_TN	10	4976_TN	0.9339505	4.108381
AAGGTAATCGTACACA-4976_TN	5	4976_TN	8.092018	5.7900295
GGGCTCATCGTTGTTT-4976_TN	10	4976_TN	0.8976404	4.1964
TGGGATTTCATTATCC-4976_TN	10	4976_TN	1.6386077	5.44037
AGTGACTAGGCTAAAT-4976_TN	10	4976_TN	1.5209181	4.69959
TCCGAAATCGGTCTAA-4976_TN	10	4976_TN	1.4651276	4.529973
CATACTTGTTGCACGC-4976_TN	5	4976_TN	7.427767	2.809935
GATTGGTAGGACAAGA-4976_TN	10	4976_TN	0.8373087	4.6034923
AAGATAGAGGCAGGGA-4976_TN	5	4976_TN	7.669515	3.0197022
TAGGTACTCTACCAGA-4976_TN	10	4976_TN	2.006393	3.8783934
AACCATGGTGCCTATA-4976_TN	10	4976_TN	1.7821659	3.4623988
CTGCCATTCTGCATAG-4976_TN	10	4976_TN	1.509399	3.6777391
CCTCCTCTCGACGACC-4976_TN	5	4976_TN	6.597713	4.03206
CCTCCTCTCGACTCCT-4976_TN	10	4976_TN	1.4901822	4.2958326
AAGCGAGCATACTGTG-4976_TN	10	4976_TN	1.7578166	4.431517
GACGTTACAACATCGT-4976_TN	10	4976_TN	0.69504476	4.089667
GAATAGACAACCGCCA-4976_TN	10	4976_TN	1.884345	5.771882
TGGAGAGTCAAAGACA-4976_TN	10	4976_TN	1.3564596	4.3782296
CGGAGAAAGCACTCCG-4976_TN	10	4976_TN	1.704914	4.4578137
GATGACTCATGACGTT-4976_TN	10	4976_TN	1.3840777	3.7414284
TGTTCTAAGGGCGAGA-4976_TN	10	4976_TN	0.08280546	5.6433415
TCGTAGAAGAATCGAT-4976_TN	2	4976_TN	9.863919	2.835017
TAGACCAGTTTCACTT-4976_TN	5	4976_TN	7.6587777	2.8423946
CGGAACCCACACCTAA-4976_TN	10	4976_TN	2.7172422	5.165994
TATGTTCGTTGACTGT-4976_TN	10	4976_TN	1.7450898	3.4271097
AGTACCAGTGTCATGT-4976_TN	10	4976_TN	1.8984005	4.6666775
CCCTGATCACGTTCGG-4976_TN	10	4976_TN	0.57256705	5.629703
ACCATTTTCCTACACC-4976_TN	5	4976_TN	6.8676825	2.7914622
AATCGACGTTTCGTGA-4976_TN	10	4976_TN	0.9481731	3.579355
CGTGAATGTGCGACAA-4976_TN	10	4976_TN	1.9224201	4.5572805
CTGATCCAGATCCCAT-4976_TN	10	4976_TN	0.53032625	4.443531
AGGAGGTCATGGGAAC-4976_TN	10	4976_TN	1.6849862	3.3175633
GCATCGGTCAAACCTG-4976_TN	10	4976_TN	1.0703692	4.401967
TTCAGGAAGCAACCAG-4976_TN	10	4976_TN	1.2441597	3.8517327
ATTACCTTCCATTTCA-4976_TN	5	4976_TN	7.7731953	2.7817495
TCTGCCACACAAGCTT-4976_TN	5	4976_TN	7.272913	3.4743416
ATTCCTACAATGAACA-4976_TN	10	4976_TN	1.8212055	5.095032
AGAACAATCGAAGAAT-4976_TN	5	4976_TN	7.3670564	4.121123
CCTTCAGGTGCCAAGA-4976_TN	5	4976_TN	7.2903476	4.9669714
CCTAACCTCTCCCATG-4976_TN	10	4976_TN	1.4947095	5.15478
CTCTGGTCAAGGGTCA-4976_TN	10	4976_TN	0.48533276	3.9792087
CTTAGGACAGTAGTTC-4976_TN	10	4976_TN	1.0317724	4.1850543
TAATCTCAGACCTTTG-4976_TN	myCAF	4976_TN	10.783261	7.009529
AGACACTCAACAGATA-4976_TN	myCAF	4976_TN	11.193111	5.9721284
TACTTGTCATGAAAGT-4976_TN	10	4976_TN	1.3630313	4.5675626
GGAATGGCAACGATCT-4976_TN	2	4976_TN	10.686742	3.017117
GACCTTCCAGCACACC-4976_TN	8	4976_TN	12.525921	9.399499
GGAGATGGTATGAGGC-4976_TN	5	4976_TN	7.5845323	3.5953598
CCCTCAAGTCCCTGTT-4976_TN	10	4976_TN	2.5096319	4.436567
CTGCCATTCTGATTCT-4976_TN	5	4976_TN	6.8522305	3.0521853
GTTTGGAAGGCATGGT-4976_TN	10	4976_TN	1.9259279	4.844471
ACGTAACGTTATGACC-4976_TN	5	4976_TN	9.011863	6.88535
TTCACCGGTACATTGC-4976_TN	5	4976_TN	7.533533	4.518983
GTGAGTTCAGAGGCTA-4976_TN	10	4976_TN	0.33538738	4.2285504
AGATGCTTCTGAACGT-4976_TN	10	4976_TN	0.68042827	4.0906553
AGTTCGATCCATATGG-4976_TN	10	4976_TN	2.5864787	4.8349285
GACTCTCGTCACGCTG-4976_TN	10	4976_TN	2.5118353	4.6450615
GCCAGGTTCCCGTGTT-4976_TN	apCAF	4976_TN	7.449252	1.7330419
ATCTTCAGTAACAGGC-4976_TN	10	4976_TN	1.5365174	3.3946617
CTACCTGTCGAGAATA-4976_TN	10	4976_TN	0.5434914	4.8373995
CAACAGTTCGATTGAC-4976_TN	myCAF	4976_TN	11.56676	4.679767
CTCCACAGTAGTCACT-4976_TN	5	4976_TN	6.7436714	3.813062
TAAGCACAGAAGATCT-4976_TN	10	4976_TN	1.6333625	3.9900208
CCTCCTCAGGCACCAA-4976_TN	5	4976_TN	6.04128	5.2073283
GGTTGTAGTGCAAGAC-4976_TN	5	4976_TN	7.5300865	2.1481192
ACTTTCATCCTCTTTC-4976_TN	10	4976_TN	2.17915	4.4793096
TTCTGTATCTCTCTAA-4976_TN	5	4976_TN	6.8592286	3.4359543
ATGGGAGGTAGGCAGT-4976_TN	3	4976_TN	10.647151	8.037943
TCCAGAATCTAGTACG-4976_TN	2	4976_TN	9.367452	3.2724648
AGACAAAGTACTAGCT-4976_TN	10	4976_TN	1.3333285	3.3206785
AAGCATCAGCGTGAAC-4976_TN	myCAF	4976_TN	10.618706	7.105448
GGGTTATGTCCACTCT-4976_TN	8	4976_TN	11.863947	10.481622
GAGCTGCAGCACACCC-4976_TN	5	4976_TN	6.0164313	5.163718
TCGCTTGAGCGTTACT-4976_TN	10	4976_TN	1.0763894	3.5100853
AGTGACTGTTCATCGA-4976_TN	apCAF	4976_TN	7.4476285	1.188748
TCTTCCTTCGAAGGAC-4976_TN	10	4976_TN	2.4415157	4.9865565
CTACCTGAGCTGCCAC-4976_TN	myCAF	4976_TN	12.147668	9.094701
AAACGAATCCGTGACG-4976_TN	5	4976_TN	6.5269523	3.651791
GGAGGTACATTGCTGA-4976_TN	10	4976_TN	0.46101522	3.9935207
AGGCCACGTAGAAACT-4976_TN	2	4976_TN	11.2807	4.604338
CAGTTCCCATCGTGGC-4976_TN	myCAF	4976_TN	10.986591	6.821197
ATTTCACGTATTTCTC-4976_TN	2	4976_TN	11.033178	2.5611732
TCGCAGGCAATTCTTC-4976_TN	apCAF	4976_TN	8.484113	1.1944544
GCGTGCAAGCGATGAC-4976_TN	5	4976_TN	8.059561	4.8579574
ATGGAGGTCTCTAAGG-4976_TN	10	4976_TN	1.6280355	3.1387918
TGCGACGGTTTAAGGA-4976_TN	5	4976_TN	6.247446	4.545408
GTAGTACCATTGAAAG-4976_TN	apCAF	4976_TN	7.8101497	1.6615896
CAGTGCGAGCAAGTCG-4976_TN	10	4976_TN	2.5383394	4.966782
TTAGGCAGTACCCGAC-4976_TN	10	4976_TN	2.041854	4.9774895
CGAGTGCCACAAGCCC-4976_TN	10	4976_TN	1.7327241	4.327254
GCATTAGTCTCGAACA-4976_TN	5	4976_TN	7.6600046	3.924007
GTAGATCAGGGCTGAT-4976_TN	10	4976_TN	1.3945249	3.2374985
AGAACAAGTAGGATAT-4976_TN	5	4976_TN	7.817876	3.0917873
TTTGGAGGTATTCCGA-4976_TN	5	4976_TN	7.6232543	3.7358642
TCTCTGGTCAATCAGC-4976_TN	5	4976_TN	7.1939464	3.7843869
TGAGTCACATAGAATG-4976_TN	5	4976_TN	8.263794	5.4953637
TCAGCAATCCTTTGAT-4976_TN	10	4976_TN	1.173161	3.927299
GATCGTAAGAGAACCC-4976_TN	10	4976_TN	1.1327773	3.7530417
CAGATACCATGTGTCA-4976_TN	5	4976_TN	6.443158	4.7974067
ATGAGTCCATTCTGTT-4976_TN	5	4976_TN	6.420652	3.4120886
TGGGTTACATGACAAA-4976_TN	3	4976_TN	10.633519	9.60695
GTCACTCAGCTACTGT-4976_TN	5	4976_TN	7.61143	5.751848
GATTCTTGTCGCTCGA-4976_TN	5	4976_TN	6.8505855	3.23369
AGTCAACAGACGACTG-4976_TN	10	4976_TN	0.3428235	4.3082323
TTTCAGTCAACGTATC-4976_TN	10	4976_TN	2.4883993	4.811795
CGGACACGTGTCATCA-4976_TN	10	4976_TN	1.6102588	4.3339214
TCATACTAGTACCCTA-4976_TN	10	4976_TN	1.352749	4.7431655
TACACCCGTTCCGCGA-4976_TN	10	4976_TN	1.9206733	4.9875894
TCTTAGTGTCCGGTGT-4976_TN	myCAF	4976_TN	11.029619	4.988099
TCATTCAGTGGTGATG-4976_TN	2	4976_TN	10.882766	4.8853064
TCCCACAAGTCATTGC-4976_TN	5	4976_TN	6.0920243	4.858676
CCGATCTGTCAGTCTA-4976_TN	10	4976_TN	1.0064423	3.3510764
TCCATGCAGTCACGAG-4976_TN	myCAF	4976_TN	10.370093	6.986688
GATCACACAGCATTGT-4976_TN	5	4976_TN	6.295944	5.397297
AGGTTACGTCATAACC-4976_TN	5	4976_TN	6.269137	4.473916
TGCTCGTTCGTTCTGC-4976_TN	2	4976_TN	10.288868	3.1367352
TTCGCTGTCCAGTGTA-4976_TN	10	4976_TN	0.43796763	4.397125
CCTCACACATAACAGA-4976_TN	10	4976_TN	2.2502697	4.2412467
CCGGTAGCAAGAGCTG-4976_TN	10	4976_TN	0.72794676	4.1438723
ATAGACCTCGACGCTG-4976_TN	10	4976_TN	1.314195	4.3934956
TTGAGTGCAGAGTGAC-4976_TN	5	4976_TN	7.1173387	3.8658397
CAGCAATCACACAGAG-4976_TN	5	4976_TN	5.8969474	4.7472854
GGTCTGGAGAATACAC-4976_TN	10	4976_TN	1.8797665	4.4236555
TCGACCTAGATGATTG-4976_TN	10	4976_TN	1.6483825	3.8170874
AGGATAATCAATCGGT-4976_TN	3	4976_TN	11.948	9.055469
CAGATACAGTAACAGT-4976_TN	5	4976_TN	7.34698	4.6659403
GCCATTCTCCTACACC-4976_TN	10	4976_TN	2.827292	4.5899825
ACCAAACTCTAAACGC-4976_TN	3	4976_TN	10.065879	7.2355194
TAACACGTCCGAGAAG-4976_TN	5	4976_TN	6.048079	4.8141956
CTAACTTCAAGCTGTT-4976_TN	2	4976_TN	12.112283	3.9968677
ATGGTTGCAGTCTGGC-4976_TN	10	4976_TN	2.5084894	4.435292
TAATCTCTCCGCTGTT-4976_TN	2	4976_TN	9.857858	4.830272
ACTCCCACAGCCATTA-4976_TN	10	4976_TN	1.4218715	5.678578
CATGAGTCACAATCTG-4976_TN	5	4976_TN	5.920444	5.223344
AGGCCACAGAGGATGA-4976_TN	myCAF	4976_TN	10.530486	7.0269365
GTTCGCTCAGAGTCAG-4976_TN	myCAF	4976_TN	10.420571	6.995995
CACTAAGTCTGCGTCT-4976_TN	5	4976_TN	7.8031306	5.809634
GTCAAACAGCGAGGAG-4976_TN	10	4976_TN	1.1313905	3.4049833
GTAGCTAGTAGTACGG-4976_TN	5	4976_TN	6.0133233	5.0479436
ATATCCTGTTTGGAAA-4976_TN	10	4976_TN	2.241937	5.1534677
TCTAACTAGGACCCAA-4976_TN	10	4976_TN	1.9902699	4.272798
CAAGACTGTCAACACT-4976_TN	10	4976_TN	1.3964657	4.3228903
TCACGCTCACCAGGTC-4976_TN	10	4976_TN	2.4149735	4.8972077
TTCAATCCAAGGCGTA-4976_TN	11	4976_TN	10.17567	6.873156
CTCAAGACACTGAATC-4976_TN	5	4976_TN	8.511383	4.9646034
GATTTCTAGAGTGTTA-4976_TN	apCAF	4976_TN	8.450022	0.6604758
TTCTAACCATTGACTG-4976_TN	10	4976_TN	1.7374064	4.526306
GTGTCCTAGCTGGCTC-4976_TN	2	4976_TN	9.443869	2.231276
CATCGGGTCTAGCCTC-4976_TN	3	4976_TN	10.891272	7.436939
ACTGTGACAAGGTTGG-4976_TN	myCAF	4976_TN	11.201522	6.17352
TTACCATAGCAAATGT-4976_TN	5	4976_TN	6.590577	3.9235387
ACGATGTCATATGCGT-4976_TN	10	4976_TN	1.4983519	5.689538
TATTGCTAGGGCAGGA-4976_TN	5	4976_TN	6.8219814	4.768498
ATACCGACAGACTCTA-4976_TN	myCAF	4976_TN	12.022998	6.7370358
GGGAGTAGTAGTCGTT-4976_TN	myCAF	4976_TN	11.928645	7.7795277
ACAAGCTCATTCTCCG-4976_TN	myCAF	4976_TN	12.563843	6.3671417
ATTTACCTCTTCGTAT-4976_TN	5	4976_TN	7.6022334	4.5472655
CCTCATGTCATTTGCT-4976_TN	3	4976_TN	11.911006	9.096108
AAGCGTTCAATCGAAA-4976_TN	10	4976_TN	1.767226	3.5638907
TATACCTCAGAGTGAC-4976_TN	11	4976_TN	11.380589	5.9085865
CTGTCGTGTCGATGCC-4976_TN	10	4976_TN	0.87302035	4.4754186
ACCACAATCCACGGGT-4976_TN	apCAF	4976_TN	8.831109	1.4567018
GTGTTCCGTTCGGTAT-4976_TN	5	4976_TN	7.0648403	5.0210805
AACCAACGTGGCTGAA-4976_TN	myCAF	4976_TN	11.477762	6.2419496
TGTACAGTCCTGGGTG-4976_TN	5	4976_TN	8.94227	6.0575724
ATTATCCAGTTCGCAT-4976_TN	5	4976_TN	8.809206	6.1259003
CTGCATCTCTGGGCCA-4976_TN	myCAF	4976_TN	13.179276	6.5478587
CATGGATTCGAACGGA-4976_TN	5	4976_TN	8.750036	6.033897
CCCTCAACACTTCAAG-4976_TN	11	4976_TN	14.282257	7.1728067
ACACAGTTCGGCACTG-4976_TN	10	4976_TN	1.6690406	5.529678
TTACGCCAGTGGCGAT-4976_TN	10	4976_TN	2.107431	5.4336133
ATCCATTCACCATTCC-4976_TN	3	4976_TN	12.018577	9.621478
AGGTCTATCATCGCCT-4976_TN	2	4976_TN	11.993123	3.6894867
AGATGAAGTTAGGCTT-4976_TN	10	4976_TN	1.467409	3.3008575
GTCATGAGTTCAGGTT-4976_TN	10	4976_TN	2.1342218	5.3406634
CACGTTCGTATCCCAA-4976_TN	2	4976_TN	12.38722	2.7291713
CCTGTTGTCCTCTAGC-4976_TN	2	4976_TN	8.537411	2.3572483
CGATGGCCAGAGACTG-4976_TN	myCAF	4976_TN	12.750932	6.4644275
GACGCTGGTGCATGTT-4976_TN	5	4976_TN	7.438049	4.4455624
GATGAGGCACCCTTAC-4976_TN	0	4976_TN	8.768578	10.507331
CTACTATGTTATGTGC-4976_TN	5	4976_TN	7.142642	4.9690137
AAGGTAAAGCGATGGT-4976_TN	3	4976_TN	11.56953	8.680272
GTAGTACTCGACATCA-4976_TN	5	4976_TN	9.45813	7.128473
CACAGATCAAGAGAGA-4976_TN	myCAF	4976_TN	11.652218	6.8181543
CGGGCATCAACTGCTA-4976_TN	apCAF	4976_TN	7.6143794	0.7987576
CGGGCATTCGCAATTG-4976_TN	5	4976_TN	6.7052083	4.591889
TCCTCGAGTGAGAGGG-4976_TN	myCAF	4976_TN	12.135968	5.93146
ATGGAGGAGTATGAAC-4976_TN	5	4976_TN	7.572866	4.7388496
GACTCAACAATTGGTC-4976_TN	myCAF	4976_TN	10.932022	6.967676
ATCCTATGTCTACGAT-4976_TN	myCAF	4976_TN	11.911598	7.1533647
TTGACCCTCCCATTCG-4976_TN	5	4976_TN	8.432488	4.786822
CTCTCGACATCCGTTC-4976_TN	5	4976_TN	8.018705	5.081026
CTCAACCAGGTATTGA-4976_TN	5	4976_TN	6.0840163	5.1334863
CCTACGTCAACCACGC-4976_TN	myCAF	4976_TN	11.06797	7.267462
ACTTTCAAGTTAGAAC-4976_TN	2	4976_TN	9.848979	2.1423616
TGGTAGTTCCACTGGG-4976_TN	3	4976_TN	11.287228	8.098159
TCCTTTCTCCCATAGA-4976_TN	5	4976_TN	8.904944	5.27811
GCAGCCACATACCATG-4976_TN	5	4976_TN	7.2909403	3.6911805
CTGAGCGAGTCACGCC-4976_TN	2	4976_TN	9.481032	2.9512625
AACTTCTCAGGCAATG-4976_TN	myCAF	4976_TN	10.683044	6.828176
CTAGACAGTAGAATGT-4976_TN	myCAF	4976_TN	11.158751	6.9992366
CATTCCGCAGTTACCA-4976_TN	2	4976_TN	9.632567	1.8531706
TTCAGGACACTATGTG-4976_TN	11	4976_TN	13.227694	4.374278
GAGTGTTAGGCCTGAA-4976_TN	2	4976_TN	9.295394	2.5408833
CCTCAACAGCAGGGAG-4976_TN	5	4976_TN	7.207977	4.817525
ACGTCCTTCCCTCTAG-4976_TN	10	4976_TN	2.8503814	4.934939
GTCGTAAAGATCACTC-4976_TN	5	4976_TN	7.3093257	2.8207698
AGATGCTGTCCAGTTA-4976_TN	5	4976_TN	6.156105	5.1881967
GAGTTTGGTATGATCC-4976_TN	myCAF	4976_TN	11.741929	6.46796
CCTATCGTCGCCAATA-4976_TN	2	4976_TN	10.003118	2.5137954
AGCCAATAGTCCCGGT-4976_TN	myCAF	4976_TN	13.76474	6.3910236
CCCTGATGTTCCGCAG-4976_TN	2	4976_TN	12.023488	2.9092648
ATCATTCAGGGTGAGG-4976_TN	myCAF	4976_TN	11.926238	4.9922605
CTGCAGGAGGATACAT-4976_TN	5	4976_TN	5.930756	4.8702703
TACCTGCGTAGCTTAC-4976_TN	6	4976_TN	9.885463	8.961601
GGGTTATGTTTCGTGA-4976_TN	10	4976_TN	1.4227334	5.575697
CGAAGTTTCTCATTTG-4976_TN	2	4976_TN	9.810327	2.0009274
AAACGAAAGGGAGATA-4976_TN	3	4976_TN	10.416781	6.3951755
CTTTCAATCATAAGGA-4976_TN	10	4976_TN	1.8585957	5.5344887
TCCTTCTGTTGATCGT-4976_TN	3	4976_TN	11.634204	8.285555
AAGACTCTCAGAATAG-4976_TN	myCAF	4976_TN	11.058127	6.9136963
GACGTTAGTTGCACGC-4976_TN	myCAF	4976_TN	11.577174	6.552412
CTACATTGTGCATCTA-4976_TN	11	4976_TN	13.169926	4.5177116
TCATGCCCATGGAAGC-4976_TN	5	4976_TN	8.285321	4.6209297
CCAATGATCACTTTGT-4976_TN	5	4976_TN	5.9024487	4.623929
AACCAACCATCCGTGG-4976_TN	5	4976_TN	9.472595	6.587085
TCAGCCTGTGAACTAA-4976_TN	2	4976_TN	8.972613	2.5256562
AAGCATCAGGGTCAAC-4976_TN	2	4976_TN	12.066931	2.7582717
TTGACCCAGGTCATCT-4976_TN	3	4976_TN	11.95154	9.011158
CGTCCATAGATAGCTA-4976_TN	5	4976_TN	6.8333035	4.4727097
TCTTTGACAGAGGGTT-4976_TN	3	4976_TN	11.431055	9.530365
ATGTCCCAGAAGCTGC-4976_TN	3	4976_TN	11.298661	9.122339
CTCAATTTCAGCATTG-4976_TN	iCAF	4976_TN	12.570269	14.011139
GGAGATGTCAACTCTT-4976_TN	myCAF	4976_TN	12.774367	6.758429
CTTGATTAGGCATGGT-4976_TN	5	4976_TN	9.343117	6.6517897
GATTGGTAGTGCCGAA-4976_TN	0	4976_TN	5.3731203	10.075382
TATACCTTCCTGGTCT-4976_TN	5	4976_TN	7.263194	5.078726
CGCCATTTCGCCAACG-4976_TN	5	4976_TN	6.1247234	4.429056
AGAAATGGTCACCTTC-4976_TN	myCAF	4976_TN	12.149353	7.126284
ACCCTTGAGCTGACTT-4976_TN	2	4976_TN	9.385848	1.5366092
GTGTTCCGTAGAGACC-4976_TN	3	4976_TN	11.805649	9.210768
TTTACCACAACCAATC-4976_TN	3	4976_TN	11.395729	9.664246
GCAGCCACACGATAGG-4976_TN	2	4976_TN	9.706415	2.211579
GTTCTATGTGTTCCTC-4976_TN	3	4976_TN	12.609728	9.398011
CAACGGCAGGTAACTA-4976_TN	5	4976_TN	8.381157	2.5828574
CCTCCAATCATTACTC-4976_TN	myCAF	4976_TN	12.254701	6.544605
ATCCATTGTATAGGGC-4976_TN	2	4976_TN	11.069484	3.0384893
GAGACCCTCATTTACC-4976_TN	3	4976_TN	12.034617	9.2467785
GTTACAGAGGTTGGTG-4976_TN	11	4976_TN	13.24748	3.9639094
ACAAGCTAGGTGCTAG-4976_TN	myCAF	4976_TN	12.492026	6.804091
GACACGCTCGAAGTGG-4976_TN	myCAF	4976_TN	10.756437	6.8866477
CTCAGGGGTTCCGGTG-4976_TN	10	4976_TN	1.3188739	3.5532656
CTTAGGAAGGTCCTGC-4976_TN	myCAF	4976_TN	13.418616	7.758256
CCAATGACACCGTACG-4976_TN	myCAF	4976_TN	12.099376	6.6472735
TAAGTCGTCTGTACAG-4976_TN	myCAF	4976_TN	11.266868	6.818598
TATTCCAAGCGCTGCT-4976_TN	10	4976_TN	0.33047307	5.6666923
CACAACATCATTGAGC-4976_TN	5	4976_TN	8.517095	5.439106
TCTTCCTCACTGGCCA-4976_TN	11	4976_TN	13.359821	4.129461
CACGTTCGTAGCTGTT-4976_TN	myCAF	4976_TN	11.660804	6.9342923
TCCTTCTAGTTACTCG-4976_TN	myCAF	4976_TN	11.78656	7.0234256
GGGTAGAAGATCACCT-4976_TN	3	4976_TN	11.599395	8.403386
CGCGTGACAATACCTG-4976_TN	3	4976_TN	12.080655	9.888871
ATACCGACAGTCAGCC-4976_TN	5	4976_TN	6.593463	5.342447
AAACGAATCTACCAGA-4976_TN	3	4976_TN	11.632422	8.050031
CTCGAGGCAGCTGTGC-4976_TN	myCAF	4976_TN	10.745082	7.485772
AAGGAATAGTTGCTCA-4976_TN	myCAF	4976_TN	10.5822735	6.7998405
CATGCAACAGCAGTTT-4976_TN	5	4976_TN	6.5249586	5.1083765
TCTTGCGTCCTCGCAT-4976_TN	3	4976_TN	10.642848	7.45273
GTCCTCACAACAAGAT-4976_TN	5	4976_TN	8.687236	3.4445577
GTTCATTGTACTGAGG-4976_TN	apCAF	4976_TN	7.667975	0.5195827
ACTACGATCCATCACC-4976_TN	7	4976_TN	10.238661	10.917976
TAGGTACGTACCGGAA-4976_TN	8	4976_TN	11.732393	12.037209
GTAGGAGTCCGCTTAC-4976_TN	10	4976_TN	1.2125179	3.5424733
CATCGTCCATGACTCA-4976_TN	5	4976_TN	8.168183	6.000352
TGGGCGTTCGGCATCG-4976_TN	5	4976_TN	7.1641254	3.9440873
TATCTGTAGTACGAGC-4976_TN	5	4976_TN	8.25809	2.4042125
ACAGGGACAAGGTTGG-4976_TN	5	4976_TN	6.4598927	4.4934096
ACAGCCGAGGATTCAA-4976_TN	myCAF	4976_TN	12.83783	6.7728786
TCATACTGTATGGTTC-4976_TN	5	4976_TN	10.230698	7.825808
ATTCCTACACGTACTA-4976_TN	3	4976_TN	11.10457	7.831597
TTCAATCTCACGTCCT-4976_TN	apCAF	4976_TN	7.8220034	0.8746728
CAATGACAGGTGCGAT-4976_TN	5	4976_TN	8.495674	6.3970914
GAGTTGTTCCCGGTAG-4976_TN	3	4976_TN	12.071373	9.458184
GATGTTGCACTAGGTT-4976_TN	iCAF	4976_TN	12.489646	13.3301115
ATTCCTACACAAATAG-4976_TN	myCAF	4976_TN	11.273927	6.496458
TACTTCACAACCAATC-4976_TN	2	4976_TN	10.42244	2.3270414
TGCGACGTCAACTCTT-4976_TN	3	4976_TN	9.912208	10.031054
TCTTTGACAGAGGTAC-4976_TN	10	4976_TN	2.1085958	4.7273617
AACTTCTGTTCAAGGG-4976_TN	2	4976_TN	10.840347	2.7263603
CGCCATTAGTCCTGTA-4976_TN	5	4976_TN	8.454526	5.7543263
GGTAATCCAAGTGGAC-4976_TN	5	4976_TN	6.942674	2.4296405
GAGTGAGTCCCTTGTG-4976_TN	10	4976_TN	1.1285287	5.029146
TTCGATTCACCCATAA-4976_TN	myCAF	4976_TN	10.313154	7.2988167
GATCAGTGTGGGTATG-4976_TN	2	4976_TN	10.048495	2.3800237
CAGTGCGGTGTTAACC-4976_TN	myCAF	4976_TN	11.481707	7.2524347
GTAGCTAGTTGCTGAT-4976_TN	apCAF	4976_TN	8.295185	1.1300247
TTCCTAATCAGCTCTC-4976_TN	10	4976_TN	2.0121474	4.2091813
CTTTCAATCTTACGGA-4976_TN	10	4976_TN	1.3272561	4.381746
TCTCCGACAGCTATAC-4976_TN	2	4976_TN	11.409074	4.474017
CTGTATTGTTAGAGAT-4976_TN	3	4976_TN	11.966903	8.788441
CGTCCATCATGATAGA-4976_TN	2	4976_TN	10.951249	3.6761692
AGATCCATCGCCGAGT-4976_TN	10	4976_TN	1.9803795	5.1596227
CACATGACAGTAACAA-4976_TN	myCAF	4976_TN	12.709793	6.3320045
AGATGCTTCAGTCTTT-4976_TN	5	4976_TN	7.83399	4.634886
CACTAAGAGATTGACA-4976_TN	myCAF	4976_TN	13.161653	6.8552785
ACCAAACAGGCGCTTC-4976_TN	10	4976_TN	1.8808289	4.4903274
CCTCCAATCTAGACCA-4976_TN	5	4976_TN	6.056835	5.461142
CCACTTGGTCTATGAC-4976_TN	10	4976_TN	1.8435429	3.8456035
ACTTCCGAGTGATAGT-4976_TN	3	4976_TN	12.026553	8.867517
ACTATGGCACCTCGTT-4976_TN	3	4976_TN	12.410084	9.856704
CCGGGTAAGTGCAACG-4976_TN	8	4976_TN	12.562367	12.719857
GCTCAAATCTCCAATT-4976_TN	myCAF	4976_TN	12.756366	6.171969
GTTCTATGTGGACCTC-4976_TN	2	4976_TN	12.2179365	4.4519644
AGCGTATTCTCTATAC-4976_TN	myCAF	4976_TN	11.760088	7.0506115
CATCAAGTCACCATGA-4976_TN	5	4976_TN	9.330096	6.453929
GCACGTGGTTTCACTT-4976_TN	myCAF	4976_TN	11.088403	7.6769443
TCTGCCAAGAACCGCA-4976_TN	apCAF	4976_TN	7.940968	0.5153504
ACTATGGAGTCGGGAT-4976_TN	3	4976_TN	11.187814	8.719104
TGAGGTTTCTTAGCCC-4976_TN	10	4976_TN	2.052118	5.642478
GCTTGGGTCCCTCGTA-4976_TN	3	4976_TN	12.136205	9.09644
CAACCAACAAACCATC-4976_TN	10	4976_TN	2.1492755	5.5778546
GCGGAAAGTTAACAGA-4976_TN	myCAF	4976_TN	11.556749	7.362638
GGGACAACAGCTTCCT-4976_TN	2	4976_TN	10.654663	3.0000145
ACGGGTCAGCGTGCTC-4976_TN	myCAF	4976_TN	11.6518545	7.1668587
TTGGGCGAGTCGAAGC-4976_TN	3	4976_TN	11.463934	9.001307
GACCCTTCAAGTATAG-4976_TN	5	4976_TN	6.122409	4.9556837
GCATTAGTCACCTTAT-4976_TN	3	4976_TN	12.460025	9.444857
CGAGAAGAGGGAGGGT-4976_TN	10	4976_TN	1.4647233	3.9259598
CAACAGTAGGACTAAT-4976_TN	3	4976_TN	12.125346	9.958372
TACAACGCATCGTTCC-4976_TN	2	4976_TN	10.625246	3.8028433
TACTTCACACGCGCTA-4976_TN	11	4976_TN	13.370558	4.3070025
ATTCACTTCGCGTGCA-4976_TN	2	4976_TN	10.2984085	0.9486087
CTCTCGAGTTGGTACT-4976_TN	2	4976_TN	10.490451	3.615592
GAACTGTTCAAACTGC-4976_TN	3	4976_TN	12.071516	11.572122
CCTAAGAAGGTATCTC-4976_TN	2	4976_TN	10.378445	2.680716
ACGTAGTAGCACTTTG-4976_TN	myCAF	4976_TN	12.802385	5.324396
GTATTGGGTACGAGCA-4976_TN	5	4976_TN	6.85507	2.979349
TCGCAGGGTCTAGATC-4976_TN	10	4976_TN	0.34924755	5.2343307
AACGAAATCTCCCTAG-4976_TN	5	4976_TN	6.2926803	5.6133876
TGCAGGCGTGTGGACA-4976_TN	2	4976_TN	10.4005375	3.2152793
GTACAACGTACGATCT-4976_TN	5	4976_TN	7.996676	4.613436
GAGGGATGTGCCTACG-4976_TN	3	4976_TN	12.244995	8.660632
CGAGGCTTCAGCCTTC-4976_TN	6	4976_TN	9.936049	8.650745
GCAGCCAGTCCGACGT-4976_TN	3	4976_TN	10.905092	8.555995
CATGAGTCAAGCTCTA-4976_TN	3	4976_TN	11.867198	8.838393
GAGTGAGTCTTCCCAG-4976_TN	5	4976_TN	8.312666	4.398075
ACTGATGAGTGAACAT-4976_TN	myCAF	4976_TN	12.422545	7.514403
TAACTTCTCCGCCTAT-4976_TN	2	4976_TN	12.037513	3.5178292
TTACCGCTCCGGTAGC-4976_TN	3	4976_TN	11.668805	10.013118
GGGTCACCAGCATACT-4976_TN	3	4976_TN	10.935948	7.806947
TAACACGAGTTGGAGC-4976_TN	5	4976_TN	7.0512576	5.278827
GAGTCTATCATCGACA-4976_TN	2	4976_TN	9.594498	1.9564246
TGCATCCGTGGTCCGT-4976_TN	7	4976_TN	8.275152	11.141645
TTTCCTCCAGTATACC-4976_TN	myCAF	4976_TN	10.861419	7.0111275
CGTTAGATCTCATTAC-4976_TN	10	4976_TN	1.4659451	5.7294526
AGTGCCGCACCAGCCA-4976_TN	5	4976_TN	7.0368752	2.8487525
TGATGGTCAAGAAACT-4976_TN	10	4976_TN	1.637617	3.4351118
TAAGTCGAGGAGAATG-4976_TN	8	4976_TN	11.99659	11.738884
GTGATGTCAGTCGAGA-4976_TN	myCAF	4976_TN	10.613485	6.415238
GAGTTTGTCTAGCCTC-4976_TN	5	4976_TN	8.720507	4.9118223
CCAATTTAGACAGCTG-4976_TN	5	4976_TN	8.779738	5.4150066
GTGCTGGAGAGCCTGA-4976_TN	myCAF	4976_TN	13.2324295	5.4721665
CAGATTGTCTAGTCAG-4976_TN	2	4976_TN	9.764196	4.5850463
AAGCCATAGCCGTAAG-4976_TN	3	4976_TN	10.824266	9.278757
CATACTTGTACCAGAG-4976_TN	5	4976_TN	8.644107	5.9167066
CCACACTCATTGTACG-4976_TN	3	4976_TN	12.502612	9.357708
ACGATCATCCTATGGA-4976_TN	5	4976_TN	8.981074	5.302193
TTCGATTCATTGGCAT-4976_TN	5	4976_TN	6.3613644	4.379547
CTGTGAAGTCGTTGCG-4976_TN	5	4976_TN	6.8921657	3.0430305
CACTGAACACCTCTAC-4976_TN	3	4976_TN	11.681792	9.823101
GCAGTTAGTAGGTACG-4976_TN	6	4976_TN	9.772368	9.141646
GATGATCAGTCACGCC-4976_TN	10	4976_TN	2.0123503	3.9220266
TGTGGCGCATGTCTAG-4976_TN	2	4976_TN	10.259602	2.3527515
GGTTAACAGGCCTGAA-4976_TN	3	4976_TN	11.57313	10.221846
AGTGACTGTTATTCCT-4976_TN	11	4976_TN	9.962109	6.942464
TTTATGCGTCAGACTT-4976_TN	5	4976_TN	6.2705154	4.7345524
GATGTTGTCTCAATCT-4976_TN	myCAF	4976_TN	11.862667	6.449643
AGGACTTAGTGAGGCT-4976_TN	11	4976_TN	12.056121	4.321623
ATCGATGGTCACGTGC-4976_TN	2	4976_TN	10.615625	4.074417
ACTACGACAAATGCGG-4976_TN	6	4976_TN	7.1004148	8.465515
CCCTCTCGTATTAAGG-4976_TN	5	4976_TN	8.273006	4.7511315
CGAGGAACACTACTTT-4976_TN	11	4976_TN	12.896741	3.9291794
GTCCTCACAGGCTTGC-4976_TN	apCAF	4976_TN	8.727155	-0.42498106
CCTGTTGTCCTAGCGG-4976_TN	2	4976_TN	9.646551	1.0833775
CTGATCCCACACCTTC-4976_TN	3	4976_TN	12.550693	9.686869
CATACCCTCAGACAAA-4976_TN	myCAF	4976_TN	12.421068	5.5215616
AACACACTCGCCTTGT-4976_TN	3	4976_TN	11.672568	10.061733
AATGCCAGTTAACCTG-4976_TN	3	4976_TN	11.450191	11.431526
GACACGCTCACCGGGT-4976_TN	5	4976_TN	8.774098	6.4991627
AGCGTATTCTGAGTCA-4976_TN	2	4976_TN	8.90668	2.68283
GGGAGTAAGCGACTGA-4976_TN	2	4976_TN	10.596082	3.0702248
CCACTTGAGTTACTCG-4976_TN	2	4976_TN	10.348771	1.0217593
CATCGCTGTGGAAGTC-4976_TN	2	4976_TN	8.913478	1.0320052
TTCTCTCTCATGCAGT-4976_TN	5	4976_TN	9.145318	6.694902
GGAGATGTCCGACAGC-4976_TN	2	4976_TN	10.834262	4.4373317
CAGGGCTCACCTATCC-4976_TN	apCAF	4976_TN	7.35063	-0.4375749
CATGGTAAGCCTAACT-4976_TN	10	4976_TN	2.400772	5.1945996
TTGGATGTCTGCATGA-4976_TN	iCAF	4976_TN	11.110357	12.764638
TGGGATTCAGCGTGAA-4976_TN	6	4976_TN	10.966073	9.50216
GTTTGGAGTTGACGGA-4976_TN	myCAF	4976_TN	13.213304	6.106859
ATCCACCTCATGAAAG-4976_TN	10	4976_TN	1.2712978	3.8170142
TGGGTTATCTTGGATG-4976_TN	3	4976_TN	10.974144	8.17937
GTCTCACGTTAAGGGC-4976_TN	5	4976_TN	6.3034067	5.519356
AGCGTATCACCTCTGT-4976_TN	3	4976_TN	11.611545	9.922601
TCCACCAGTTGCAACT-4976_TN	2	4976_TN	9.756297	2.0307314
CAAGCTAAGATACTGA-4976_TN	3	4976_TN	11.419969	8.519993
TCTACATCATGAAGGC-4976_TN	2	4976_TN	10.227352	3.7080438
GCTTCACCAGCGTATT-4976_TN	5	4976_TN	6.3818088	4.4213595
AGATGCTAGGTCCGAA-4976_TN	10	4976_TN	1.4355448	4.954882
GTGGAAGGTCTGCATA-4976_TN	11	4976_TN	10.802985	6.0647473
AGATGCTAGGATTTCC-4976_TN	2	4976_TN	11.314492	4.226202
ATCCACCCAACAAGTA-4976_TN	7	4976_TN	10.786509	11.469461
GCATTAGCAGAATGTA-4976_TN	myCAF	4976_TN	11.44921	5.5039616
TTATTGCTCGGAGTAG-4976_TN	10	4976_TN	1.9393713	5.5801477
TTACCGCAGACATACA-4976_TN	5	4976_TN	7.7817254	6.2140517
CTGGCAGAGATGATTG-4976_TN	5	4976_TN	6.6984715	4.148177
ACCGTTCAGGGCAAGG-4976_TN	3	4976_TN	11.937558	10.22048
TTGGGCGCAAGTCATC-4976_TN	8	4976_TN	11.710377	12.762336
TATCCTACACTTGACA-4976_TN	5	4976_TN	7.537514	5.141943
TTCACGCAGGCTTAAA-4976_TN	0	4976_TN	5.4497943	9.929639
CCTCAACGTTCAGCGC-4976_TN	10	4976_TN	0.90465117	5.3074155
TACAACGTCGTAACAC-4976_TN	2	4976_TN	10.0456295	4.635974
AATGACCCAGCAAGAC-4976_TN	3	4976_TN	11.801676	10.332081
TGCATGAAGACTACCT-4976_TN	2	4976_TN	9.78564	1.7585702
ACTACGATCTTCCCAG-4976_TN	10	4976_TN	1.726106	5.720675
TCTTTGACATTGAAAG-4976_TN	3	4976_TN	10.274202	6.543794
TGATGGTCAAACTCTG-4976_TN	2	4976_TN	11.126031	3.3956633
CACTGGGAGTCAGGGT-4976_TN	myCAF	4976_TN	13.515631	6.534438
CCCGAAGCATCCGGCA-4976_TN	5	4976_TN	8.015689	4.6897616
CACTTCGAGGTCCTGC-4976_TN	11	4976_TN	10.665927	5.033043
TCCGAAAGTCCGATCG-4976_TN	2	4976_TN	10.554888	3.1055133
AGCATCAAGCAGGCAT-4976_TN	11	4976_TN	10.474713	7.1342516
GCCATGGCAATACCTG-4976_TN	10	4976_TN	1.8182029	4.815999
TAGTGCAGTTGCTGAT-4976_TN	3	4976_TN	11.580624	9.731266
TGAATGCAGCTGAAAT-4976_TN	2	4976_TN	10.613117	1.799226
GAAGTAAAGCCATCCG-4976_TN	myCAF	4976_TN	10.465567	7.512827
AAGAACAGTGGCTTGC-4976_TN	2	4976_TN	9.740882	2.2425528
CGATCGGTCTGGAGAG-4976_TN	myCAF	4976_TN	11.516542	7.082017
CGTTCTGGTTAGGCCC-4976_TN	2	4976_TN	11.040598	2.2512922
AAGGTAACAATTGCTG-4976_TN	iCAF	4976_TN	13.032775	15.0547
TCACATTTCGAAGAAT-4976_TN	11	4976_TN	10.46927	7.0706735
AGGATAACAACCGCTG-4976_TN	iCAF	4976_TN	12.92363	14.417928
AGACACTAGAGTCTGG-4976_TN	myCAF	4976_TN	11.951742	8.113568
GCCTGTTAGCGCAATG-4976_TN	apCAF	4976_TN	8.048497	0.36261675
GTAGAGGTCGAGCTGC-4976_TN	3	4976_TN	11.666097	8.65547
GAATCACAGACATCAA-4976_TN	3	4976_TN	11.457241	10.398302
AAGGAATTCTATCGCC-4976_TN	3	4976_TN	10.773112	9.373213
TTCATGTGTTGCGTAT-4976_TN	myCAF	4976_TN	10.613361	7.7129164
ACTTTCAGTTGGGACA-4976_TN	3	4976_TN	12.37492	10.039602
AGTTCGACAACTAGAA-4976_TN	2	4976_TN	10.31707	1.2915529
GTTTACTCAGTTGTCA-4976_TN	5	4976_TN	7.469388	4.406614
AGTTCGAGTACCGCGT-4976_TN	5	4976_TN	10.162979	7.451412
TCGGTCTTCGCTTGCT-4976_TN	10	4976_TN	0.015416602	6.154426
GGGCTACGTGTCCACG-4976_TN	5	4976_TN	7.0409694	3.1301575
AAACCCATCACGAACT-4976_TN	myCAF	4976_TN	10.340877	6.4539194
CTTACCGAGGTAGGCT-4976_TN	8	4976_TN	10.228047	10.557796
ACACCAATCACTTGGA-4976_TN	11	4976_TN	11.354844	4.814269
AAGCCATGTCTACACA-4976_TN	2	4976_TN	9.451058	1.0165349
ACTTTGTAGGTGCTTT-4976_TN	3	4976_TN	11.582033	10.504043
ATGCATGGTCTACGTA-4976_TN	apCAF	4976_TN	9.797988	0.28662753
TATTGGGCACTAGGTT-4976_TN	myCAF	4976_TN	11.497195	7.11331
CTAAGTGTCGGATACT-4976_TN	3	4976_TN	10.642055	9.120854
AGGACGAAGATCACCT-4976_TN	8	4976_TN	11.413171	11.672683
ATCGGCGAGGTAGCCA-4976_TN	5	4976_TN	7.132609	4.108499
GGATCTAAGTTTGAGA-4976_TN	2	4976_TN	10.357491	5.080183
GGGTGAATCGGTCATA-4976_TN	5	4976_TN	6.9585085	3.0041265
GTTGTGATCCTATTTG-4976_TN	11	4976_TN	9.526103	6.6741524
GCCGTGATCTCGCCTA-4976_TN	3	4976_TN	11.655289	9.280185
TTCAGGACAGATACCT-4976_TN	myCAF	4976_TN	12.400301	6.8476915
CATGAGTGTTCCATTT-4976_TN	7	4976_TN	10.077794	12.147328
CTCCGATCACAAATGA-4976_TN	myCAF	4976_TN	10.927386	6.615479
CAGGTATAGGTAGTCG-4976_TN	10	4976_TN	2.0332613	4.5650773
TCGCTCAAGTGATGGC-4976_TN	10	4976_TN	1.8030066	4.6511507
AGCCACGTCTACCCAC-4976_TN	2	4976_TN	10.027166	1.1249832
GCTACAACATGAGGGT-4976_TN	3	4976_TN	12.249539	11.140357
TGAATCGTCAGTCATG-4976_TN	10	4976_TN	2.3276753	5.1667542
TCCCAGTGTCGATTTG-4976_TN	3	4976_TN	12.502384	10.780572
CAGATTGAGTTGTAAG-4976_TN	myCAF	4976_TN	12.264395	5.7266417
AGTTAGCGTTCATCGA-4976_TN	10	4976_TN	1.3769712	3.6444235
GTTGCTCTCTCATTAC-4976_TN	myCAF	4976_TN	11.4211035	7.1481433
AACCATGTCAGGAACG-4976_TN	0	4976_TN	9.657251	10.165685
AGTGTTGGTACCTATG-4976_TN	2	4976_TN	10.286582	4.7128506
GTGCACGTCAGGCGAA-4976_TN	myCAF	4976_TN	11.941747	7.1865797
GGGTTATAGCGGATCA-4976_TN	5	4976_TN	7.1977053	2.8486176
TCCGATCTCTCGTGAA-4976_TN	3	4976_TN	11.220055	9.190408
CCGTTCACACCCGTAG-4976_TN	5	4976_TN	8.097827	6.00618
CCGTGAGCATGAATCC-4976_TN	2	4976_TN	10.693047	4.424781
TCTACCGTCGATGCAT-4976_TN	0	4976_TN	7.9974995	11.057228
AGCGTATAGGTTCACT-4976_TN	5	4976_TN	8.82616	5.1205845
GTTACCCGTGCCTTTC-4976_TN	0	4976_TN	4.6698666	10.708322
AGATGCTAGAGGTTTA-4976_TN	2	4976_TN	9.220257	0.96452886
TGATTTCCACCGCTAG-4976_TN	11	4976_TN	10.538125	6.3689985
TGATTCTCACCTTCCA-4976_TN	8	4976_TN	11.99595	10.949258
TGGAACTTCGCTGATA-4976_TN	3	4976_TN	12.046305	10.163369
GTGTGGCTCTTTGGAG-4976_TN	myCAF	4976_TN	11.869963	7.7773404
TCAGCAACACTTTAGG-4976_TN	myCAF	4976_TN	12.085011	6.4153557
ACTATCTCATAGTCGT-4976_TN	2	4976_TN	9.961176	3.8282464
AACCACACATCGCTGG-4976_TN	8	4976_TN	12.729801	12.344691
CCTCTCCAGGATGCGT-4976_TN	2	4976_TN	9.840872	1.9444138
AACCAACGTGGCAGAT-4976_TN	3	4976_TN	12.570839	10.275966
AAGACTCGTACGACAG-4976_TN	5	4976_TN	7.397212	4.6330605
TCTGGCTAGCCACCGT-4976_TN	5	4976_TN	8.717491	6.459616
GCACATATCCTGGCTT-4976_TN	myCAF	4976_TN	11.93239	7.065073
AGGTGTTTCTACCAGA-4976_TN	2	4976_TN	10.562786	1.030423
CCTCATGAGACAGCTG-4976_TN	3	4976_TN	12.136385	10.122105
ACTTCCGGTCGATGCC-4976_TN	3	4976_TN	12.371525	10.533599
TCAGTGACAGCCTACG-4976_TN	3	4976_TN	12.465239	10.61819
TACTGCCTCATGGAGG-4976_TN	2	4976_TN	9.396205	1.7225703
GTCATGAGTCTGATAC-4976_TN	5	4976_TN	8.388448	6.798599
AAAGTCCGTGAGGATC-4976_TN	6	4976_TN	9.643435	9.48062
GGAGAACGTCCGTACG-4976_TN	3	4976_TN	10.170315	9.420628
TGGGATTGTGGTACAG-4976_TN	3	4976_TN	11.304423	9.360868
AGGTCTAGTACCGGCT-4976_TN	5	4976_TN	7.9437547	3.0467615
TGCAGGCAGACTTAAG-4976_TN	8	4976_TN	10.488293	11.091169
ATTATCCAGCAGTACG-4976_TN	0	4976_TN	8.16034	10.26366
TGATCAGGTACACGCC-4976_TN	5	4976_TN	9.719104	7.163729
CAATTTCAGGTATCTC-4976_TN	2	4976_TN	10.921616	1.5027779
CTCCCAAAGAATCGAT-4976_TN	myCAF	4976_TN	12.516245	8.073409
CGATGGCGTCCCGGTA-4976_TN	5	4976_TN	7.6069136	3.0409398
GATTTCTGTGATTGGG-4976_TN	myCAF	4976_TN	11.983012	8.344481
ATTACCTAGATGAATC-4976_TN	6	4976_TN	8.115302	8.812652
CCGTTCATCTGCCCTA-4976_TN	iCAF	4976_TN	12.420845	13.93352
CGTAGTACATGCCGAC-4976_TN	8	4976_TN	12.640518	12.020202
GCAACCGCACATGGTT-4976_TN	10	4976_TN	1.434656	5.1744275
ATGCATGGTCACCGAC-4976_TN	3	4976_TN	11.170857	9.480332
TCACGGGAGATAGGGA-4976_TN	myCAF	4976_TN	13.148314	5.9693155
TTGAGTGAGCGTTACT-4976_TN	8	4976_TN	11.887604	10.761973
AGAGCCCTCCAAGGGA-4976_TN	3	4976_TN	10.502452	10.792777
GGCAGTCTCAGTCCGG-4976_TN	3	4976_TN	11.401535	8.548953
CTATCCGTCAGTCCGG-4976_TN	6	4976_TN	8.840613	8.395427
GTTCTATGTACAACGG-4976_TN	myCAF	4976_TN	11.210992	7.5013537
GACGTTACATGACGAG-4976_TN	2	4976_TN	10.569824	3.6026907
TCTCACGAGCCACAAG-4976_TN	myCAF	4976_TN	13.327036	6.961032
GCATCTCAGTAGTCCT-4976_TN	11	4976_TN	13.144366	4.4083276
AGCGCCAGTGGACCAA-4976_TN	3	4976_TN	11.542281	9.282691
TCTCAGCCATAAGATG-4976_TN	3	4976_TN	11.890882	9.500701
TTCCAATAGTGGTTAA-4976_TN	3	4976_TN	11.672787	11.027239
ATCGATGCACGGTCTG-4976_TN	myCAF	4976_TN	13.348135	7.1504464
ACTGATGAGATGCCGA-4976_TN	3	4976_TN	11.80502	9.424954
CACGTTCCAAGCTACT-4976_TN	5	4976_TN	8.1793375	6.020909
CCTTCAGTCAGTGTCA-4976_TN	myCAF	4976_TN	12.389003	8.150967
CTACATTCAGTGGTGA-4976_TN	myCAF	4976_TN	13.576319	5.174766
GGCACGTTCTAGTTCT-4976_TN	5	4976_TN	9.592374	6.5752296
TAGGGTTAGAATTGCA-4976_TN	myCAF	4976_TN	12.03589	7.8105664
ATTCCTACAGACCTAT-4976_TN	0	4976_TN	8.487412	11.018451
AGCCAGCCATTGGATC-4976_TN	3	4976_TN	11.235706	12.388133
TGCGGCAAGGTGAGCT-4976_TN	8	4976_TN	13.05421	12.103941
TGTTCCGCACAACGAG-4976_TN	apCAF	4976_TN	8.204536	0.0955896
GTCTGTCCATGATGCT-4976_TN	5	4976_TN	8.673151	5.8794947
TCCGAAATCCATCTAT-4976_TN	0	4976_TN	5.2602673	10.415507
TATCGCCGTCATAACC-4976_TN	iCAF	4976_TN	10.472689	13.644886
TTTACGTTCTCTGGTC-4976_TN	3	4976_TN	9.952321	9.173429
ATGTCCCAGAATCGCG-4976_TN	3	4976_TN	9.970861	9.66244
AGTGACTAGGTTGGTG-4976_TN	myCAF	4976_TN	12.812214	6.4039216
CCTGTTGGTTCAAACC-4976_TN	3	4976_TN	11.1908045	9.823541
CATTGAGGTCTCAAGT-4976_TN	0	4976_TN	6.5556602	10.645136
CAACCTCCAGTTAAAG-4976_TN	3	4976_TN	11.221688	10.715716
GATAGCTAGGTAGCCA-4976_TN	0	4976_TN	5.441564	12.059523
CGAGAAGCAAGGAGTC-4976_TN	10	4976_TN	1.8619345	5.6710052
AGGACTTTCGACTCCT-4976_TN	10	4976_TN	1.0836495	5.070154
ACATCCCGTGCCTATA-4976_TN	3	4976_TN	11.51062	9.01374
CTACTATTCTCCTGAC-4976_TN	8	4976_TN	13.90481	13.17185
TGGAGAGAGCAAGTCG-4976_TN	3	4976_TN	12.189417	9.896161
ACACGCGCAGTCGCTG-4976_TN	3	4976_TN	11.609175	9.451621
CCTAACCGTGTTCCTC-4976_TN	apCAF	4976_TN	8.80136	-0.5220283
CATGCTCAGGAAGAAC-4976_TN	3	4976_TN	12.68169	10.583272
CATGGATCAGGGACTA-4976_TN	3	4976_TN	11.507735	8.450731
ATGGTTGCAAGGATGC-4976_TN	3	4976_TN	8.687628	7.1897383
CTACCTGAGGTTACCT-4976_TN	iCAF	4976_TN	12.825786	15.328771
GTAACACAGTCTAGCT-4976_TN	myCAF	4976_TN	12.06111	6.7008615
CGCCAGATCACTCCGT-4976_TN	2	4976_TN	9.721657	4.516597
CGAGGAATCAACCCGG-4976_TN	3	4976_TN	12.31316	11.298389
AAGACTCCAACCAATC-4976_TN	5	4976_TN	7.991009	6.370458
CTTCTAACACGTACTA-4976_TN	5	4976_TN	9.612725	6.859861
AAACGAAGTCAAGGCA-4976_TN	3	4976_TN	11.4362135	10.730552
CAGCGTGGTGCGCTCA-4976_TN	2	4976_TN	11.002514	4.271197
GTCCTCACAGCTTTCC-4976_TN	3	4976_TN	12.669633	10.001161
AAGTCGTAGAAGCCAC-4976_TN	myCAF	4976_TN	11.332584	6.7404404
AGCTTCCCAGTCAGAG-4976_TN	6	4976_TN	9.105366	7.674286
TCCATCGGTCCACTCT-4976_TN	10	4976_TN	2.0221171	3.6350808
TTTCAGTCACCAGGTC-4976_TN	iCAF	4976_TN	11.287462	14.48582
CCTTCAGCATGATCTG-4976_TN	5	4976_TN	6.1532707	4.446493
CCTCACAGTTGGTAGG-4976_TN	5	4976_TN	5.9589796	4.5746527
CTATCCGGTCGACTTA-4976_TN	3	4976_TN	12.607583	10.43621
TCGCTTGTCATTGTGG-4976_TN	10	4976_TN	2.8331537	4.65649
TCTACATCATGTGACT-4976_TN	myCAF	4976_TN	13.239846	6.3303313
TGTCCACGTTTCTTAC-4976_TN	8	4976_TN	11.7991295	12.701885
CTGCATCAGTCAAGCG-4976_TN	2	4976_TN	10.689496	1.4742475
GAGTGAGGTACAGTCT-4976_TN	2	4976_TN	11.346999	4.170212
GTAATCGCAACGGGTA-4976_TN	8	4976_TN	12.454455	11.685541
TTGTGTTCAGGCTATT-4976_TN	11	4976_TN	14.517765	6.7742753
GTCATTTCAACTGTGT-4976_TN	5	4976_TN	7.7469354	4.995314
ACTGCAATCCTCACTG-4976_TN	5	4976_TN	9.368961	6.998625
AGATCCAAGTAAACTG-4976_TN	2	4976_TN	10.731331	1.813641
GTACAGTTCAAGAAAC-4976_TN	3	4976_TN	12.065632	11.757687
TCGAAGTCACGGCCAT-4976_TN	myCAF	4976_TN	12.203812	7.236356
CCTCAACAGATCGCTT-4976_TN	myCAF	4976_TN	11.848579	6.266621
TCATACTAGAGTCCGA-4976_TN	11	4976_TN	10.921226	5.7790914
CACCGTTTCTGACAGT-4976_TN	2	4976_TN	10.224764	2.3802722
TAGCACATCTTCGACC-4976_TN	iCAF	4976_TN	12.685615	13.426889
CCCTCAATCGAGTCCG-4976_TN	myCAF	4976_TN	13.240363	7.924549
GATGATCCAATAGTCC-4976_TN	3	4976_TN	11.002841	9.147539
AGTTAGCCAATAGAGT-4976_TN	10	4976_TN	0.5556942	4.4141755
CCGAACGTCTACAGGT-4976_TN	10	4976_TN	2.7752707	5.051112
TTCTAGTCAGCAGACA-4976_TN	7	4976_TN	10.404362	12.01652
AACCATGCAACAGATA-4976_TN	3	4976_TN	12.280735	10.463255
AGAGAATAGATGAACT-4976_TN	8	4976_TN	11.4072895	11.412224
GCTGGGTAGACGGTTG-4976_TN	myCAF	4976_TN	13.550349	7.0619626
GTTGCTCAGATGGTAT-4976_TN	myCAF	4976_TN	12.710986	7.895864
GTGATGTGTCCACATA-4976_TN	0	4976_TN	9.14488	10.368966
CGGAGAAAGGTAGATT-4976_TN	0	4976_TN	5.435214	11.164702
AACAACCTCATAGCAC-4976_TN	2	4976_TN	9.7216	4.496909
AGTAGTCCAGAACTCT-4976_TN	3	4976_TN	11.869789	9.879691
CGGGTCAGTCCGAAAG-4976_TN	10	4976_TN	1.7169231	5.750987
AGTCTCCTCATTTCCA-4976_TN	2	4976_TN	11.815727	1.9416833
TCGGATAAGCGAGGAG-4976_TN	11	4976_TN	14.131399	8.231764
TCATATCTCTCCGATC-4976_TN	8	4976_TN	12.59132	12.478694
TGCAGTAGTACAAGCG-4976_TN	iCAF	4976_TN	11.501146	13.764277
AAACGAACACTTACAG-4976_TN	0	4976_TN	6.5270767	11.647705
GACAGCCGTGGTCAAG-4976_TN	3	4976_TN	10.951674	9.179821
GAATCACGTACGGGAT-4976_TN	3	4976_TN	10.281175	8.008611
CATCGGGTCCAACCGG-4976_TN	2	4976_TN	10.528051	2.543628
ATCCATTGTGAGTTGG-4976_TN	8	4976_TN	11.369793	11.416655
TTAATCCGTGAGAACC-4976_TN	3	4976_TN	11.746996	10.030126
CTTCGGTGTGGTCCCA-4976_TN	3	4976_TN	12.021643	8.567031
GCTGCAGAGAAATCCA-4976_TN	myCAF	4976_TN	10.598806	7.53234
TCCTCGAAGGTGCAGT-4976_TN	myCAF	4976_TN	11.887457	5.2762694
CTAGGTATCGCCAGAC-4976_TN	11	4976_TN	10.051175	5.6359324
GAATCACAGTCGGCCT-4976_TN	myCAF	4976_TN	13.125609	4.9333744
TTTCGATCAGAGGACT-4976_TN	6	4976_TN	7.7131143	8.847341
CGTAATGCAGACAAAT-4976_TN	0	4976_TN	7.2189	10.530878
GGAGGATTCTCCCAAC-4976_TN	5	4976_TN	8.227165	4.5659604
TGTCCTGGTCAAGTTC-4976_TN	myCAF	4976_TN	12.194183	5.7157493
TTCAGGACAGTGGCTC-4976_TN	apCAF	4976_TN	7.8695564	0.11983028
CAATTTCTCGATTCCC-4976_TN	iCAF	4976_TN	11.923803	14.592303
GTGTTCCCAATGACCT-4976_TN	3	4976_TN	12.117282	10.526242
GCCAGGTGTTGGGACA-4976_TN	myCAF	4976_TN	13.090716	7.357101
TCTCTGGTCCTCAGAA-4976_TN	5	4976_TN	8.079329	6.426077
CTCTCGATCAGCATTG-4976_TN	5	4976_TN	8.354814	5.8542023
AACCATGTCGAGAAGC-4976_TN	3	4976_TN	12.104351	11.633628
CGGGTCACATCTCGTC-4976_TN	3	4976_TN	12.103481	9.086385
ATAGAGAGTACAGTTC-4976_TN	11	4976_TN	14.077967	6.6774616
AAGAACAGTATGTGTC-4976_TN	myCAF	4976_TN	12.281166	6.89599
TTGGGATGTTACCTGA-4976_TN	10	4976_TN	1.5821669	5.671529
TGTCCCATCACCACAA-4976_TN	3	4976_TN	11.297014	9.578634
TGCGACGGTCCATCTC-4976_TN	5	4976_TN	8.575156	2.6107774
TCTTGCGTCTAATTCC-4976_TN	7	4976_TN	10.638563	10.821402
CAATCGACACTACGGC-4976_TN	8	4976_TN	11.1032505	10.389981
GATCCCTTCCTACACC-4976_TN	11	4976_TN	13.513574	8.990432
TGGAGAGGTACACGCC-4976_TN	8	4976_TN	12.344926	11.213547
CAGCGTGTCAAATGCC-4976_TN	3	4976_TN	11.424458	10.559614
GGGCTCACAAGTTCCA-4976_TN	8	4976_TN	11.5330305	11.730672
GTAGATCTCCTCGATC-4976_TN	11	4976_TN	13.635309	7.5649924
CCTTCAGAGTCATTGC-4976_TN	myCAF	4976_TN	11.044714	7.577583
CCTAAGAAGGTTTGAA-4976_TN	apCAF	4976_TN	8.679346	0.62410045
TCCTTTCAGGGCAATC-4976_TN	10	4976_TN	1.7657142	3.3855217
CTCTCAGTCGCTACGG-4976_TN	2	4976_TN	9.997698	2.5761292
ATGTCTTGTGAAGCTG-4976_TN	8	4976_TN	12.780196	11.600254
TATTTCGCAAGGTCGA-4976_TN	0	4976_TN	5.208557	10.224387
CCGGTGATCTGGGCAC-4976_TN	10	4976_TN	2.146056	4.5709867
AACCATGAGGTCTACT-4976_TN	3	4976_TN	12.2205105	10.743823
ACAGGGAAGCACTCAT-4976_TN	3	4976_TN	12.103107	10.850367
AAGCGTTGTCGGCTAC-4976_TN	myCAF	4976_TN	11.103971	6.794946
CCCTGATTCACTGAAC-4976_TN	myCAF	4976_TN	11.819391	7.037417
TCCGTGTCAAGGACAC-4976_TN	0	4976_TN	4.720619	10.751306
GGTCACGGTGCCTTCT-4976_TN	11	4976_TN	12.405804	3.972572
CCTTTGGAGCAGTACG-4976_TN	11	4976_TN	10.968749	4.082184
AAGCGTTAGGTTGAGC-4976_TN	10	4976_TN	1.2866865	5.8971524
CCATCACAGTGCAGGT-4976_TN	3	4976_TN	10.8530035	10.51312
GCTTCACAGTTTCAGC-4976_TN	0	4976_TN	6.1890917	9.691745
AGGGAGTTCCCATAGA-4976_TN	iCAF	4976_TN	11.102688	13.811901
TGACTCCAGGTAAACT-4976_TN	3	4976_TN	11.325329	10.36953
AGGATCTCATGGGATG-4976_TN	5	4976_TN	6.988014	4.5006313
TTGGTTTGTGCACGCT-4976_TN	3	4976_TN	12.512591	10.640543
GCGGAAATCACCTGTC-4976_TN	11	4976_TN	8.994559	7.4809046
CTCCCAACACATTACG-4976_TN	7	4976_TN	9.468885	12.429463
TCTTGCGTCTTCTGGC-4976_TN	8	4976_TN	11.486856	11.820197
TGGTTAGGTCAGGAGT-4976_TN	myCAF	4976_TN	12.066558	7.0995064
CTCATCGAGCACTCAT-4976_TN	5	4976_TN	8.631189	5.119572
ACGATCAGTACGTGTT-4976_TN	myCAF	4976_TN	12.223145	4.674937
CTCTGGTTCCTCACGT-4976_TN	2	4976_TN	11.081086	0.7501824
AATCACGGTCTGTAGT-4976_TN	3	4976_TN	12.198291	10.969261
ATCGTAGGTCCACATA-4976_TN	2	4976_TN	10.68467	2.1731205
CGGGTGTAGAGGATGA-4976_TN	8	4976_TN	12.118571	11.943675
GTTACAGAGAGTCTGG-4976_TN	0	4976_TN	6.0314054	10.538735
TAGACCAAGTAGACAT-4976_TN	2	4976_TN	9.895855	1.7675549
CTACCCAGTCATGACT-4976_TN	2	4976_TN	11.286869	4.000344
AATCGTGAGAGCAGCT-4976_TN	8	4976_TN	11.818696	10.269645
AACCTGATCTGAACGT-4976_TN	10	4976_TN	2.1743102	5.3029976
CGTTGGGGTTTGGCTA-4976_TN	10	4976_TN	1.428511	5.3111334
CTCAATTGTTCAAACC-4976_TN	0	4976_TN	5.8777204	10.846103
ACGATGTGTACAGTAA-4976_TN	0	4976_TN	6.2675495	9.836805
CGATGGCGTGAGACGT-4976_TN	5	4976_TN	5.954571	4.981849
CCACAAATCAGTGTGT-4976_TN	10	4976_TN	0.62710685	4.4778523
ATCTCTAGTGCCTACG-4976_TN	iCAF	4976_TN	11.384417	15.047371
TCGGGTGGTCCTTGTC-4976_TN	myCAF	4976_TN	11.373483	5.7417464
ACAGAAATCCATAGAC-4976_TN	5	4976_TN	8.068386	5.014048
ATCTCTACATTCGATG-4976_TN	3	4976_TN	11.158217	10.335547
GTACAACGTCCAGCGT-4976_TN	iCAF	4976_TN	12.986655	13.979182
ACCAAACAGGCACGAT-4976_TN	0	4976_TN	4.918144	11.464645
CAAAGAATCCCATGGG-4976_TN	3	4976_TN	10.99999	9.316981
GTGCAGCCATCTCATT-4976_TN	8	4976_TN	11.798324	12.189761
ACCGTTCGTCGGTGAA-4976_TN	0	4976_TN	5.057054	11.200972
ATCAGGTCATTGACCA-4976_TN	0	4976_TN	7.9264536	12.474897
CACTAAGAGACCAAAT-4976_TN	2	4976_TN	12.372075	3.7468734
TCTTTGATCGACGAGA-4976_TN	6	4976_TN	10.463716	8.256763
CATCCACTCGTTCTCG-4976_TN	0	4976_TN	6.0248723	10.286883
CATTGCCAGCTATCTG-4976_TN	myCAF	4976_TN	12.532368	7.5223837
AGTAGTCAGCACACAG-4976_TN	10	4976_TN	1.3467041	5.3071814
CCTCCTCGTAGTTCCA-4976_TN	11	4976_TN	10.701392	7.281019
TGAGCATAGTTCTACG-4976_TN	10	4976_TN	1.8258898	3.9339063
GAGTGTTTCCGGCAAC-4976_TN	0	4976_TN	8.66482	10.926266
GGTGGCTTCAAAGGTA-4976_TN	5	4976_TN	8.443073	5.479632
TACCTGCTCCACGTAA-4976_TN	2	4976_TN	9.255744	2.101911
TGGGCTGCACGTCGGT-4976_TN	2	4976_TN	11.04832	1.2436254
TCCACGTCATATGGCT-4976_TN	myCAF	4976_TN	13.417924	8.1015
CAACGATAGAGTTGTA-4976_TN	6	4976_TN	9.607784	9.111295
CGTGATAAGGAACTCG-4976_TN	6	4976_TN	6.4210167	9.211187
TACGGTATCACCACAA-4976_TN	5	4976_TN	7.0139217	5.56693
GATAGAAGTGGAAGTC-4976_TN	3	4976_TN	10.757467	8.783446
GATCGTAAGGTTAGTA-4976_TN	11	4976_TN	14.475044	8.263785
CATCCCACACTATCGA-4976_TN	6	4976_TN	8.650842	8.408305
CAAGAGGTCGAACCTA-4976_TN	3	4976_TN	12.343645	9.907162
CGGAACCCACAATGTC-4976_TN	iCAF	4976_TN	12.798214	13.221729
ATGAGTCAGTGGAAAG-4976_TN	0	4976_TN	4.8729606	11.77614
TACCCGTCAAGGCTTT-4976_TN	0	4976_TN	6.06002	9.377895
TTTACGTTCCGCAAAT-4976_TN	6	4976_TN	10.1133175	8.836969
CGGACACTCTTTGCTA-4976_TN	3	4976_TN	12.2102375	12.211012
CTGCCATAGCCTCCAG-4976_TN	iCAF	4976_TN	12.673378	14.263283
ACCTACCAGAGATCGC-4976_TN	iCAF	4976_TN	12.947996	12.596574
TTACAGGGTGCTGCAC-4976_TN	11	4976_TN	13.399094	4.4998665
CTTCTAACAGCATCTA-4976_TN	3	4976_TN	12.271296	10.256095
CACACAAGTCCCTGAG-4976_TN	3	4976_TN	10.967589	9.437455
GGTGTCGCAACAGAGC-4976_TN	5	4976_TN	9.779492	6.401249
CATGGATTCCGCCTAT-4976_TN	6	4976_TN	8.742115	9.293788
AGACTCAGTTAGAAAC-4976_TN	7	4976_TN	11.241298	12.309211
GGGATCCTCGACGCGT-4976_TN	5	4976_TN	6.991538	2.3429701
TCATTCAAGAGCGACT-4976_TN	0	4976_TN	9.41149	9.639767
TACATTCGTAGGTGCA-4976_TN	8	4976_TN	12.67577	13.076448
TTCTTGAGTACTGTTG-4976_TN	0	4976_TN	8.574147	9.752938
TGCATGAAGGTCATTC-4976_TN	2	4976_TN	10.147363	3.8925233
AGGGCTCTCACTGAAC-4976_TN	myCAF	4976_TN	12.0546	7.33567
CACTGAAGTACTTCCC-4976_TN	myCAF	4976_TN	12.363929	7.665927
AGGTCTATCCGTTTCG-4976_TN	0	4976_TN	6.232166	11.08292
TCGAAGTTCACCATAG-4976_TN	8	4976_TN	12.611939	11.685446
CTTTCAACATAACCCA-4976_TN	0	4976_TN	6.813792	9.629747
TGCATCCGTTTCGTGA-4976_TN	3	4976_TN	12.593206	10.918788
TCCCATGTCCATTTGT-4976_TN	6	4976_TN	9.946938	8.042347
AATCACGTCCATAGAC-4976_TN	3	4976_TN	10.896911	9.780224
AACTTCTCAGTTTCGA-4976_TN	8	4976_TN	12.215903	11.904497
TAGAGTCCATCCGGCA-4976_TN	0	4976_TN	5.872568	10.625078
TATATCCAGGTCCTGC-4976_TN	11	4976_TN	14.043773	8.330717
GCGTTTCCAAGTGCTT-4976_TN	3	4976_TN	11.196106	10.722922
CACATGACAGTTGGTT-4976_TN	apCAF	4976_TN	8.355952	0.7428787
GATTCTTTCTTAATCC-4976_TN	0	4976_TN	4.855699	10.21742
TCGACCTAGCTAGCCC-4976_TN	6	4976_TN	9.4216175	9.273571
AACAAGACATTCTCCG-4976_TN	5	4976_TN	7.7422433	2.4230547
AAACGAAGTGTCGATT-4976_TN	apCAF	4976_TN	8.786076	0.6589164
GTCAGCGAGGAACGAA-4976_TN	3	4976_TN	11.964436	9.7746315
TACCGAATCGTTCATT-4976_TN	5	4976_TN	8.125422	6.5171566
GAGCTGCAGAAGCTCG-4976_TN	8	4976_TN	10.705066	12.913837
GTTAGTGCACTGGATT-4976_TN	3	4976_TN	11.766716	8.25088
GCAGCCAAGTGACCTT-4976_TN	myCAF	4976_TN	11.366542	6.7672124
GGAGAACAGGCCACTC-4976_TN	2	4976_TN	10.629312	4.1918654
GCTACAAGTAACTTCG-4976_TN	iCAF	4976_TN	11.814097	12.919684
ACGCACGGTAAGATAC-4976_TN	11	4976_TN	13.715426	2.9298928
TGTGAGTTCTTCCAGC-4976_TN	11	4976_TN	9.381736	7.27067
CTAACCCTCGACCACG-4976_TN	2	4976_TN	10.363568	0.42482993
TATATCCAGCTGACCC-4976_TN	7	4976_TN	10.732867	12.4429865
TGTACAGTCCGCTGTT-4976_TN	iCAF	4976_TN	11.877426	12.694416
AGGATAAAGCATGCAG-4976_TN	5	4976_TN	8.025286	4.980432
AATGGAATCTATCACT-4976_TN	6	4976_TN	6.6367774	9.266759
TACTTACTCGGACCAC-4976_TN	3	4976_TN	10.738285	8.74951
TCAATCTGTCCGGCAT-4976_TN	3	4976_TN	11.159401	8.756085
CGTTAGAAGTTTGCTG-4976_TN	3	4976_TN	11.726456	9.6103525
CACGAATCAGAGAGGG-4976_TN	0	4976_TN	4.650986	10.339243
TACTTGTCACTACTTT-4976_TN	5	4976_TN	7.6736183	5.857116
GTCCCATTCACCTGGG-4976_TN	3	4976_TN	10.278322	10.464252
CGCATAAGTCCTTGTC-4976_TN	2	4976_TN	11.188991	1.6580279
TCAATTCCAATAGGAT-4976_TN	2	4976_TN	9.930302	2.4165852
CGAGAAGCATAGATCC-4976_TN	6	4976_TN	9.796841	8.101369
CAGATTGGTTCTCAGA-4976_TN	8	4976_TN	11.504364	12.423147
TTTGGTTCAGACACCC-4976_TN	apCAF	4976_TN	8.307715	0.40168622
ACCCAAAGTCTGTCCT-4976_TN	iCAF	4976_TN	12.609533	12.067171
ACGTACAAGATGGGCT-4976_TN	iCAF	4976_TN	13.023286	12.918351
AACAAAGTCTGAGGCC-4976_TN	0	4976_TN	6.7708488	12.221715
CTTCCGATCAAGCTTG-4976_TN	6	4976_TN	7.7097077	8.228869
TCAGCAAAGCAAATCA-4976_TN	5	4976_TN	8.923381	6.374397
TATCCTATCACCTTAT-4976_TN	0	4976_TN	5.6413913	10.893533
CAAGAGGCATCCGGTG-4976_TN	6	4976_TN	10.989506	9.045749
CGAAGTTGTTGGGATG-4976_TN	3	4976_TN	11.072136	9.677537
GCTACAAAGGAAAGTG-4976_TN	8	4976_TN	11.979989	13.925403
GCACATAGTTAGAGAT-4976_TN	0	4976_TN	9.56486	10.44324
ATGGATCGTAATTAGG-4976_TN	apCAF	4976_TN	9.030787	0.78278834
CCGGTGAAGTAATACG-4976_TN	2	4976_TN	10.149761	1.2069963
CCGTAGGAGTGTTCAC-4976_TN	8	4976_TN	11.330144	12.129303
TGGTTAGTCAACCTTT-4976_TN	2	4976_TN	10.458392	2.3010952
GCTACAAGTACCGTGC-4976_TN	6	4976_TN	9.585373	9.228792
GTTGCTCAGTATGGCG-4976_TN	3	4976_TN	11.745586	9.080926
ATTTACCCAGCGAACA-4976_TN	5	4976_TN	6.023485	4.6390615
CAGATCACACAATTCG-4976_TN	0	4976_TN	5.292461	11.993729
ATGCATGGTGTCATGT-4976_TN	3	4976_TN	10.688057	10.562118
CACATGAGTTATTCTC-4976_TN	8	4976_TN	12.76175	12.223086
GCCAGGTTCCAAGCTA-4976_TN	2	4976_TN	11.040077	1.0314631
TATCTTGCACCTAAAC-4976_TN	6	4976_TN	9.621788	8.5771055
GTTAGTGGTAGAGTTA-4976_TN	0	4976_TN	4.700162	11.038341
TACCTGCAGCCTTTGA-4976_TN	2	4976_TN	10.225258	1.8203768
AACCCAAAGGAGGGTG-4976_TN	6	4976_TN	9.995841	8.038432
GATGAGGAGTAAGCAT-4976_TN	5	4976_TN	7.4623613	5.421381
GGGTTATTCAGACCTA-4976_TN	3	4976_TN	10.512378	9.386423
TGTCAGACAAGCACCC-4976_TN	6	4976_TN	7.4121575	9.181861
GCACGGTCAAATACGA-4976_TN	8	4976_TN	12.635344	11.552334
TAGCACATCTAGGCCG-4976_TN	myCAF	4976_TN	10.833632	8.10782
TGCTTCGGTATTGACC-4976_TN	11	4976_TN	10.366661	6.6643147
TCTCAGCGTTGGCCTG-4976_TN	myCAF	4976_TN	13.524401	7.3480487
GTAGCTAAGATAACAC-4976_TN	11	4976_TN	10.983102	6.5316863
GGCTGTGTCGCTAATG-4976_TN	3	4976_TN	9.965154	9.782409
TTCATGTCAGCCATTA-4976_TN	2	4976_TN	10.781325	0.8482654
TCATCATTCCTACGAA-4976_TN	0	4976_TN	7.3417025	9.993766
GTCGAATAGACTTCAC-4976_TN	5	4976_TN	6.9509754	3.3049414
CAGCACGTCCACCCTA-4976_TN	6	4976_TN	9.82122	8.903057
GGGATGAAGGGAGGGT-4976_TN	3	4976_TN	11.138361	9.067361
GATAGAATCACACGAT-4976_TN	5	4976_TN	9.236052	6.0541577
GTATTTCCATCCGTGG-4976_TN	3	4976_TN	10.215012	9.443285
GACAGCCCAAGCCATT-4976_TN	3	4976_TN	12.164145	10.520127
GAGGCAACATCCGTTC-4976_TN	myCAF	4976_TN	11.423835	6.3191533
GATCCCTTCAGTCCGG-4976_TN	3	4976_TN	11.197502	7.969548
AGAAATGGTTTGACAC-4976_TN	7	4976_TN	9.505043	11.937078
CAGATCACAGGCTCTG-4976_TN	6	4976_TN	7.7696342	8.645979
CTCCATGTCCTAAGTG-4976_TN	3	4976_TN	11.052516	8.242574
TCTTTGACAATAGGGC-4976_TN	6	4976_TN	7.4178786	8.28311
ACACGCGTCCTTATGT-4976_TN	3	4976_TN	11.773344	10.46452
TTGAGTGGTGGCTACC-4976_TN	myCAF	4976_TN	10.603294	5.2625217
AGTCATGCACATACGT-4976_TN	2	4976_TN	11.377658	4.266077
AATTCCTTCTTACGGA-4976_TN	11	4976_TN	13.565596	3.140161
GTAACCATCTCAATCT-4976_TN	6	4976_TN	9.553478	9.314455
GAGTCATTCAGAATAG-4976_TN	5	4976_TN	8.12963	5.7931952
GTTCTATAGTGGAAGA-4976_TN	0	4976_TN	6.4096117	9.793429
TAGGAGGGTTCAAGTC-4976_TN	apCAF	4976_TN	7.35846	-0.07991823
CATTGCCAGGTCACTT-4976_TN	11	4976_TN	13.114784	4.8420143
CGTGAATAGGCGCTTC-4976_TN	10	4976_TN	1.3844095	4.8647623
ACCCTCATCATGGCCG-4976_TN	2	4976_TN	11.004522	1.7340832
ATTTACCCATGACTTG-4976_TN	10	4976_TN	1.6404519	4.109447
TTTGACTAGGCAATGC-4976_TN	5	4976_TN	9.948779	6.9556036
GAATCACTCCGGCAAC-4976_TN	7	4976_TN	11.107525	13.595573
CTCAATTGTGACCTGC-4976_TN	iCAF	4976_TN	11.990697	14.625132
GGAGATGCAGTGGGTA-4976_TN	0	4976_TN	5.3208933	10.244764
AGCTACAAGCCACAAG-4976_TN	8	4976_TN	12.237691	13.148749
AGGATAAAGGCTCTAT-4976_TN	iCAF	4976_TN	11.415628	15.312542
TCCCAGTTCCAACTAG-4976_TN	0	4976_TN	5.8734617	10.0798435
ACTTCGCCACCTGCAG-4976_TN	6	4976_TN	9.421599	9.213123
TCCTGCACACGGTCTG-4976_TN	iCAF	4976_TN	12.215242	13.226487
CTGCTCAGTATCGTTG-4976_TN	5	4976_TN	6.363703	5.0087633
CGGGACTAGTTGGGAC-4976_TN	0	4976_TN	5.181344	10.978796
TTCCAATGTGTTACTG-4976_TN	iCAF	4976_TN	12.109997	13.285993
CAGTGCGAGCCTATCA-4976_TN	8	4976_TN	11.890893	12.2570505
AGCGATTGTAACAGTA-4976_TN	3	4976_TN	11.077664	8.922912
GTCAAACAGTGATGGC-4976_TN	myCAF	4976_TN	11.98145	6.70466
ATCTCTACAACAAAGT-4976_TN	7	4976_TN	8.233112	11.016226
TCCACGTAGTAGAATC-4976_TN	apCAF	4976_TN	7.5693226	1.2436305
CCGTAGGTCGCCAGAC-4976_TN	apCAF	4976_TN	7.454001	-0.5834399
AACGTCATCTATCGGA-4976_TN	2	4976_TN	10.106984	4.2203965
GATTGGTTCAACCTCC-4976_TN	5	4976_TN	7.5423965	4.7140026
TCAGCAAGTGTTCCAA-4976_TN	6	4976_TN	9.544831	7.9000034
GTGATGTGTTCGGCGT-4976_TN	2	4976_TN	10.919547	2.4996872
GACTGATGTCATGCAT-4976_TN	8	4976_TN	11.744115	13.095308
ACGTAACCACAGAAGC-4976_TN	2	4976_TN	10.56303	2.4323468
TCAGGGCAGCGTTGTT-4976_TN	3	4976_TN	12.376544	10.637378
AAGTACCTCTATCGCC-4976_TN	0	4976_TN	5.6602716	11.382108
TTTATGCAGCTCACTA-4976_TN	6	4976_TN	6.5162196	8.026176
GGCAGTCCAATGTTGC-4976_TN	0	4976_TN	5.0956936	10.158812
ATGCGATCATGGAAGC-4976_TN	3	4976_TN	11.719573	8.446516
CCACACTGTTAGTTCG-4976_TN	iCAF	4976_TN	13.116489	13.419204
CGATGCGTCCACAAGT-4976_TN	7	4976_TN	10.9729	12.678454
TTTGGAGTCTAGTCAG-4976_TN	3	4976_TN	10.208841	9.145881
GAACTGTCAAAGACGC-4976_TN	6	4976_TN	9.368892	8.2097845
ACGTCCTTCTCCCTAG-4976_TN	11	4976_TN	9.633842	7.9260864
GGTTGTAAGGGCCCTT-4976_TN	11	4976_TN	10.245336	5.751104
CATTCATGTGCTGCAC-4976_TN	6	4976_TN	7.9048767	8.84053
TTTGACTGTTCTTAGG-4976_TN	6	4976_TN	9.282678	8.533827
AGTAACCAGCTTTGTG-4976_TN	6	4976_TN	8.786072	7.91605
ATCGTAGGTAATACCC-4976_TN	myCAF	4976_TN	11.506909	5.7361364
GGGTGAAAGACGGATC-4976_TN	10	4976_TN	2.3630497	4.3781414
CATCCGTGTTTCCCAC-4976_TN	8	4976_TN	12.799368	11.678335
TTTCGATCATAGGTAA-4976_TN	11	4976_TN	9.483946	6.604787
CGCATAACAGGGAGAG-4976_TN	8	4976_TN	11.657534	12.249772
TCAAGCACAACGTTAC-4976_TN	5	4976_TN	8.095999	6.699541
CATAGACTCCCGAGGT-4976_TN	3	4976_TN	11.5488	10.020437
ATCACGAAGGATACAT-4976_TN	3	4976_TN	11.59122	9.147377
GTGGCGTTCATGGAGG-4976_TN	5	4976_TN	8.259313	2.7154348
CGCATAAAGCAGGCAT-4976_TN	0	4976_TN	6.8568068	9.554684
AAGACTCGTCCTTAAG-4976_TN	0	4976_TN	5.687698	10.295901
CCGTTCACAGCACGAA-4976_TN	6	4976_TN	8.04997	8.426666
AAGCGAGTCTAGAGCT-4976_TN	5	4976_TN	8.277969	5.042261
AACCTTTTCTCAGGCG-4976_TN	11	4976_TN	10.01417	7.879175
AGCCACGGTGCAATGG-4976_TN	0	4976_TN	8.760394	10.741352
GATGCTAGTAGAGGAA-4976_TN	5	4976_TN	10.149571	6.891697
CAAGACTTCACCATGA-4976_TN	7	4976_TN	10.938822	11.713932
GGGAGTACAGCACGAA-4976_TN	0	4976_TN	4.610141	10.366137
AAGCATCAGAAATTCG-4976_TN	8	4976_TN	13.186617	12.4100065
CAGAGCCAGCAGCACA-4976_TN	0	4976_TN	4.971762	9.73549
CCCGAAGGTCTTTATC-4976_TN	myCAF	4976_TN	12.454693	7.1324983
GAGGGATTCGGTGCAC-4976_TN	apCAF	4976_TN	9.446694	-0.0075303433
GGGACCTTCCCGGTAG-4976_TN	2	4976_TN	9.935179	4.3420787
CCACGTTTCGTTCTGC-4976_TN	7	4976_TN	10.983633	12.484885
CATACCCGTAGTCTTG-4976_TN	3	4976_TN	10.742336	8.849111
GAAGGACTCCATACTT-4976_TN	apCAF	4976_TN	9.172443	-0.48466524
TAGGTACGTCGTTGCG-4976_TN	5	4976_TN	7.4762015	5.2589006
ACGATGTGTTCGGCTG-4976_TN	2	4976_TN	10.808821	3.660247
TCCATGCCATCCGAAT-4976_TN	apCAF	4976_TN	8.570353	-0.74266934
GGTGGCTGTGTATCCA-4976_TN	apCAF	4976_TN	7.4287033	0.78463745
CGTTCTGAGGAATGTT-4976_TN	myCAF	4976_TN	12.43027	7.925879
TATCAGGGTAACGATA-4976_TN	3	4976_TN	11.592122	10.756664
GAAACCTTCTCCTGAC-4976_TN	7	4976_TN	10.199442	11.538851
AGCGTATAGGACGCAT-4976_TN	5	4976_TN	8.10587	2.83405
GTGTTCCAGAGTTGAT-4976_TN	iCAF	4976_TN	13.04332	12.499435
TCTCACGGTGTGTCGC-4976_TN	7	4976_TN	10.135075	13.092208
TCACATTGTGTTGCCG-4976_TN	7	4976_TN	10.495697	12.911527
CATGCAAAGCAGGGAG-4976_TN	7	4976_TN	9.26307	10.859091
TTTCATGTCGCGCTGA-4976_TN	0	4976_TN	4.9789414	10.794864
TAAGCCATCTGAGGTT-4976_TN	3	4976_TN	10.303358	9.099846
ATAGAGACATGCACTA-4976_TN	iCAF	4976_TN	12.155262	13.142646
GTAAGTCTCATAGACC-4976_TN	8	4976_TN	12.705767	11.611341
AAGCGTTCAATAACCC-4976_TN	3	4976_TN	10.343389	8.129174
CTGCGAGGTGTCGATT-4976_TN	3	4976_TN	11.250008	9.447807
ACTTTCATCCCAACTC-4976_TN	5	4976_TN	8.329632	2.7503543
AGTGATCTCGCTCATC-4976_TN	7	4976_TN	9.1367235	11.945174
TCATCCGTCGAGCACC-4976_TN	5	4976_TN	9.9023695	6.673969
ATACCGATCCGCACGA-4976_TN	3	4976_TN	10.549079	10.193306
GCAGGCTGTAGATGTA-4976_TN	5	4976_TN	8.607929	6.4319324
GTCATGAAGCAACAAT-4976_TN	2	4976_TN	10.837356	3.1504838
TACCGGGGTTGGACCC-4976_TN	2	4976_TN	9.902949	2.0163248
CTCTGGTGTTCAAGTC-4976_TN	0	4976_TN	5.55408	10.567049
TAGGTACCATATACCG-4976_TN	iCAF	4976_TN	11.43466	14.923981
TTCAATCCAGAACATA-4976_TN	7	4976_TN	9.621143	12.073934
CACACAACATGGCCAC-4976_TN	0	4976_TN	5.414906	9.693104
TGAGTCAGTAACGATA-4976_TN	7	4976_TN	8.761129	11.337672
GAGACTTCATGAAAGT-4976_TN	6	4976_TN	8.878484	9.749518
TCAAGTGCAAATGGAT-4976_TN	iCAF	4976_TN	12.983616	14.904134
GCGGAAATCCCATAAG-4976_TN	7	4976_TN	10.736353	11.294863
GTACAGTGTTTCCCAC-4976_TN	myCAF	4976_TN	12.650123	5.1040597
AAGATAGGTCTGATAC-4976_TN	0	4976_TN	5.248467	10.155854
AGGGAGTAGACATAAC-4976_TN	6	4976_TN	9.404804	9.012597
CTTTCGGAGAGGTTTA-4976_TN	8	4976_TN	12.35892	11.918342
CATACCCTCGAACTCA-4976_TN	iCAF	4976_TN	12.538141	13.819704
TTCAATCAGCAAGGAA-4976_TN	5	4976_TN	6.3518066	4.499558
GATCGTAAGGCGACAT-4976_TN	2	4976_TN	9.986949	3.3290253
TGTCCTGAGTGCTCAT-4976_TN	10	4976_TN	1.7262883	3.762242
GAGGCCTGTCGCATTA-4976_TN	7	4976_TN	10.493359	12.312761
TTGGTTTGTTCTGACA-4976_TN	3	4976_TN	10.529048	9.563948
GCTGGGTTCTAGACAC-4976_TN	3	4976_TN	12.137568	12.09098
TGTACAGAGATGTTCC-4976_TN	8	4976_TN	11.774823	12.928584
TCATCCGCATGACGTT-4976_TN	7	4976_TN	11.406084	12.914893
GGGCTCAGTTCCGCTT-4976_TN	0	4976_TN	5.688017	9.9695015
AGAGAATGTGGACAGT-4976_TN	apCAF	4976_TN	9.32084	-0.1722037
TATATCCCATTCACAG-4976_TN	0	4976_TN	6.93266	10.604166
AGAAATGTCGAGAATA-4976_TN	0	4976_TN	5.5041513	9.941439
TGCGGCATCGGAAGGT-4976_TN	3	4976_TN	11.184214	8.55522
GTGAGGATCCCTCTAG-4976_TN	8	4976_TN	13.765804	13.43439
TTTACGTGTTGCAAGG-4976_TN	3	4976_TN	12.273542	10.485041
ACCCTTGTCAGGACGA-4976_TN	3	4976_TN	11.870945	11.445042
TCAGTGAAGTCTTCCC-4976_TN	6	4976_TN	7.41109	8.724808
ATCATTCGTGCATTAC-4976_TN	7	4976_TN	10.925572	11.85325
CAGTGCGCAAAGCTCT-4976_TN	apCAF	4976_TN	8.1773405	-0.122125775
GGAGAACAGAGAGCGG-4976_TN	0	4976_TN	6.1964393	9.60489
AGTGCCGCAGGTCAAG-4976_TN	6	4976_TN	9.432842	8.763519
TAAGCCAGTATCTCTT-4976_TN	myCAF	4976_TN	11.638041	7.5819397
GTCAGCGCAATACCCA-4976_TN	8	4976_TN	11.326095	10.502707
CCGATGGTCCCTATTA-4976_TN	7	4976_TN	9.06911	12.0562315
GTCTACCAGCGATGGT-4976_TN	8	4976_TN	13.506543	12.64957
TGCAGATAGTGAGCCA-4976_TN	0	4976_TN	5.774622	13.106485
TCGGGTGGTGGCTGAA-4976_TN	5	4976_TN	6.7522206	4.687657
TTGTGTTGTCATCACA-4976_TN	3	4976_TN	12.145881	9.277515
CCTAAGAGTAGCGATG-4976_TN	6	4976_TN	10.231666	8.738829
TATTGGGTCACGATCA-4976_TN	0	4976_TN	6.745232	9.181741
CTCCCTCAGGCCCGTT-4976_TN	0	4976_TN	6.4477158	9.68097
GGCAGTCAGCTGGCTC-4976_TN	iCAF	4976_TN	12.378169	14.096881
CCGTGAGAGCGAGTAC-4976_TN	10	4976_TN	1.8506587	3.653067
AAAGTCCTCTGGGCAC-4976_TN	iCAF	4976_TN	11.683785	15.449558
CTTTCAAGTGTGTGTT-4976_TN	5	4976_TN	5.9592133	4.477823
TACCCGTCATGGCCCA-4976_TN	3	4976_TN	11.88599	11.337835
ACAACCAGTACCCGCA-4976_TN	7	4976_TN	10.407936	12.014024
TATCTTGCACTGCGAC-4976_TN	5	4976_TN	6.4382133	6.398732
TTCTAACGTATCACCA-4976_TN	6	4976_TN	6.8801074	8.547518
GTAACCATCAGGGTAG-4976_TN	7	4976_TN	10.388028	13.44457
TACGCTCCACAGTGTT-4976_TN	5	4976_TN	6.376566	4.436267
CAGTTCCAGCACACCC-4976_TN	0	4976_TN	5.739204	10.351597
TCTGTCGCAGTGTACT-4976_TN	iCAF	4976_TN	13.337934	14.900934
GACCCAGCACTCCTTG-4976_TN	0	4976_TN	9.282237	10.663556
TGTTTGTTCAAGAAAC-4976_TN	2	4976_TN	9.586473	1.9767272
CGTTCTGTCACGATCA-4976_TN	7	4976_TN	10.693133	11.824861
GTCCTCATCGTTGTTT-4976_TN	myCAF	4976_TN	11.7979145	7.673549
TATCGCCTCAACACGT-4976_TN	5	4976_TN	7.2483807	5.717446
GAAGTAAGTAACATAG-4976_TN	2	4976_TN	10.233366	3.4314854
TGCGATAAGTGGTGGT-4976_TN	3	4976_TN	10.31316	9.087214
GTCCACTGTGCGCTCA-4976_TN	8	4976_TN	12.672572	12.387766
TGTAAGCGTAGTACGG-4976_TN	8	4976_TN	13.407784	13.937502
AACCCAAAGCACCAGA-4976_TN	7	4976_TN	10.125053	11.455545
TCTCCGAGTAGAAACT-4976_TN	8	4976_TN	12.850292	11.130743
AGAAATGCAGCGGATA-4976_TN	0	4976_TN	8.591907	10.635281
AACAAAGTCTAGCAAC-4976_TN	10	4976_TN	1.2000079	3.3245163
ATACCTTGTCATCCGG-4976_TN	0	4976_TN	5.951525	9.841428
CTTCTCTTCGTGGACC-4976_TN	myCAF	4976_TN	13.549578	6.626715
CTACCCAGTAGAGCTG-4976_TN	10	4976_TN	1.8031051	5.6609683
CGTGTCTCATGGAATA-4976_TN	myCAF	4976_TN	11.535579	7.182302
ACAAGCTAGATGCTAA-4976_TN	7	4976_TN	10.706391	13.140315
AAAGGGCTCAGCTTCC-4976_TN	7	4976_TN	8.863445	11.563863
CATTGCCTCAGCAGAG-4976_TN	0	4976_TN	4.9014554	10.497437
TCTAACTTCACAACCA-4976_TN	2	4976_TN	10.409646	1.5688319
GCTGGGTCACAATGCT-4976_TN	3	4976_TN	11.623594	10.2574005
GACTCAACAGCTACTA-4976_TN	6	4976_TN	7.598884	8.903848
GATTCTTGTGTTGACT-4976_TN	8	4976_TN	11.559199	13.427829
AAACCCATCGTGGGTC-4976_TN	0	4976_TN	5.1958127	9.824278
AATAGAGTCAACACGT-4976_TN	7	4976_TN	9.8206005	12.952814
CGGTCAGCACCCTCTA-4976_TN	iCAF	4976_TN	11.84434	13.351796
CATGCAATCGTCGCTT-4976_TN	11	4976_TN	13.752405	8.237587
TATCTGTGTTTGATCG-4976_TN	8	4976_TN	12.684966	11.659762
TGACTCCTCTCCCTAG-4976_TN	7	4976_TN	9.361084	11.783993
GAACTGTGTAACGTTC-4976_TN	3	4976_TN	11.64323	10.440463
ATAGAGAAGAAGTCAT-4976_TN	5	4976_TN	7.8634543	4.6692586
ACTTTCAGTTTGTTCT-4976_TN	11	4976_TN	9.66876	2.2510412
GTCTTTATCGCAATGT-4976_TN	3	4976_TN	10.222921	9.613396
GGTGTTACAATTTCTC-4976_TN	5	4976_TN	7.4153166	4.041179
AACTTCTTCGCGTTTC-4976_TN	7	4976_TN	10.560167	12.860019
ACGTAGTTCCTCAGAA-4976_TN	10	4976_TN	2.3525286	5.060788
GAAGGGTGTCCGACGT-4976_TN	2	4976_TN	11.136298	0.994499
AGTGACTAGTTGTACC-4976_TN	7	4976_TN	10.114204	10.93034
CGGAACCAGGCTAGCA-4976_TN	6	4976_TN	9.151504	9.125477
ATCGATGGTCTCTCCA-4976_TN	apCAF	4976_TN	9.358505	-0.3791524
TCCAGAACAGTAACCT-4976_TN	iCAF	4976_TN	12.488626	13.621902
GTGCGTGCACAAATCC-4976_TN	3	4976_TN	12.127786	11.799038
CTTCAATTCGTCAGAT-4976_TN	0	4976_TN	7.353456	10.310104
ACCAAACGTAACAAGT-4976_TN	iCAF	4976_TN	12.191206	13.729354
GTGCACGAGCGTATGG-4976_TN	6	4976_TN	8.878964	8.028588
GGTGTTAAGTGTAGTA-4976_TN	8	4976_TN	11.644284	12.2903595
GTCAAACGTAGGCTGA-4976_TN	8	4976_TN	12.50069	13.661289
ACCAACAAGCTGAGCA-4976_TN	7	4976_TN	9.768032	12.663055
TGGGATTTCGTTCCTG-4976_TN	3	4976_TN	9.743357	8.583895
TCATGAGGTTGGTAGG-4976_TN	2	4976_TN	9.379121	2.5622087
ATGAGGGAGGAGTCTG-4976_TN	0	4976_TN	6.0214896	9.768032
ATGTCTTGTTTCACTT-4976_TN	10	4976_TN	2.9922101	5.735706
GGGCTCAAGGCCTGCT-4976_TN	3	4976_TN	10.193767	9.774212
TTCCAATTCTTGCAGA-4976_TN	iCAF	4976_TN	13.326967	13.29728
GTGACGCGTTCAAGTC-4976_TN	8	4976_TN	12.904136	13.372939
GAGAGGTCAGATCCTA-4976_TN	0	4976_TN	5.119738	10.325485
AGTCTCCAGCGTTAGG-4976_TN	11	4976_TN	9.956841	7.354792
ATCGGCGGTTCGGCCA-4976_TN	iCAF	4976_TN	12.311923	14.937725
AACCTTTCACTATCCC-4976_TN	0	4976_TN	7.801258	10.453746
CTCCACAGTCCAGCGT-4976_TN	3	4976_TN	12.00819	10.838142
AGATGAAAGTATGACA-4976_TN	8	4976_TN	12.906725	11.600421
GGGACTCCAGAGCTAG-4976_TN	3	4976_TN	10.404514	10.512691
CAGAGCCGTAAGGCCA-4976_TN	11	4976_TN	12.970924	3.0536773
GGTAATCAGTATTGCC-4976_TN	7	4976_TN	10.602427	12.222012
GTTGTGAAGAATTCAG-4976_TN	8	4976_TN	11.388967	12.348021
AACAACCGTCAAGTTC-4976_TN	7	4976_TN	9.399279	12.776333
TTCGATTCAGGACGAT-4976_TN	0	4976_TN	5.5448914	10.0492115
CGTAAGTTCGACCTAA-4976_TN	2	4976_TN	10.032166	3.4061015
CGCGTGAAGTAACAGT-4976_TN	iCAF	4976_TN	12.310291	13.857236
GCAGCCAGTCGATTTG-4976_TN	2	4976_TN	11.055504	1.3054901
TCGGTCTGTACAGAAT-4976_TN	8	4976_TN	11.264283	12.297416
GTATTTCTCTATCGGA-4976_TN	11	4976_TN	14.38919	8.044971
ACCATTTTCCGCACTT-4976_TN	0	4976_TN	7.0538435	10.356828
ATCCACCCAGCTGTCG-4976_TN	3	4976_TN	10.741623	10.3310585
TTACCATTCTCGACCT-4976_TN	6	4976_TN	9.873289	10.287258
ATGCGATGTCAACGCC-4976_TN	10	4976_TN	0.677061	4.339902
GAGTCATGTAACGATA-4976_TN	5	4976_TN	7.46881	5.1668506
TCCTGCAGTCAAAGCG-4976_TN	7	4976_TN	10.445806	10.91594
CCGTTCATCAGGAAAT-4976_TN	myCAF	4976_TN	12.323682	8.085694
CACGTGGCAGTTAAAG-4976_TN	3	4976_TN	9.762648	7.6112733
TTTACTGGTGTTGAGG-4976_TN	11	4976_TN	13.828869	3.2576
TGCATCCAGTTAGTGA-4976_TN	3	4976_TN	11.373117	9.083376
TCATGAGGTCTGTGGC-4976_TN	6	4976_TN	9.713822	7.819032
ATTCTTGGTAATGATG-4976_TN	11	4976_TN	12.896219	3.9652398
GTTCCGTGTTACCTGA-4976_TN	5	4976_TN	7.4536567	5.5405955
GCGATCGAGTACCATC-4976_TN	iCAF	4976_TN	13.06254	14.406067
CGATCGGCACATGGTT-4976_TN	iCAF	4976_TN	13.004841	13.50903
AACCTTTGTGAATGTA-4976_TN	2	4976_TN	11.308031	3.5062323
GTGTTAGCACCAGTTA-4976_TN	7	4976_TN	10.571069	11.988504
TCCCATGCATGGTGGA-4976_TN	8	4976_TN	12.568556	12.228424
TGAACGTTCCCGTGTT-4976_TN	6	4976_TN	8.444366	9.274315
TTGTTTGCACATTCGA-4976_TN	myCAF	4976_TN	12.963226	7.4821677
CATCCACGTTGCTTGA-4976_TN	8	4976_TN	9.1992	11.427556
GCAACATTCGCTTAAG-4976_TN	iCAF	4976_TN	11.521489	13.966791
GTGCAGCTCTACGGTA-4976_TN	myCAF	4976_TN	10.244856	6.6048183
TAAGCCAAGATGGTAT-4976_TN	8	4976_TN	12.294766	12.503322
GTCAAACAGGCTAAAT-4976_TN	3	4976_TN	9.739125	10.519501
ATGAAAGTCCTTTAGT-4976_TN	6	4976_TN	11.140183	8.940877
AACAAGACAATGCTCA-4976_TN	2	4976_TN	11.784477	2.506576
GCAACCGCAGATCCTA-4976_TN	8	4976_TN	11.584572	14.037178
GTCTCACGTCAAATCC-4976_TN	6	4976_TN	7.8938684	8.956903
AACCTTTTCGCCAGTG-4976_TN	0	4976_TN	5.8348475	10.126559
GCACTAATCATGCATG-4976_TN	7	4976_TN	10.668558	12.544698
AGCGCTGCACACGTGC-4976_TN	7	4976_TN	9.816249	12.375625
CGAGTTAGTTTGGGAG-4976_TN	11	4976_TN	10.473013	5.1658936
TCTTAGTAGGGAGTGG-4976_TN	5	4976_TN	9.697915	6.1433854
TGAGGGAAGCACCTGC-4976_TN	8	4976_TN	11.47684	11.474273
ATCTTCAAGAAGTGTT-4976_TN	5	4976_TN	8.046922	5.9852824
ATTCAGGTCTCATAGG-4976_TN	myCAF	4976_TN	12.161191	8.040238
TTGTGGAAGAATAACC-4976_TN	iCAF	4976_TN	12.759573	13.371146
CAAGCTATCTCAGAAC-4976_TN	2	4976_TN	9.00791	2.1937034
GTCAAGTGTCGCTTAA-4976_TN	2	4976_TN	10.564909	1.0756483
AGACAAAAGGCTCACC-4976_TN	iCAF	4976_TN	13.117314	14.482153
AGGTCATTCCGCGGAT-4976_TN	7	4976_TN	9.308875	12.951934
AATTCCTCAGTCGCTG-4976_TN	3	4976_TN	11.048544	10.774868
GTGCTGGTCATTCGTT-4976_TN	5	4976_TN	7.552144	4.5513234
AGTAGTCAGCACTAGG-4976_TN	0	4976_TN	8.6305275	10.737246
AAGTTCGGTAGATGTA-4976_TN	0	4976_TN	4.863014	11.680801
GATCACAAGCTGTTCA-4976_TN	7	4976_TN	9.303573	12.280163
CGTGAATAGCAATAAC-4976_TN	5	4976_TN	6.6641426	4.5916033
TTGATGGTCCTGGGTG-4976_TN	7	4976_TN	9.725095	12.962045
AGGGAGTTCCGAAGGA-4976_TN	apCAF	4976_TN	7.43019	-0.40780607
TTCTTCCTCTCTTGCG-4976_TN	0	4976_TN	5.773612	11.053143
AGTTAGCGTGTTCGAT-4976_TN	0	4976_TN	5.4056463	11.255078
TTCTAGTAGCGCTTCG-4976_TN	0	4976_TN	6.276601	10.137054
TTCAGGAAGCGGTAAC-4976_TN	0	4976_TN	7.170414	10.89085
GTCCTCACACCGTGCA-4976_TN	3	4976_TN	10.719226	9.395617
CATTGAGTCGAACACT-4976_TN	8	4976_TN	10.660821	12.211224
AGGGCTCGTACCGCGT-4976_TN	2	4976_TN	12.357008	3.1095822
GGGACCTAGAGAGTTT-4976_TN	iCAF	4976_TN	11.563005	15.340005
CTTTCGGAGTACGAGC-4976_TN	myCAF	4976_TN	11.793731	7.5594735
AATCGTGTCTGAGTCA-4976_TN	5	4976_TN	8.942381	6.499918
AGAGAATAGTATAGGT-4976_TN	7	4976_TN	10.445951	10.859797
CAGCACGCATCTGGGC-4976_TN	6	4976_TN	7.46052	7.9835663
GTAGAAACAAGATTGA-4976_TN	6	4976_TN	7.8016734	8.946619
ATGTCTTCAAACCATC-4976_TN	myCAF	4976_TN	12.245783	6.65588
TGATGCATCTCTGACC-4976_TN	11	4976_TN	14.508212	8.055766
ATCACTTAGTAGTCCT-4976_TN	8	4976_TN	11.764809	13.333878
AGATGAAGTACACGCC-4976_TN	3	4976_TN	11.091894	11.073753
TTCTAACAGCAGTAAT-4976_TN	5	4976_TN	6.3044834	5.3156652
TGTCCTGAGCACCTGC-4976_TN	0	4976_TN	6.028522	11.951286
GTCACGGCAGAGGCAT-4976_TN	apCAF	4976_TN	8.985408	0.5259548
TCTTGCGAGCGTTACT-4976_TN	iCAF	4976_TN	11.81132	14.83124
GGTGTTATCCTCTCTT-4976_TN	5	4976_TN	8.532983	5.3270116
CGGCAGTCACTTCCTG-4976_TN	0	4976_TN	8.888185	11.515268
GTAATCGTCTGGGAGA-4976_TN	2	4976_TN	10.99788	3.569807
CACAGGCCAACGATTC-4976_TN	6	4976_TN	7.4300528	9.41399
GTTGCGGCACTAGGTT-4976_TN	6	4976_TN	9.325158	8.2260685
GTAGTACCAGGTGTTT-4976_TN	8	4976_TN	12.847601	13.710559
TGTCCCATCCGTCCTA-4976_TN	3	4976_TN	10.008151	10.025293
ATCCCTGCATGAGTAA-4976_TN	iCAF	4976_TN	13.102126	12.998957
CATAGACGTCAGTCTA-4976_TN	8	4976_TN	10.609822	9.988235
TCGCTCAGTCTCGACG-4976_TN	8	4976_TN	12.490631	12.957625
CCATAAGTCTGATGGT-4976_TN	11	4976_TN	9.865493	7.6828785
ACACAGTGTCAGGAGT-4976_TN	iCAF	4976_TN	12.459775	13.691096
TGAGGTTGTAGACAGC-4976_TN	8	4976_TN	14.052205	13.4139185
GAGTTGTGTCCTGTTC-4976_TN	11	4976_TN	11.127661	6.302869
AATCACGTCCCTCGAT-4976_TN	7	4976_TN	10.716058	11.661085
ATTATCCTCGAGAAAT-4976_TN	0	4976_TN	6.064617	10.699164
TGTTGAGTCGTAGCCG-4976_TN	myCAF	4976_TN	11.189932	5.276737
AGGAATATCTCTTCAA-4976_TN	0	4976_TN	6.6071286	9.880808
TTAGGGTAGAGAGCCT-4976_TN	myCAF	4976_TN	11.792183	6.846382
GATGCTAAGCAAATGT-4976_TN	11	4976_TN	9.542764	7.146137
TCCACCAGTCTCAAGT-4976_TN	8	4976_TN	12.764219	11.8614645
TGGTGATTCTGGCCAG-4976_TN	6	4976_TN	7.5964403	8.183005
GAACGTTAGATGTTCC-4976_TN	11	4976_TN	9.893653	7.8885517
GGCTTTCCAATTGCAC-4976_TN	8	4976_TN	10.18054	13.001261
GTAGGTTGTGCGAACA-4976_TN	7	4976_TN	11.170499	13.262916
TGATGGTTCCCGTTCA-4976_TN	0	4976_TN	5.756037	10.494448
GCGTTTCGTGTTCCAA-4976_TN	6	4976_TN	10.759115	9.309401
AATGACCAGTGGAATT-4976_TN	2	4976_TN	10.994519	1.2505454
GACCCAGGTAGCGTAG-4976_TN	myCAF	4976_TN	13.007183	7.4483447
CTAACTTTCGCGTTTC-4976_TN	11	4976_TN	13.886454	8.518531
GCAACATTCGGCATTA-4976_TN	7	4976_TN	9.940725	12.608714
ATGGATCAGTCATAGA-4976_TN	iCAF	4976_TN	11.275608	15.783265
TGTCCTGCAAATGATG-4976_TN	5	4976_TN	8.82639	5.8293304
GAGTCTAAGCGTGAAC-4976_TN	8	4976_TN	12.641444	11.440364
AACAGGGAGGATACAT-4976_TN	7	4976_TN	9.1147785	11.684457
GAATCGTTCCGTGTAA-4976_TN	3	4976_TN	11.547871	10.931182
GGTCTGGAGCAGGCTA-4976_TN	8	4976_TN	12.256107	11.6013775
ACTGCAATCAGCTTCC-4976_TN	3	4976_TN	12.428169	11.745547
TTGTTTGCATAGGTTC-4976_TN	apCAF	4976_TN	9.816269	0.8346537
GGTCTGGGTTATTCCT-4976_TN	0	4976_TN	4.7357893	10.405718
ATCGCCTCAGGACATG-4976_TN	8	4976_TN	12.626379	11.123667
ACATCCCCAAGTATCC-4976_TN	apCAF	4976_TN	9.727566	-0.38615456
AACAACCTCGACCACG-4976_TN	0	4976_TN	8.79712	9.916686
ATCGTGATCGGAGCAA-4976_TN	10	4976_TN	1.8076037	3.678607
GTAGAGGCAGCGTGCT-4976_TN	0	4976_TN	8.990398	12.1438265
AATTCCTAGCTGGCCT-4976_TN	iCAF	4976_TN	12.115115	13.808197
TTTCATGAGGAAGAAC-4976_TN	apCAF	4976_TN	8.408499	-0.76742834
GACTCTCAGCACTCAT-4976_TN	7	4976_TN	10.604285	11.511517
ATAGAGAAGCGCTTCG-4976_TN	5	4976_TN	9.55681	5.9014697
TTCCTCTGTGTTGCCG-4976_TN	7	4976_TN	10.531271	12.361551
CTCCAACCAAACTAGA-4976_TN	0	4976_TN	8.352213	10.637519
GACTATGCATAGAATG-4976_TN	6	4976_TN	7.8576107	8.780158
GTGGAGACAGGGCTTC-4976_TN	6	4976_TN	10.239689	10.791824
CTGATCCAGAGCACTG-4976_TN	2	4976_TN	10.443289	4.679747
CGATGCGTCCCGATCT-4976_TN	myCAF	4976_TN	11.545526	8.164833
TGCGACGAGATGGTAT-4976_TN	0	4976_TN	5.5418754	12.245917
GTGCTGGAGATAGCTA-4976_TN	6	4976_TN	9.564574	7.5103683
TTACGCCTCCTACGAA-4976_TN	8	4976_TN	13.32183	12.6464
ATCTCTAGTTCTCTCG-4976_TN	0	4976_TN	8.185426	10.773116
CCGATCTGTACATACC-4976_TN	0	4976_TN	4.9411454	10.723833
ATTCCATAGTAAAGCT-4976_TN	3	4976_TN	12.481651	11.760411
AGCGCCAGTGAGTAAT-4976_TN	8	4976_TN	12.405339	12.838744
CATCGGGGTTCTATCT-4976_TN	0	4976_TN	5.1225767	11.755284
TTGTGGAAGGTGCCTC-4976_TN	myCAF	4976_TN	11.757889	7.7573137
GCACGGTGTCGGTAAG-4976_TN	2	4976_TN	10.615293	2.3838873
TGACCCTCATCTCATT-4976_TN	3	4976_TN	11.360838	9.729096
GCGGATCAGACATACA-4976_TN	myCAF	4976_TN	13.076919	6.8556576
CAGGTATAGGCTTAAA-4976_TN	myCAF	4976_TN	12.103778	6.557842
GCCCAGACAGCAGATG-4976_TN	8	4976_TN	12.9587965	11.293453
TTCCTCTCATCAGCGC-4976_TN	7	4976_TN	9.995355	10.583889
CGTGAATTCCGGCAAC-4976_TN	0	4976_TN	4.8474994	11.357394
AGTTAGCGTAAGTTAG-4976_TN	7	4976_TN	9.349837	11.248928
GATGAGGAGTTCTACG-4976_TN	11	4976_TN	9.395795	9.205329
TAACCAGCAACCACAT-4976_TN	0	4976_TN	8.058042	11.816472
CTCATTATCATCTGTT-4976_TN	0	4976_TN	5.100444	10.127629
TCGCAGGCATTGAGCT-4976_TN	8	4976_TN	11.636239	13.263149
TGCGATATCGGCATAT-4976_TN	2	4976_TN	9.120071	2.7166433
GTCATTTAGCATGTTC-4976_TN	0	4976_TN	6.0319905	10.074644
CCTCCAAAGGAAGTGA-4976_TN	2	4976_TN	9.860538	0.78280485
TCAGGTACACAAGGTG-4976_TN	3	4976_TN	10.515959	8.026054
AGGGCTCGTCTGCCTT-4976_TN	10	4976_TN	2.1553838	3.949194
TCAAGTGGTGTTAGCT-4976_TN	11	4976_TN	14.254948	6.634481
TCAGCAACAAGAGTGC-4976_TN	6	4976_TN	8.461072	8.201031
TCAAGCACAATTGCGT-4976_TN	iCAF	4976_TN	11.155027	14.341665
GCACGGTCACTGTGAT-4976_TN	iCAF	4976_TN	11.300968	15.021279
GCTGCAGAGTGGCCTC-4976_TN	iCAF	4976_TN	12.665093	14.438829
TTCATGTGTTAAGGAT-4976_TN	7	4976_TN	10.0511	12.428823
TCTACCGGTCTTACTT-4976_TN	0	4976_TN	6.937336	10.386196
CGAGTTACACCATTCC-4976_TN	3	4976_TN	10.628811	9.089404
CTACAGACACTTTATC-4976_TN	iCAF	4976_TN	11.278021	14.831415
AGATCGTAGCCTAGGA-4976_TN	7	4976_TN	10.992354	11.234034
ATTACCTCAAGTTGGG-4976_TN	11	4976_TN	13.963545	6.3487015
CACAGGCCAAAGGCAC-4976_TN	0	4976_TN	6.154098	10.969487
CCACACTGTCTTACTT-4976_TN	0	4976_TN	6.202941	12.412094
GAGAAATTCATCGACA-4976_TN	7	4976_TN	8.926125	12.317604
GTTCATTGTAGCGTAG-4976_TN	0	4976_TN	7.046711	10.175575
ATGGGAGGTCACTCGG-4976_TN	7	4976_TN	10.301362	11.210288
ATCTCTACACACCGAC-4976_TN	7	4976_TN	9.274379	11.903259
CTTTCGGAGACGTCCC-4976_TN	3	4976_TN	11.317417	10.541553
TATCTTGTCTGGGCCA-4976_TN	0	4976_TN	7.4188385	10.808436
CGAGTGCTCCACGGGT-4976_TN	11	4976_TN	10.680974	6.0960274
GACTTCCGTTACACTG-4976_TN	apCAF	4976_TN	8.284422	-0.56167996
TGGAGGAAGGACTGGT-4976_TN	apCAF	4976_TN	8.716813	0.36031485
TAAGCGTGTGTTGAGG-4976_TN	0	4976_TN	6.4252963	9.759119
CTGGACGGTAGCTGAG-4976_TN	7	4976_TN	10.697543	12.492198
CCTGTTGTCACAAGAA-4976_TN	myCAF	4976_TN	13.412506	8.118417
TTACAGGGTGCAGATG-4976_TN	iCAF	4976_TN	12.178687	14.2767725
CGGCAGTTCTGTCAGA-4976_TN	2	4976_TN	12.2361965	2.9296834
GTCATCCGTCTTCAAG-4976_TN	apCAF	4976_TN	9.439205	-0.6512954
GTGTTAGTCAGGAAGC-4976_TN	8	4976_TN	12.800265	11.231576
ACTATCTGTCCAAAGG-4976_TN	6	4976_TN	7.776451	9.339249
CAAGAGGCATAGTCAC-4976_TN	0	4976_TN	7.7523613	12.931061
TTTGATCCATGACGGA-4976_TN	6	4976_TN	7.616166	8.660849
TATCTGTGTATCTTCT-4976_TN	5	4976_TN	8.415535	5.9421654
TTATTGCAGAAGGCTC-4976_TN	6	4976_TN	8.550259	9.207225
AAGACTCCAGTTAGGG-4976_TN	myCAF	4976_TN	11.456275	7.4288692
GGATCTATCCACCTCA-4976_TN	myCAF	4976_TN	12.762948	7.9422884
AGTGACTTCGCCTAGG-4976_TN	8	4976_TN	12.0768	12.706693
ACGTAGTCACTATGTG-4976_TN	7	4976_TN	9.545895	13.01403
CGTCCATTCCGTGGTG-4976_TN	0	4976_TN	7.4831824	10.584434
TTTCGATCAATCTCGA-4976_TN	0	4976_TN	9.10028	11.621645
CCTAACCAGCGACTAG-4976_TN	8	4976_TN	12.646999	13.439686
TTCCACGTCTCTGCCA-4976_TN	6	4976_TN	9.001303	8.963159
AGATCCAAGCTTCGTA-4976_TN	5	4976_TN	8.736801	6.5281343
TTGACCCTCTCATGGA-4976_TN	iCAF	4976_TN	11.140582	15.493115
TGCACGGGTATGGTAA-4976_TN	7	4976_TN	9.575109	13.042427
GTAATCGCAGTGCGCT-4976_TN	8	4976_TN	13.690308	13.597206
AGTCATGAGCGGGTAT-4976_TN	myCAF	4976_TN	11.3415365	7.5938244
GCTACCTAGCTGACCC-4976_TN	10	4976_TN	2.2216125	4.263426
CAAGCTAAGATGCTGG-4976_TN	0	4976_TN	8.388053	10.903544
TCACACCCAGCGACCT-4976_TN	0	4976_TN	5.896345	9.483973
CGTCAAACAAGCTGCC-4976_TN	7	4976_TN	10.237829	12.258788
TTCCGTGAGGAACGTC-4976_TN	6	4976_TN	7.0406284	8.390533
TCCGAAATCCGATAAC-4976_TN	0	4976_TN	7.572145	10.449007
TGAGGGACATTCACCC-4976_TN	11	4976_TN	14.497804	7.978178
CACAGGCCACCATTCC-4976_TN	11	4976_TN	13.587405	3.5722954
CTCATGCAGTTGAATG-4976_TN	11	4976_TN	10.478075	7.308684
TTGTTTGTCGTAGAGG-4976_TN	7	4976_TN	10.405942	11.231828
AAAGGATGTCGGAACA-4976_TN	0	4976_TN	8.150582	9.688174
CTGTGAATCTTGCAAG-4976_TN	0	4976_TN	5.7050176	9.869156
ACCACAACAGATTAAG-4976_TN	8	4976_TN	10.969955	12.111053
TGTGAGTCACAAGCTT-4976_TN	10	4976_TN	2.864001	4.8454266
TCTCTGGCATTCAGGT-4976_TN	0	4976_TN	7.2530637	10.930282
CCCGGAAGTTATCTTC-4976_TN	0	4976_TN	5.708113	10.6440325
TTCGCTGGTGTCCTAA-4976_TN	6	4976_TN	10.69432	8.69727
CGGGTCAAGTTACTCG-4976_TN	3	4976_TN	10.363334	7.3970985
GTCACGGAGTTGGGAC-4976_TN	apCAF	4976_TN	7.83118	-0.5285143
GCTGGGTCAATAGTAG-4976_TN	iCAF	4976_TN	12.897119	15.112321
TTGCGTCTCCAATCTT-4976_TN	0	4976_TN	5.20615	12.457451
TCGATTTGTCGCAACC-4976_TN	3	4976_TN	12.4454775	10.704582
AATGGAATCACCCTCA-4976_TN	apCAF	4976_TN	8.297238	-0.6332636
TTCCTAAGTCGAGTTT-4976_TN	0	4976_TN	8.325762	11.700178
GTAGATCTCCATCAGA-4976_TN	8	4976_TN	11.994455	13.0102625
GATCGTAGTATATGGA-4976_TN	0	4976_TN	5.5218925	9.974058
ACTATGGTCCTTGACC-4976_TN	3	4976_TN	10.149226	10.027969
TACAGGTGTTGGCCTG-4976_TN	7	4976_TN	9.568422	11.65632
TACGTCCAGGCCTGCT-4976_TN	8	4976_TN	12.550912	12.96768
AGTTCGATCTACAGGT-4976_TN	11	4976_TN	11.2009115	5.7437677
CTCAAGAGTGCTCTTC-4976_TN	myCAF	4976_TN	10.996823	6.661917
TTTATGCCACTCTAGA-4976_TN	3	4976_TN	12.142229	11.013977
AGCCAATGTCGAATTC-4976_TN	11	4976_TN	11.469842	4.4713955
GGCGTCAGTCTAGTGT-4976_TN	8	4976_TN	11.591744	10.74336
AGATGCTAGAGTATAC-4976_TN	0	4976_TN	5.9077106	10.14782
CCACGTTGTCCGACGT-4976_TN	0	4976_TN	5.487181	11.469747
ACTGTCCAGTGCAGCA-4976_TN	3	4976_TN	11.618989	9.328776
CTGCTCAGTTAATCGC-4976_TN	8	4976_TN	11.803499	13.719799
AGGTGTTCATACACCA-4976_TN	8	4976_TN	12.303779	12.481048
GAAGCGAAGTGGTCAG-4976_TN	0	4976_TN	5.123359	10.530722
TCAGTTTTCGCCGATG-4976_TN	8	4976_TN	10.6405	12.953068
CTATAGGAGACAAGCC-4976_TN	2	4976_TN	11.132126	1.3957359
GTAGGAGCATCTTCGC-4976_TN	iCAF	4976_TN	12.370056	14.823755
CATAGACGTTCGGCTG-4976_TN	6	4976_TN	9.618186	9.233305
TCCTCGATCTGTACAG-4976_TN	7	4976_TN	8.921393	11.986496
AATGACCGTATCGCAT-4976_TN	apCAF	4976_TN	8.83591	-0.015764628
TCCAGAATCCGTAGGC-4976_TN	6	4976_TN	9.2214365	8.150614
ACCTGAAAGTACTGGG-4976_TN	0	4976_TN	7.9001374	12.878376
GAACGTTTCTCTCTAA-4976_TN	2	4976_TN	9.87761	2.1744912
GGGTTTATCTATACGG-4976_TN	myCAF	4976_TN	13.323266	7.367984
TCAAGCACAATTTCTC-4976_TN	iCAF	4976_TN	11.570455	14.5592
CAACGATAGTGCACCC-4976_TN	iCAF	4976_TN	12.317648	14.335921
AATGAAGGTCTGCGCA-4976_TN	7	4976_TN	9.44186	12.101462
TGTAACGGTTGTAAAG-4976_TN	myCAF	4976_TN	11.272163	8.197675
TTCTAACCACTCCTTG-4976_TN	0	4976_TN	5.381909	9.766925
GACTTCCCAGGCACTC-4976_TN	6	4976_TN	9.283864	8.08965
CAACAGTTCTTCACAT-4976_TN	0	4976_TN	7.5869203	10.295081
CATGCTCTCAGAGCAG-4976_TN	3	4976_TN	11.190708	9.634908
TGACCCTAGAGGTATT-4976_TN	6	4976_TN	9.831076	8.779307
GGTTAACGTATGGTTC-4976_TN	7	4976_TN	9.366293	12.305175
TTCTGTAGTTTAGTCG-4976_TN	0	4976_TN	8.32698	12.671916
TCTCAGCAGGTACATA-4976_TN	5	4976_TN	6.4487734	4.922099
CGAGTTACAGGCATGA-4976_TN	3	4976_TN	11.348351	11.090842
ATCCCTGTCAGCAGAG-4976_TN	3	4976_TN	10.798022	8.195579
CACATGACAGGCGATA-4976_TN	7	4976_TN	10.254654	12.533443
TCTCCGATCGGCTCTT-4976_TN	11	4976_TN	10.791388	4.6457963
CTAGGTATCCATCGTC-4976_TN	7	4976_TN	12.044889	13.058329
TCTATCACAGTCAACT-4976_TN	6	4976_TN	7.327698	8.763503
TCATCCGGTTGACGGA-4976_TN	0	4976_TN	6.5047493	12.112591
CTGCCTACAGAATTCC-4976_TN	3	4976_TN	9.562103	9.169063
GCTTCACCACTTCTCG-4976_TN	myCAF	4976_TN	12.645681	6.105135
CGTGAATCATGATGCT-4976_TN	8	4976_TN	12.415986	11.925124
TCGGATACATTGTACG-4976_TN	0	4976_TN	4.6759043	10.461643
TTCTAACGTCCCTGAG-4976_TN	0	4976_TN	6.0962143	11.183411
TTGCCTGAGCGAAACC-4976_TN	8	4976_TN	11.91749	13.288319
ATTCCTATCACGTAGT-4976_TN	myCAF	4976_TN	11.122983	6.7297344
GATGTTGTCAGCAGAG-4976_TN	3	4976_TN	10.169799	9.830762
ATTATCCTCGGTAGAG-4976_TN	11	4976_TN	10.787769	4.8331356
GGCTTTCCACCAAAGG-4976_TN	0	4976_TN	5.939349	11.302084
GTCGCGAGTCATCGGC-4976_TN	11	4976_TN	10.0577	7.989755
TGTCCCACACTGTGAT-4976_TN	0	4976_TN	5.7166	10.9160385
GTATTTCGTGTCGATT-4976_TN	3	4976_TN	12.05326	11.4168
AGGAGGTCACATATCG-4976_TN	7	4976_TN	10.575209	12.223776
GAATCGTCAGCTGAGA-4976_TN	7	4976_TN	10.755487	12.269013
TCTATCACAAGGACAC-4976_TN	6	4976_TN	7.8497148	8.37942
TGGTAGTGTGACAACG-4976_TN	2	4976_TN	10.1776705	2.9717429
GTAGCTACAGTGTGCC-4976_TN	6	4976_TN	7.1371202	8.676974
CAGATTGCATACTTTC-4976_TN	0	4976_TN	8.414919	10.906876
ATCCCTGTCACATCAG-4976_TN	6	4976_TN	7.29657	8.608597
TGGTGATGTCCTACGG-4976_TN	8	4976_TN	12.666584	9.839227
TCTGCCAAGGTCTTTG-4976_TN	7	4976_TN	8.721047	11.153317
TCCATGCAGAGTCTTC-4976_TN	0	4976_TN	7.9548035	10.708344
TCGGGACCACGACAAG-4976_TN	7	4976_TN	9.9648695	12.973898
GGTAATCGTGTATCCA-4976_TN	9	4976_TN	9.0784855	13.458505
TGACCCTTCGTAGGGA-4976_TN	3	4976_TN	11.642473	10.302399
GGTGGCTAGGTACAAT-4976_TN	3	4976_TN	10.914597	8.742095
ATCACTTAGGTACAAT-4976_TN	0	4976_TN	9.305706	10.915785
TTCCTTCTCGTCGACG-4976_TN	2	4976_TN	9.487577	1.0777045
ATGACCAGTTCTCCAC-4976_TN	0	4976_TN	5.5341763	13.173456
TGAGGGACATGCCGGT-4976_TN	0	4976_TN	4.7459426	11.430719
TTCAGGAGTGTCCGGT-4976_TN	6	4976_TN	9.254378	8.868775
GGGCCATCAATATCCG-4976_TN	iCAF	4976_TN	11.821385	13.968556
CTCATGCTCGAGAAAT-4976_TN	3	4976_TN	9.919111	9.589857
CATAGACCAGCACGAA-4976_TN	0	4976_TN	5.911997	9.920143
CTACATTAGACCCTTA-4976_TN	3	4976_TN	9.929454	9.602366
TGCTCGTCAGGCAATG-4976_TN	iCAF	4976_TN	11.1766815	15.050653
GACTTCCTCGAATCCA-4976_TN	10	4976_TN	2.6157618	5.5978665
AGAGAATGTATGAGGC-4976_TN	3	4976_TN	12.577528	10.543454
TGATTTCGTGACTCTA-4976_TN	8	4976_TN	12.304587	13.2053
GTGCTGGGTCACTGAT-4976_TN	0	4976_TN	6.8097477	9.533242
TGCTCGTGTATACAGA-4976_TN	3	4976_TN	10.722155	9.60614
AAAGGATCAATCTCGA-4976_TN	0	4976_TN	5.82371	10.009325
CAAGACTTCGTCGCTT-4976_TN	5	4976_TN	5.708037	4.808086
TTCTTGAGTTATGTCG-4976_TN	11	4976_TN	11.046819	5.7419195
AAGCGAGCAGCTACCG-4976_TN	0	4976_TN	4.803922	11.5850315
TAGGAGGCACTAGGCC-4976_TN	2	4976_TN	11.082478	0.8913607
TAGATCGTCGTTCTAT-4976_TN	8	4976_TN	13.69678	13.162193
CTCAATTTCCTATTTG-4976_TN	8	4976_TN	11.69227	12.561702
ATGATCGAGTATTCCG-4976_TN	0	4976_TN	7.1336026	9.312914
CCTATCGCACTTGTGA-4976_TN	0	4976_TN	7.8997293	11.376845
CGATGGCTCTCCTGCA-4976_TN	11	4976_TN	11.503962	3.835926
CTCATCGTCTACGGGC-4976_TN	5	4976_TN	6.207014	4.6288385
TTCGATTGTTGTTGAC-4976_TN	myCAF	4976_TN	13.222718	7.6548443
GTAAGTCTCTCCGTGT-4976_TN	0	4976_TN	6.4002414	11.604488
ATTGTTCCATTCTCTA-4976_TN	0	4976_TN	5.480581	10.698091
TTTGACTTCCAAGCAT-4976_TN	7	4976_TN	9.630046	12.633933
TCGCAGGTCGGCTTGG-4976_TN	myCAF	4976_TN	12.550238	7.0834103
GGGTCTGGTCAACCAT-4976_TN	3	4976_TN	11.066239	10.013963
TACTGCCCATGGCCCA-4976_TN	iCAF	4976_TN	13.272186	13.947676
CAAGCTAAGGTAGCCA-4976_TN	0	4976_TN	8.877797	10.59332
CAACAACTCGACCACG-4976_TN	apCAF	4976_TN	8.596345	-0.8742599
GAGTTTGGTATCCTCC-4976_TN	iCAF	4976_TN	13.047549	14.215187
GTGGTTAGTAACTTCG-4976_TN	myCAF	4976_TN	11.841183	5.1670804
ACACGCGAGCGACTGA-4976_TN	iCAF	4976_TN	10.908526	15.948154
TGCCGAGGTCACAATC-4976_TN	6	4976_TN	7.8749275	8.379506
AACAAAGTCAACCGAT-4976_TN	8	4976_TN	10.119969	12.157479
CCTAACCCAGAGTCAG-4976_TN	6	4976_TN	7.6370263	8.206585
GTTACCCTCTAGACAC-4976_TN	iCAF	4976_TN	11.492651	15.797641
GTTAGTGAGGGATCAC-4976_TN	iCAF	4976_TN	11.172972	14.03103
CTATCCGAGTCTAGCT-4976_TN	11	4976_TN	13.851492	8.866587
AAACGCTAGCTCGCAC-4976_TN	7	4976_TN	10.274993	12.875897
CCTCTAGAGGGCAGTT-4976_TN	8	4976_TN	11.752027	11.729
TCATTGTCACCATAAC-4976_TN	0	4976_TN	6.7878256	11.696186
CTTCTAAAGACCAACG-4976_TN	0	4976_TN	5.583504	11.277351
AGACTCAAGCCACCGT-4976_TN	5	4976_TN	5.7385178	4.500982
CCTAACCGTCCTTGTC-4976_TN	iCAF	4976_TN	12.688014	14.902837
AGAGAATCAGTTGGTT-4976_TN	7	4976_TN	10.590595	12.767061
ATCGTCCTCTTGGGCG-4976_TN	iCAF	4976_TN	13.523045	14.89988
CAGTGCGAGACATAAC-4976_TN	0	4976_TN	8.743863	10.869205
ATCGCCTCAGGCCCTA-4976_TN	5	4976_TN	6.987495	4.9604096
CGATGCGTCCACGTCT-4976_TN	2	4976_TN	10.966747	0.9599069
ACATCGAGTGAATATG-4976_TN	11	4976_TN	10.190077	4.5309014
GTTCTATCACCCGTAG-4976_TN	11	4976_TN	12.770588	4.192543
GTCATTTGTGTTACTG-4976_TN	iCAF	4976_TN	12.465806	14.671493
TCTTTGATCGATTTCT-4976_TN	0	4976_TN	7.6994224	10.421073
TTCAATCTCGAGCACC-4976_TN	8	4976_TN	11.088953	12.405162
CGTAAGTAGATAACGT-4976_TN	7	4976_TN	10.017214	11.995021
AGGGTCCTCAGTCTTT-4976_TN	0	4976_TN	5.7388854	10.622257
CTGCCATTCTTACGGA-4976_TN	0	4976_TN	6.1706324	10.6483555
AGTACCATCAAGAATG-4976_TN	0	4976_TN	7.520786	13.204706
CCTGCATAGGTAGACC-4976_TN	0	4976_TN	7.7528186	9.869574
TGAGCATCAAAGGATT-4976_TN	7	4976_TN	9.180755	11.775864
TGGAGAGGTGGTCCCA-4976_TN	iCAF	4976_TN	12.140294	13.718165
AGTGACTAGCTGAAGC-4976_TN	iCAF	4976_TN	12.493416	13.912308
TTGCATTCACAGCATT-4976_TN	iCAF	4976_TN	11.516254	15.50841
GTGCTGGCACTCTAGA-4976_TN	6	4976_TN	6.5461507	8.411908
CGATGGCGTTCGCGTG-4976_TN	7	4976_TN	10.561269	11.803713
TTTACCAAGCATACTC-4976_TN	8	4976_TN	10.294767	12.79972
ATGTCCCAGATGGTCG-4976_TN	6	4976_TN	9.952806	8.745632
CAGATCAGTTGCGAAG-4976_TN	myCAF	4976_TN	12.762612	8.167415
GTCTGTCTCAGCCCAG-4976_TN	7	4976_TN	9.908035	10.940449
AACCATGGTGACTGAG-4976_TN	8	4976_TN	12.649451	13.4248705
CCTATCGTCAAGAAAC-4976_TN	7	4976_TN	9.379166	12.911573
CAATCGATCGAGCTGC-4976_TN	3	4976_TN	11.928705	11.513434
TTAGTCTCAGGCTCTG-4976_TN	iCAF	4976_TN	12.002736	14.357637
AGCGATTAGCGGTAGT-4976_TN	iCAF	4976_TN	13.282406	15.119157
AAGACAACATCGTCCT-4976_TN	0	4976_TN	5.2356057	9.935508
GGCTTTCCAGAAACCG-4976_TN	7	4976_TN	9.84531	12.643218
CTCAATTAGCGCAATG-4976_TN	6	4976_TN	8.229736	8.105506
TATCTTGAGCGGTAAC-4976_TN	2	4976_TN	9.2338085	0.66124815
CAGAGCCCATGACTAC-4976_TN	myCAF	4976_TN	12.731722	6.9489584
TGCTCCATCGCTTAAG-4976_TN	0	4976_TN	8.6009	10.971789
AAATGGATCCTGTAGA-4976_TN	iCAF	4976_TN	10.787917	13.602241
TCCGTGTCACATTACG-4976_TN	11	4976_TN	11.281911	5.4366055
TCTTGCGCAATAGGAT-4976_TN	3	4976_TN	11.553663	10.89849
CCATAAGAGCCTTTCC-4976_TN	iCAF	4976_TN	13.441478	14.633913
TCTCACGAGCTACTGT-4976_TN	10	4976_TN	1.4399989	4.6620874
AGTGCCGGTTCCAGGC-4976_TN	6	4976_TN	7.0008507	8.065734
TCAATTCAGACCAGCA-4976_TN	0	4976_TN	5.348696	11.261355
AGGTTACTCGTAGGAG-4976_TN	7	4976_TN	10.806365	13.074426
GCAACCGCATGAAGGC-4976_TN	0	4976_TN	6.169869	9.691433
GGTCTGGAGTGCTCGC-4976_TN	8	4976_TN	11.861533	13.454093
ATTGTTCTCTAGTACG-4976_TN	iCAF	4976_TN	12.350574	15.448865
GATTGGTGTATCACCA-4976_TN	iCAF	4976_TN	12.577318	14.6233425
GCCAACGTCGGTCGGT-4976_TN	3	4976_TN	10.669115	10.571521
CCCAACTTCGAACGCC-4976_TN	8	4976_TN	14.057265	13.60556
CTCCACAGTGCCCACA-4976_TN	iCAF	4976_TN	13.441844	13.775534
TCAATTCTCCCATAGA-4976_TN	0	4976_TN	5.249422	11.396401
ACGTTCCTCTCTATAC-4976_TN	10	4976_TN	1.6573137	5.5097914
GCATTAGTCGCGGTAC-4976_TN	apCAF	4976_TN	7.9385376	-0.0028851554
CCGGTAGCATTCAGCA-4976_TN	6	4976_TN	9.003935	9.193188
AGTCAACTCCGTTTCG-4976_TN	7	4976_TN	10.850004	12.419886
AGACTCAAGAATACAC-4976_TN	7	4976_TN	8.720439	12.283137
TAATCTCCAGCATGCC-4976_TN	0	4976_TN	8.019547	10.64051
TGTGAGTCAGCTCCTT-4976_TN	iCAF	4976_TN	12.1746645	15.073049
TGGGCTGTCAACCTTT-4976_TN	8	4976_TN	12.492212	12.089477
TCAAGCAAGTTGGCGA-4976_TN	7	4976_TN	9.049144	12.273791
GATTTCTAGTTGTCGT-4976_TN	11	4976_TN	13.271579	3.4783895
ACGATCACACGATTCA-4976_TN	0	4976_TN	6.582466	9.994426
CCACTTGGTTGCCGCA-4976_TN	0	4976_TN	7.150887	11.059378
ACCAAACCAGCCTTCT-4976_TN	7	4976_TN	11.316296	11.696574
ATGACCAGTATGACAA-4976_TN	0	4976_TN	6.2503743	9.577406
AGTTAGCAGCACTGGA-4976_TN	iCAF	4976_TN	11.597737	13.462636
GACCGTGAGCGCAATG-4976_TN	5	4976_TN	9.161004	6.283634
TTGCCTGGTCTGGTTA-4976_TN	7	4976_TN	10.676934	12.676214
CCTCCAAAGTTACGGG-4976_TN	5	4976_TN	7.15721	2.999869
CTCCACAGTGTAAATG-4976_TN	6	4976_TN	8.048802	8.282305
TGAACGTGTAGATTAG-4976_TN	11	4976_TN	10.378383	6.9365435
CCATAAGCAAGTTCCA-4976_TN	3	4976_TN	11.538365	10.74361
TCAATCTGTGGTCTCG-4976_TN	8	4976_TN	12.529707	12.941625
AGATAGAGTCTGTGCG-4976_TN	0	4976_TN	5.8387785	10.1040945
ACTACGAAGTCGTCTA-4976_TN	iCAF	4976_TN	11.361726	15.634985
TCAATCTTCACTGTCC-4976_TN	6	4976_TN	6.3637033	8.759745
GGGCTCATCGTGGGAA-4976_TN	0	4976_TN	5.32979	10.560396
ATTCAGGAGCGTACAG-4976_TN	7	4976_TN	9.6361065	12.544084
TTTGTTGCAGCTTTCC-4976_TN	0	4976_TN	6.1264596	12.416378
AGTAACCTCCTACCAC-4976_TN	6	4976_TN	7.669391	9.57295
TGGAGGACACCAGCGT-4976_TN	10	4976_TN	1.0793703	4.7947197
TGTTGAGAGGGAGTTC-4976_TN	iCAF	4976_TN	10.74802	13.877233
AGACAAATCCGAACGC-4976_TN	6	4976_TN	7.6265955	9.02789
ATTCTACCATTAGGCT-4976_TN	myCAF	4976_TN	12.769915	7.281635
GGGCCATGTGCCTTTC-4976_TN	0	4976_TN	6.2721424	12.004826
GTGCACGCATCGTCCT-4976_TN	0	4976_TN	5.2109632	11.905908
TTACGTTAGATGTTAG-4976_TN	6	4976_TN	8.948893	9.504672
TAATTCCGTATGCAAA-4976_TN	0	4976_TN	6.7763114	9.480517
GACCCTTCATTCGGGC-4976_TN	myCAF	4976_TN	11.698873	8.21767
AGACACTAGGACAACC-4976_TN	7	4976_TN	10.460522	14.009431
TGTACAGGTGATGGCA-4976_TN	iCAF	4976_TN	10.707682	14.157534
TGGTGATCATGGCCCA-4976_TN	3	4976_TN	10.595265	10.621712
TGACAGTCAGACGATG-4976_TN	7	4976_TN	8.307265	12.066666
GGCACGTGTACCGTCG-4976_TN	3	4976_TN	11.989609	10.010853
TGTTCATGTTCGATTG-4976_TN	5	4976_TN	7.3658247	4.8404207
CCCGGAAGTGATACAA-4976_TN	7	4976_TN	9.666928	12.540052
GGGTGTCTCACGGTCG-4976_TN	3	4976_TN	11.234262	7.689289
AAATGGACAGCCGTCA-4976_TN	0	4976_TN	5.6671495	11.66633
ATCGGATCAACAGCTT-4976_TN	iCAF	4976_TN	11.627216	13.003356
GGCACGTCACAGTCAT-4976_TN	6	4976_TN	9.751262	9.166745
TCATTTGTCCGCTAGG-4976_TN	0	4976_TN	9.097964	10.622691
AGGACTTTCCATTCAT-4976_TN	0	4976_TN	6.4513836	10.816667
ACCACAACAAGGCTTT-4976_TN	iCAF	4976_TN	11.789518	13.640256
AAACGAAAGCGTTAGG-4976_TN	0	4976_TN	5.1485806	11.935996
GGAACCCTCCAATCTT-4976_TN	0	4976_TN	8.31924	10.5247
GCAACCGAGATGCTTC-4976_TN	6	4976_TN	8.441576	9.700223
TATTGGGGTCGTTCAA-4976_TN	0	4976_TN	5.25476	11.418322
CTAGACACAGAACTCT-4976_TN	3	4976_TN	10.993743	9.491784
AAAGAACTCACTGGTA-4976_TN	3	4976_TN	10.959715	9.705468
TTGGTTTAGCTGTGCC-4976_TN	7	4976_TN	10.150139	12.812273
GTGATGTCATCTCATT-4976_TN	11	4976_TN	14.203805	8.429038
TCATTCAGTATACCTG-4976_TN	iCAF	4976_TN	11.503265	15.325274
GTGTAACTCTCCTGTG-4976_TN	0	4976_TN	8.110822	9.796012
TGTCCTGCACCTGATA-4976_TN	5	4976_TN	7.3108206	5.34027
TTACGCCCAATGTTGC-4976_TN	7	4976_TN	9.608333	11.036894
ATTCACTGTAGGCAGT-4976_TN	0	4976_TN	5.3542156	11.539583
CTGCATCGTGCATTAC-4976_TN	3	4976_TN	11.551408	10.390233
GTCCACTGTAGCTTGT-4976_TN	6	4976_TN	8.428774	9.095692
GCAACCGTCTTCGATT-4976_TN	3	4976_TN	9.624442	8.9578495
TAGACCACAGATCACT-4976_TN	0	4976_TN	5.1143403	12.147511
CTAAGTGGTAGCGATG-4976_TN	myCAF	4976_TN	13.744591	6.7601295
TAGGAGGAGTTCACTG-4976_TN	0	4976_TN	6.5396824	12.135495
GTATTGGCAATGGCCC-4976_TN	6	4976_TN	6.6402087	9.030568
AGCGCTGTCTGCTTAT-4976_TN	7	4976_TN	10.758872	12.131551
GAAGGACGTTGTATGC-4976_TN	0	4976_TN	6.1259027	11.891409
GCGTTTCGTTGCCAAT-4976_TN	6	4976_TN	8.620428	8.499683
TCTCACGGTAAGATTG-4976_TN	9	4976_TN	9.433272	13.937805
CGTTCTGAGTTACTCG-4976_TN	2	4976_TN	11.538321	1.9219011
GAACACTAGCATAGGC-4976_TN	6	4976_TN	7.9806843	8.212516
TCTACCGGTCCTCATC-4976_TN	8	4976_TN	12.620955	12.626714
TTACGTTCAAAGACGC-4976_TN	0	4976_TN	5.550405	10.3997555
ACTTTGTCACAAGTTC-4976_TN	0	4976_TN	8.347865	10.255741
AATGAAGTCGACCTAA-4976_TN	8	4976_TN	11.001098	12.708039
TCCTCTTTCTCCGAAA-4976_TN	11	4976_TN	10.287938	4.7315683
TACAACGGTCCGAAAG-4976_TN	iCAF	4976_TN	12.210161	14.786578
CAACCTCCAATTCTTC-4976_TN	iCAF	4976_TN	12.339317	15.377337
GTCCCATGTCAACGCC-4976_TN	7	4976_TN	9.894885	13.21755
TGTCCTGTCCATTCAT-4976_TN	8	4976_TN	13.029603	13.453889
ATTCCATGTCGCTTAA-4976_TN	0	4976_TN	5.581915	10.320649
CACGTGGCAGCTTTCC-4976_TN	0	4976_TN	8.855067	11.075541
TCTCAGCTCTTACGGA-4976_TN	2	4976_TN	11.462226	2.4551039
AAGTTCGGTTAAGACA-4976_TN	3	4976_TN	10.217203	10.15574
GGGCTACAGCCTCACG-4976_TN	0	4976_TN	8.79147	11.113475
CCTTTGGCAGCTATAC-4976_TN	myCAF	4976_TN	13.321832	7.418198
CTCTCAGAGTAGTCCT-4976_TN	0	4976_TN	5.212615	12.012018
ACCAAACAGGGATCTG-4976_TN	7	4976_TN	9.14185	12.680004
CACATGACAAGTTCGT-4976_TN	7	4976_TN	9.260883	11.73867
ATTCATCTCATCTGTT-4976_TN	7	4976_TN	10.03696	11.924405
AGCTCAAGTTAGGGAC-4976_TN	6	4976_TN	9.344968	8.063249
CGAGTTATCTCCCAAC-4976_TN	3	4976_TN	11.518048	9.950761
GATCATGCACCCTATC-4976_TN	iCAF	4976_TN	12.749831	15.204129
TTAATCCAGCCATTGT-4976_TN	0	4976_TN	7.3969507	10.546302
AGCGCTGCACATATCG-4976_TN	7	4976_TN	9.099472	11.932033
TCGACCTCATGCTGCG-4976_TN	6	4976_TN	9.229711	7.6905346
CACAGGCAGGTCCCTG-4976_TN	7	4976_TN	9.690523	11.803185
ACAAGCTGTAGACAAT-4976_TN	8	4976_TN	12.402145	10.038514
CCACTTGAGGCGCTCT-4976_TN	0	4976_TN	5.938029	10.642816
CTGTGGGCATCGAGCC-4976_TN	8	4976_TN	10.869944	11.488905
TGAATCGCATAACGGG-4976_TN	7	4976_TN	8.933634	12.325183
TACGGGCTCAAGCGTT-4976_TN	7	4976_TN	9.876693	12.9641285
AATCACGCAGGGTCTC-4976_TN	0	4976_TN	5.696521	11.146247
GGGTGAAGTCTTCCGT-4976_TN	8	4976_TN	14.091952	13.405365
TCCATGCTCTGTCCCA-4976_TN	7	4976_TN	9.949927	10.586893
AGAAGTAGTGGTCCCA-4976_TN	7	4976_TN	10.427833	12.195148
ACCCAAAGTACTAAGA-4976_TN	6	4976_TN	7.6714644	9.588229
GCCATTCTCGTAGAGG-4976_TN	0	4976_TN	6.952789	9.566223
CGGGACTAGGAGTCTG-4976_TN	8	4976_TN	12.598758	13.702865
ATTTACCGTCAGATTC-4976_TN	iCAF	4976_TN	12.38547	15.084689
AAGCATCGTGGCTGAA-4976_TN	0	4976_TN	8.0007305	9.579931
CGGGTCATCCTTACCG-4976_TN	3	4976_TN	11.827152	12.0109625
TTGTTTGGTGCGACAA-4976_TN	0	4976_TN	8.910344	10.315913
CTTCTAAGTAGGTAGC-4976_TN	0	4976_TN	5.538401	11.026754
ACGGGTCGTCTCGGAC-4976_TN	2	4976_TN	10.138813	4.8615947
GGCACGTCATGACAAA-4976_TN	7	4976_TN	9.391277	12.564147
TTTGTTGTCAAAGACA-4976_TN	0	4976_TN	5.5305343	9.953678
GATGTTGCATAGGTAA-4976_TN	0	4976_TN	6.1623826	9.849848
ACTATCTCATAACCCA-4976_TN	6	4976_TN	8.316378	9.351737
GACACGCTCTCAACGA-4976_TN	6	4976_TN	8.136796	8.125003
TTCAATCGTCACAATC-4976_TN	0	4976_TN	5.496288	9.849497
ACTTCCGTCTGGGCGT-4976_TN	7	4976_TN	8.813303	11.805952
CTACCTGAGCCTCGTG-4976_TN	5	4976_TN	6.5881705	4.232879
CATCGGGTCGTCTCAC-4976_TN	myCAF	4976_TN	13.10049	6.1436887
ACTCCCAAGACTAGAT-4976_TN	iCAF	4976_TN	12.75808	13.257631
CCTTTGGTCGCAGATT-4976_TN	8	4976_TN	11.901658	12.205271
GTCATCCGTGGACAGT-4976_TN	myCAF	4976_TN	13.505873	7.8895216
CCCTCAACACGACCTG-4976_TN	iCAF	4976_TN	11.934989	15.263621
TATCTGTGTCGGTGAA-4976_TN	8	4976_TN	11.57253	12.124715
GTGAGTTAGCGACATG-4976_TN	6	4976_TN	7.5668488	8.159648
AGAAGTAGTGGAACCA-4976_TN	3	4976_TN	10.97913	8.906541
TGGTAGTCAGTTAGGG-4976_TN	0	4976_TN	6.796903	12.956628
GCAACATGTCTTCATT-4976_TN	6	4976_TN	7.119251	8.698151
CTGCGAGTCGGTAGAG-4976_TN	8	4976_TN	12.058448	13.6529045
GTGACGCTCGACCACG-4976_TN	0	4976_TN	5.7946744	11.570068
ACTTTCATCAGAGCAG-4976_TN	0	4976_TN	8.56411	10.843267
TCATGCCGTTCCGTTC-4976_TN	6	4976_TN	8.99171	8.572802
TCACACCTCTAAGCGT-4976_TN	0	4976_TN	7.402463	12.16499
TTCATTGGTACCGGAA-4976_TN	8	4976_TN	14.023098	13.8984
TGGGATTAGTCTCTGA-4976_TN	11	4976_TN	13.555168	2.9931896
AATGGCTTCGAGTTGT-4976_TN	6	4976_TN	8.918909	9.030189
GATTCGATCCAAATGC-4976_TN	0	4976_TN	6.176833	11.6703
GCCATTCAGCGACTTT-4976_TN	0	4976_TN	6.2691936	9.8728075
CTCATCGCAGCATTGT-4976_TN	0	4976_TN	8.664454	11.649189
TCAATCTTCTGCGTCT-4976_TN	7	4976_TN	8.916086	12.651959
CATGGTACACGTGAGA-4976_TN	0	4976_TN	4.691913	11.002237
TTCACCGGTGACTGAG-4976_TN	0	4976_TN	6.462255	11.885775
AACAAAGCAGCACACC-4976_TN	7	4976_TN	8.830397	12.591632
GTGATGTAGATGCTAA-4976_TN	0	4976_TN	6.2236166	10.459787
CGTAGTAGTACGGTTT-4976_TN	7	4976_TN	8.593999	12.489514
TCCAGAAAGGTCCCTG-4976_TN	0	4976_TN	9.102914	11.007232
AGGACTTGTCTAACGT-4976_TN	7	4976_TN	8.645707	11.875139
TCCTCTTTCCCAACTC-4976_TN	0	4976_TN	6.6605744	10.924045
CTACTATTCGTAGCTA-4976_TN	myCAF	4976_TN	11.407513	6.632893
ATTGGGTTCAGTGTTG-4976_TN	iCAF	4976_TN	11.054487	13.650148
GACAGCCGTTCTGAGT-4976_TN	6	4976_TN	7.628108	9.129969
TCGCAGGGTGTGTCCG-4976_TN	8	4976_TN	11.976204	12.851861
TGCGACGCAATCGCCG-4976_TN	0	4976_TN	5.8171	10.34858
AGGGTCCTCGCCACTT-4976_TN	7	4976_TN	9.069192	12.393371
GGGATGACACAACGCC-4976_TN	7	4976_TN	10.35749	11.8666315
ACAGGGATCGAAGCCC-4976_TN	0	4976_TN	5.8584676	12.95673
ACCTACCCATCCGCGA-4976_TN	iCAF	4976_TN	12.671268	14.224326
GTTCTATAGGTTAAAC-4976_TN	7	4976_TN	9.792923	12.453409
ATGAGTCCATTGAGCT-4976_TN	0	4976_TN	7.7697845	11.726658
TACTTACCAGTGACCC-4976_TN	5	4976_TN	8.49686	2.995758
GATTCTTTCAGTGATC-4976_TN	6	4976_TN	7.8045783	8.8340845
GTAGGAGGTCTGCAAT-4976_TN	0	4976_TN	7.4246435	10.325351
TGTTACTAGATTGAGT-4976_TN	11	4976_TN	11.5994005	5.83885
CTAGGTATCCCAAGCG-4976_TN	7	4976_TN	10.955826	13.360369
AGAAGTACACCTGTCT-4976_TN	6	4976_TN	9.908098	9.108868
CACCGTTAGCTTCTAG-4976_TN	0	4976_TN	6.7070603	9.977656
GCACGTGAGCCGTAAG-4976_TN	7	4976_TN	8.34935	11.971906
TGAGTCATCCCTCTTT-4976_TN	iCAF	4976_TN	13.321485	15.2880745
AGTCAACAGTCATACC-4976_TN	0	4976_TN	7.429047	11.489272
TGCGGCATCGGATTAC-4976_TN	0	4976_TN	9.042852	12.634245
TAGGAGGTCCTTTGAT-4976_TN	iCAF	4976_TN	13.440609	15.144367
AATGGCTAGGCCTTCG-4976_TN	iCAF	4976_TN	12.907961	14.842563
TCATTACCAGTAGTGG-4976_TN	iCAF	4976_TN	11.7214775	15.533566
AATCGTGCACGCACCA-4976_TN	0	4976_TN	5.7870054	10.871599
CCACCATCACACAGCC-4976_TN	2	4976_TN	10.425335	0.7467998
TACTTCACACTCATAG-4976_TN	myCAF	4976_TN	12.021216	7.898325
TTGTTCATCCCGTGTT-4976_TN	6	4976_TN	7.175616	8.175234
AATCGTGTCACCGACG-4976_TN	iCAF	4976_TN	12.514653	13.745457
ACTTTCAAGTAATCCC-4976_TN	iCAF	4976_TN	12.272031	14.566341
TCATTTGCAGAGAAAG-4976_TN	11	4976_TN	11.260604	5.65615
CCAATGAAGTAAGCAT-4976_TN	6	4976_TN	8.655308	7.8782616
CCTCCTCTCTTCCCGA-4976_TN	0	4976_TN	5.574998	10.865366
CGATGGCTCAGGTAAA-4976_TN	0	4976_TN	8.309903	11.254466
CATAAGCCAATTGCGT-4976_TN	0	4976_TN	7.5389514	12.368411
AGAGCCCCATCGATGT-4976_TN	3	4976_TN	11.580194	9.180784
TTTAGTCCACGCAAAG-4976_TN	3	4976_TN	12.054872	10.570487
CGCATAAGTACGATCT-4976_TN	iCAF	4976_TN	12.787784	15.011323
GTTGTAGGTGAGTGAC-4976_TN	myCAF	4976_TN	11.642179	6.7678604
TGGGAGAAGCACTAAA-4976_TN	0	4976_TN	8.626512	10.826394
TAGACTGGTCTGATAC-4976_TN	myCAF	4976_TN	12.332234	7.7112703
CAGATACCACAGTCGC-4976_TN	7	4976_TN	10.960354	11.1669855
GAAACCTCACACCAGC-4976_TN	7	4976_TN	9.2934475	12.466349
ATTATCCCACAGACGA-4976_TN	apCAF	4976_TN	9.251695	0.46611038
CAAGACTAGTTGAAAC-4976_TN	0	4976_TN	7.198819	9.569649
GACTGATCATAACGGG-4976_TN	0	4976_TN	6.56455	11.452549
AGTCAACCACCGGAAA-4976_TN	7	4976_TN	9.801989	12.686473
AGTGATCGTAGGAAAG-4976_TN	iCAF	4976_TN	11.162884	14.481314
CCGTAGGAGGGACAGG-4976_TN	iCAF	4976_TN	13.182002	13.822196
AGGAAATTCCTCACGT-4976_TN	iCAF	4976_TN	11.346559	15.385652
GGTAGAGGTGCACGCT-4976_TN	0	4976_TN	5.6865606	10.567574
CCAAGCGTCACCGGGT-4976_TN	7	4976_TN	9.616692	13.140614
TTCATTGGTTCGTACA-4976_TN	0	4976_TN	6.415911	10.054171
CATTGCCAGGGAGATA-4976_TN	iCAF	4976_TN	12.7220125	14.310224
CTTCTCTTCTTTCCGG-4976_TN	0	4976_TN	8.646965	11.645243
TCTCACGGTGTTAAAG-4976_TN	0	4976_TN	4.89094	10.348078
GATAGAACACTTGGCG-4976_TN	0	4976_TN	6.782677	12.516581
ATGTCTTAGTGCAGCA-4976_TN	8	4976_TN	12.606813	13.520698
CAAGGGATCTAACACG-4976_TN	0	4976_TN	5.4870186	11.036589
GGGTAGAGTGCAATAA-4976_TN	0	4976_TN	6.989961	12.479532
GTTACCCAGTTGAAAC-4976_TN	8	4976_TN	12.24546	11.406195
TACTTACCAACAAGAT-4976_TN	3	4976_TN	12.634352	10.366479
CGAGGAAAGCGGATCA-4976_TN	0	4976_TN	8.012727	12.4375515
AACGGGACACACCAGC-4976_TN	0	4976_TN	8.419268	13.053229
CCTAACCAGTGCACCC-4976_TN	0	4976_TN	6.083908	9.998105
AGATGCTGTCTCGACG-4976_TN	8	4976_TN	12.196532	11.488421
AGCCACGAGGCAGGGA-4976_TN	0	4976_TN	6.932252	10.45953
ACGATGTGTCTCAGGC-4976_TN	0	4976_TN	5.5479984	9.908129
GTTAGTGCAGTTGTCA-4976_TN	11	4976_TN	13.667408	3.7438245
TCGTGGGTCGACATAC-4976_TN	3	4976_TN	10.943174	10.098932
ACGGAAGTCCAGGACC-4976_TN	6	4976_TN	7.428988	9.178017
GTCCCATTCACCCTCA-4976_TN	7	4976_TN	10.099083	11.985772
GTTTACTCATTATGCG-4976_TN	6	4976_TN	10.403331	9.154642
CATCAAGCAAGTAGTA-4976_TN	8	4976_TN	11.804802	12.649648
TGAGCGCGTTGTATGC-4976_TN	myCAF	4976_TN	13.092458	5.2931547
TCATTGTAGGATTCCT-4976_TN	2	4976_TN	11.204368	2.387642
ATTCCATGTGAGCAGT-4976_TN	7	4976_TN	10.91123	13.208826
AAACGCTCAAGATTGA-4976_TN	7	4976_TN	11.272284	13.342334
TGTCCACAGGCTGAAC-4976_TN	0	4976_TN	6.44791	10.013134
GTCTGTCAGCGTCGAA-4976_TN	myCAF	4976_TN	12.545768	7.7447796
CTTCCTTAGTAACAGT-4976_TN	0	4976_TN	7.293762	10.879213
GCACGGTCAATAACGA-4976_TN	6	4976_TN	7.860423	8.340602
CAGTGCGTCGGTCATA-4976_TN	3	4976_TN	10.954914	8.187253
CCACAAACATTCTTCA-4976_TN	0	4976_TN	5.6445265	10.186673
GCAGGCTCAAGTATAG-4976_TN	11	4976_TN	9.614038	5.0930247
TGCGGGTCAACGGCTC-4976_TN	0	4976_TN	8.276443	10.584842
TAGACTGGTGGATCAG-4976_TN	0	4976_TN	7.848635	12.213163
TGAGACTAGATCCTAC-4976_TN	0	4976_TN	7.9021077	11.16088
GGTTAACGTAGGTACG-4976_TN	6	4976_TN	8.134461	9.765753
GTGAGCCTCAGTCACA-4976_TN	7	4976_TN	9.355074	12.2597475
TCCACCACATCGTGGC-4976_TN	0	4976_TN	6.247843	9.858595
TGAGCATGTATTCTCT-4976_TN	iCAF	4976_TN	12.681233	14.492181
CTGAGGCAGACGGAAA-4976_TN	0	4976_TN	8.473081	10.674105
AAAGGATGTCACCTTC-4976_TN	0	4976_TN	7.751071	9.746449
TGTGTGATCTCGAACA-4976_TN	0	4976_TN	5.365706	10.744334
ATGGTTGTCGTAGCTA-4976_TN	0	4976_TN	8.050496	10.119008
GAAGGACGTGTCCATA-4976_TN	0	4976_TN	4.710755	10.718252
GAGTCTATCTGTTCAT-4976_TN	3	4976_TN	9.497987	11.919297
GTTTGGATCACGGAGA-4976_TN	0	4976_TN	7.750568	9.9721
AACTTCTCAGTTGAAA-4976_TN	0	4976_TN	6.0100746	9.298902
GGGTCTGCATATCTCT-4976_TN	3	4976_TN	12.103434	11.3921995
GCTTGGGCAAGTTTGC-4976_TN	0	4976_TN	4.6080484	10.790175
CAATCGACAACCCTCT-4976_TN	0	4976_TN	7.526776	11.021117
TGCTTGCCACAGCCAC-4976_TN	6	4976_TN	6.7557106	8.779799
GTCGAATGTAACAGTA-4976_TN	8	4976_TN	13.994655	13.825715
GTCCACTCATATCTGG-4976_TN	0	4976_TN	6.803288	11.18184
TCTATCACAATTAGGA-4976_TN	7	4976_TN	9.967102	11.872755
CGCCATTCACTCAAGT-4976_TN	0	4976_TN	5.2048993	11.092312
ACATTTCAGGACTTCT-4976_TN	myCAF	4976_TN	12.869032	6.818111
AACCATGGTGCGCTCA-4976_TN	iCAF	4976_TN	13.462135	15.119883
GCCTGTTAGCATGCGA-4976_TN	iCAF	4976_TN	13.49671	13.536011
CAGATACGTGCTCTCT-4976_TN	8	4976_TN	14.011823	13.699278
CACGGGTCACTGGCCA-4976_TN	0	4976_TN	5.7880535	11.659186
GATAGAATCAAGCCGC-4976_TN	iCAF	4976_TN	12.963972	14.025821
AGGTCTAAGTCCCAGC-4976_TN	2	4976_TN	9.742868	2.7163782
TCATACTGTCACGACC-4976_TN	0	4976_TN	7.682619	10.314975
GTCATGAAGAAAGCGA-4976_TN	2	4976_TN	9.568005	3.3632128
TAAGCCACAGCCGGTT-4976_TN	6	4976_TN	9.209441	8.8462925
GTGCTGGAGGTCTACT-4976_TN	6	4976_TN	8.894654	8.35244
TGTGAGTGTTGACGGA-4976_TN	3	4976_TN	10.44081	9.454689
CGGGTCATCCGTATGA-4976_TN	3	4976_TN	11.231222	9.40529
GCAGGCTGTCCTCCTA-4976_TN	0	4976_TN	6.3254876	10.72333
TGGATCACATGTTTGG-4976_TN	0	4976_TN	7.60562	11.393491
AGACACTTCGTGACTA-4976_TN	0	4976_TN	8.925997	10.739685
ACTATCTCACTGTGTA-4976_TN	iCAF	4976_TN	11.602241	15.124326
CGAGAAGGTTCTCCTG-4976_TN	6	4976_TN	8.543703	8.771349
TCTCTGGTCCTAGCCT-4976_TN	6	4976_TN	6.8371797	8.16748
TGGAGGAGTACCGGCT-4976_TN	7	4976_TN	9.219101	12.65419
CACGTGGCATCCTGTC-4976_TN	myCAF	4976_TN	13.291318	7.794404
CGCATGGCAGATTCGT-4976_TN	11	4976_TN	11.386742	6.0733204
CCGGACACAGGATCTT-4976_TN	0	4976_TN	6.424688	9.225509
TAGCACACACATTCTT-4976_TN	iCAF	4976_TN	13.581137	14.865097
CCTATCGTCCCAAGCG-4976_TN	0	4976_TN	6.1896234	12.285621
AGAAATGCACAGTATC-4976_TN	0	4976_TN	5.152963	12.413769
CGGCAGTAGCCGTTAT-4976_TN	iCAF	4976_TN	11.239469	15.785542
GTCTTTACACCCATAA-4976_TN	iCAF	4976_TN	13.296904	13.469837
CTTGATTCATGGGTTT-4976_TN	0	4976_TN	4.912713	11.641434
GTTCATTGTAGATCCT-4976_TN	10	4976_TN	1.2395059	5.2956715
TTCAGGACAGCTACCG-4976_TN	7	4976_TN	10.484497	13.138168
TCGTAGATCGCGGTAC-4976_TN	5	4976_TN	7.6988063	4.9222474
GTGAGGACAGTTGAAA-4976_TN	iCAF	4976_TN	11.717143	14.814996
CAATCGAAGGCTCTCG-4976_TN	iCAF	4976_TN	11.347471	13.952005
GTTACAGGTAGGAGGG-4976_TN	3	4976_TN	10.5253315	10.327327
TCACAAGTCAATCAGC-4976_TN	0	4976_TN	7.975204	12.025811
GTGCTTCGTCTCGACG-4976_TN	8	4976_TN	11.4909315	11.844241
GGTGGCTTCTACAGGT-4976_TN	11	4976_TN	9.072887	8.404258
TGACTCCCAAGTTTGC-4976_TN	0	4976_TN	8.024148	12.435192
TCGGTCTAGGAGAATG-4976_TN	8	4976_TN	11.775852	12.682659
CTACCCACAGAGATTA-4976_TN	11	4976_TN	13.291772	3.6617718
TCATGGAAGTTCCATG-4976_TN	0	4976_TN	6.6270313	11.134469
TTGCATTGTGCAGTGA-4976_TN	0	4976_TN	9.844701	11.253116
CGACAGCCACTTCATT-4976_TN	7	4976_TN	9.999913	12.871478
CATCCCAGTAGTTAGA-4976_TN	6	4976_TN	7.9867334	9.483689
ATGGGTTCAGCGTTTA-4976_TN	8	4976_TN	12.704798	12.640024
TATCGCCTCTCTCTTC-4976_TN	6	4976_TN	8.202878	8.0954
TGAGGTTGTCAGGCAA-4976_TN	6	4976_TN	7.184933	9.312109
GCTTCACTCTACGGTA-4976_TN	0	4976_TN	6.637182	12.05107
AGCTCAATCGAGCCTG-4976_TN	6	4976_TN	6.6755066	8.498827
AGGCATTTCTGCCCTA-4976_TN	8	4976_TN	10.137547	15.215541
GTGTCCTTCCTCATAT-4976_TN	11	4976_TN	10.32607	5.5421
GTGGAGAGTTGGGACA-4976_TN	iCAF	4976_TN	12.601396	13.445789
GAAGAATAGAAGTCTA-4976_TN	0	4976_TN	8.056124	11.197092
ACTTATCCATATCTCT-4976_TN	iCAF	4976_TN	13.226412	13.815093
GTTGTGAGTGCGAACA-4976_TN	0	4976_TN	7.5263314	9.551916
TATTGCTAGCACCCAC-4976_TN	0	4976_TN	7.2837152	9.895222
ACTACGACACTGGACC-4976_TN	iCAF	4976_TN	12.802377	15.328743
GGCTGTGGTGTCCTAA-4976_TN	6	4976_TN	7.851291	8.1499
GAAATGAAGGTTCCAT-4976_TN	0	4976_TN	6.3221574	12.665663
GTACAACCAGTCTGGC-4976_TN	0	4976_TN	7.4996514	10.348825
AAGCGTTGTCTGTTAG-4976_TN	0	4976_TN	8.304379	10.568408
TCTACCGAGCTGCGAA-4976_TN	iCAF	4976_TN	10.414899	15.674878
GTAACACTCTCTTGCG-4976_TN	iCAF	4976_TN	12.764495	14.901032
AGCGCTGCAATAACCC-4976_TN	0	4976_TN	8.0891	11.006394
GGGACTCTCTAGGAAA-4976_TN	0	4976_TN	8.948415	10.356033
TCTATCAGTGGTCAAG-4976_TN	0	4976_TN	6.947933	12.24168
CCACGTTCAAGGCCTC-4976_TN	7	4976_TN	9.843283	12.414328
TCCATCGTCCCATGGG-4976_TN	myCAF	4976_TN	12.93119	6.5306377
CACGTGGTCATCTCTA-4976_TN	iCAF	4976_TN	12.305472	15.375987
AACAGGGCAGCGACCT-4976_TN	7	4976_TN	9.437011	13.2910795
CAGATACAGTACAGCG-4976_TN	0	4976_TN	5.154568	10.051674
ACATTTCCATACCGTA-4976_TN	7	4976_TN	9.479325	12.633433
AATCGTGTCTCGCGTT-4976_TN	iCAF	4976_TN	11.194024	14.2779665
TACCCACGTCTGTGTA-4976_TN	0	4976_TN	9.059149	10.44332
GCATCGGTCATGGAGG-4976_TN	iCAF	4976_TN	10.946479	16.078703
GGGTGAAAGAAGGTAG-4976_TN	2	4976_TN	10.223172	1.1793776
CATGGATCATCGATGT-4976_TN	0	4976_TN	5.5669165	9.999272
CATTGTTAGAATTTGG-4976_TN	11	4976_TN	13.471689	4.5647135
TCTGGCTAGAGCCTGA-4976_TN	0	4976_TN	6.3381534	9.826043
GTACAACGTCCTGAAT-4976_TN	0	4976_TN	6.261584	11.795474
ACGTACAAGGCGCTTC-4976_TN	0	4976_TN	5.196823	11.398245
TTGCTGCTCGATACTG-4976_TN	7	4976_TN	10.770352	11.709181
ACGTCCTTCCTACAAG-4976_TN	8	4976_TN	12.102803	12.513375
TGTAAGCAGAGAACCC-4976_TN	0	4976_TN	6.1959653	9.752506
AGATCGTGTACGGATG-4976_TN	0	4976_TN	5.6749434	12.105859
GAACGTTGTTATGTCG-4976_TN	iCAF	4976_TN	10.877199	15.867556
AGTGACTAGCGTGTTT-4976_TN	apCAF	4976_TN	8.9873905	-0.5843183
CTGCGAGCAGGATGAC-4976_TN	iCAF	4976_TN	12.186162	14.071331
GTCACGGCAGTCGCTG-4976_TN	myCAF	4976_TN	11.319525	8.217245
GGCGTCATCGTGAGAG-4976_TN	0	4976_TN	6.0940185	12.508251
TAGAGTCAGGGTTAAT-4976_TN	0	4976_TN	5.05119	10.827922
GACATCATCACGATAC-4976_TN	myCAF	4976_TN	13.334079	7.1257973
TCTATCAAGATGATTG-4976_TN	0	4976_TN	8.4918165	11.753183
TTCTTCCTCCCATAAG-4976_TN	0	4976_TN	5.5433726	12.059175
TGGTTAGGTCCTACGG-4976_TN	8	4976_TN	11.198581	12.851157
GATGGAGGTACCAATC-4976_TN	6	4976_TN	7.407576	8.390706
GACGTTACAGTATGAA-4976_TN	6	4976_TN	10.637267	9.271386
AGAAATGAGATTAGAC-4976_TN	8	4976_TN	10.818201	12.53666
GGAAGTGGTAGCTTGT-4976_TN	6	4976_TN	7.804963	8.521814
ATTACTCTCGAAGCAG-4976_TN	0	4976_TN	5.4421763	13.145803
CTGGCAGAGCGAGTCA-4976_TN	6	4976_TN	8.409826	9.416164
TACCGGGTCCCGAGTG-4976_TN	0	4976_TN	7.589968	10.675094
AAGTTCGGTCGTCGGT-4976_TN	iCAF	4976_TN	11.501197	15.0063305
AGGGTCCCACAAGCTT-4976_TN	iCAF	4976_TN	10.989176	14.527772
GTTACCCAGGATACAT-4976_TN	3	4976_TN	10.645469	9.710954
TTGCGTCAGGACAGTC-4976_TN	6	4976_TN	7.992833	9.476212
GTTCGCTCAGACCGCT-4976_TN	3	4976_TN	11.259232	10.452322
CTAACTTCATACCGTA-4976_TN	0	4976_TN	7.5386214	11.507113
ATTATCCAGGACTATA-4976_TN	iCAF	4976_TN	11.067001	15.458309
GGGTATTCATGAATCC-4976_TN	0	4976_TN	5.645075	11.709482
TGTAAGCCACTACCCT-4976_TN	6	4976_TN	8.962486	9.078777
CCGGGTAGTCAACCTA-4976_TN	7	4976_TN	10.017366	13.46522
AGATGCTAGTATTAGG-4976_TN	7	4976_TN	10.477226	13.524368
TGCGATACAAGTGTCT-4976_TN	apCAF	4976_TN	8.868978	0.19012201
TGGGATTGTCATATGC-4976_TN	7	4976_TN	9.380238	12.081727
ACGGAAGGTGACACAG-4976_TN	0	4976_TN	7.9404187	11.42732
TCCACCAAGACTGTTC-4976_TN	7	4976_TN	10.229972	11.781269
GGCGTCACAGTCACGC-4976_TN	8	4976_TN	12.75938	13.158582
AACAGGGCAGTCTGGC-4976_TN	0	4976_TN	6.1357274	10.811212
ACAGCCGGTGGCTGAA-4976_TN	7	4976_TN	8.651678	12.323952
AGACCCGAGGTGGCTA-4976_TN	myCAF	4976_TN	13.139303	8.004536
TCACTCGTCTTCCTAA-4976_TN	0	4976_TN	7.7152424	11.322243
ATCCGTCGTTAGCTAC-4976_TN	0	4976_TN	8.28024	11.123046
TTTATGCTCGCCGATG-4976_TN	6	4976_TN	9.423105	8.328524
CTCATGCTCACCTCTG-4976_TN	8	4976_TN	10.19162	9.761146
GTCACGGAGTTTGGCT-4976_TN	11	4976_TN	13.323388	3.9827034
CTCAGGGCAGTAGAAT-4976_TN	iCAF	4976_TN	11.250039	15.227757
CAACCAAGTGACTCGC-4976_TN	7	4976_TN	9.130634	12.766528
CGGGCATTCCCAGTGG-4976_TN	apCAF	4976_TN	7.501549	-0.609174
CGCAGGTAGTTAGAAC-4976_TN	apCAF	4976_TN	9.053189	-0.7248699
TCATGCCGTGTATTCG-4976_TN	iCAF	4976_TN	11.161867	15.935358
TAGGGTTGTCCTCCTA-4976_TN	0	4976_TN	8.075781	11.942451
GTCTGTCAGAACTCCT-4976_TN	5	4976_TN	6.913142	4.895477
TGCATCCTCTGGAGAG-4976_TN	7	4976_TN	10.162994	12.439416
TGTTCCGAGACCGTTT-4976_TN	2	4976_TN	10.143615	4.1050906
TCGAACAAGCCATTGT-4976_TN	7	4976_TN	8.915978	13.116455
CTCTCAGCATACTGAC-4976_TN	0	4976_TN	7.280803	12.025026
TTTGGTTAGCAGTACG-4976_TN	0	4976_TN	5.8374557	12.105468
GCTGGGTCAGTCTGGC-4976_TN	10	4976_TN	1.6471174	3.3022795
CATTCTAAGAATCTAG-4976_TN	0	4976_TN	5.961349	10.711282
TTCTAACTCCGTGCGA-4976_TN	0	4976_TN	6.0656524	11.241394
GCGAGAATCGTAGGAG-4976_TN	8	4976_TN	12.373097	13.704181
CTCCCTCCAGCCGTTG-4976_TN	8	4976_TN	10.093541	13.690863
TACATTCAGGCGACAT-4976_TN	0	4976_TN	7.479053	11.467887
GGTGTCGAGCACAAAT-4976_TN	7	4976_TN	10.314731	12.233727
GCAGTTATCATGGAGG-4976_TN	0	4976_TN	5.5868454	12.101453
TCCTCCCGTTACCTTT-4976_TN	0	4976_TN	7.6848197	11.108688
TTTAGTCAGAGGTTTA-4976_TN	6	4976_TN	7.9264107	9.826464
CCTATCGTCGAGAAGC-4976_TN	6	4976_TN	6.9771013	8.645717
CTCCTTTCAGCTGGTC-4976_TN	6	4976_TN	7.0974593	8.133004
ATTACCTTCGTGGAAG-4976_TN	8	4976_TN	12.394296	11.779936
TAGGTTGAGAAATTGC-4976_TN	0	4976_TN	6.2240896	9.769677
AACAAAGCACAGGATG-4976_TN	0	4976_TN	6.278009	10.276477
TAGATCGAGCTTCGTA-4976_TN	8	4976_TN	11.696047	12.824995
GTGACGCGTGATTAGA-4976_TN	0	4976_TN	6.435573	9.529374
AATAGAGGTTCTGACA-4976_TN	0	4976_TN	7.282003	11.47292
ACATTTCAGAGCATAT-4976_TN	0	4976_TN	5.2741885	10.92984
AAAGGTATCTTCGACC-4976_TN	0	4976_TN	5.895657	10.4513
TCAATCTTCAAAGAAC-4976_TN	7	4976_TN	9.354515	13.059528
AGGGCTCCAGAACTAA-4976_TN	7	4976_TN	10.2885065	11.912137
ACAACCAGTGCATGTT-4976_TN	0	4976_TN	5.3491592	11.66939
ACGATCACAAAGCTAA-4976_TN	0	4976_TN	8.215287	10.336216
GAGAAATAGGTTACAA-4976_TN	0	4976_TN	6.3525515	9.746378
CAGATACAGAGAATCT-4976_TN	0	4976_TN	6.6390038	10.742194
GTCATGATCTAGTGAC-4976_TN	3	4976_TN	11.263959	8.344483
AAACCCAAGATCCAAA-4976_TN	0	4976_TN	7.7575493	10.468732
ACTATTCGTCCTTAAG-4976_TN	0	4976_TN	7.30053	10.438296
GAAGGACCAAGAGTAT-4976_TN	0	4976_TN	6.937986	12.895567
GAGAAATGTATAATGG-4976_TN	0	4976_TN	5.990061	10.317836
ACCACAATCATGGAGG-4976_TN	9	4976_TN	9.144835	14.162284
CTCCAACCAAAGGGTC-4976_TN	iCAF	4976_TN	10.790285	13.410513
CGAGTTACACGAGGAT-4976_TN	7	4976_TN	10.055461	13.136254
CCCTGATTCCGTCACT-4976_TN	0	4976_TN	6.400711	12.337517
AGGTGTTCACAAACGG-4976_TN	7	4976_TN	10.519682	11.4842005
GAAATGAAGCTGTCCG-4976_TN	7	4976_TN	9.646664	9.936353
GTATTGGCAACCCTCT-4976_TN	0	4976_TN	7.560851	11.531277
AGGAAATCAGAATGTA-4976_TN	11	4976_TN	14.086219	3.4191415
CACCGTTTCTCCTGTG-4976_TN	0	4976_TN	6.910991	12.73668
AGCTTCCGTTTACCTT-4976_TN	11	4976_TN	13.612038	8.919991
TTGGTTTGTACGTGTT-4976_TN	8	4976_TN	11.022559	12.698998
CAAGGGACAGCACAGA-4976_TN	0	4976_TN	7.905857	11.247156
CCTCCAACATACATCG-4976_TN	3	4976_TN	11.450728	10.708247
CAGATTGGTCAACACT-4976_TN	0	4976_TN	6.1498184	11.402522
CAAGACTAGGTCTACT-4976_TN	0	4976_TN	5.4672894	10.921272
GACACGCTCTCTCGAC-4976_TN	0	4976_TN	7.709859	12.080093
TTGGTTTAGACCACGA-4976_TN	5	4976_TN	6.947934	5.0395017
TGATGCAAGGCTCCCA-4976_TN	0	4976_TN	7.0274954	12.17425
AGTTAGCGTATGCAAA-4976_TN	7	4976_TN	9.577957	13.1462755
TTGCTGCAGAGAGCAA-4976_TN	7	4976_TN	10.321002	13.022687
TTTACGTCAATCGCGC-4976_TN	8	4976_TN	12.580866	12.558045
TCAATCTCACGTCATA-4976_TN	3	4976_TN	11.253282	10.938754
CCACCATAGATGCTTC-4976_TN	0	4976_TN	7.1477447	10.846348
TCCTTTCCAGACCTGC-4976_TN	0	4976_TN	8.257958	12.59331
TATCCTACAGTAGAAT-4976_TN	0	4976_TN	7.6662536	11.578552
CATGGATGTCTAGATC-4976_TN	7	4976_TN	9.733744	11.3783245
GTCTGTCTCTATACTC-4976_TN	6	4976_TN	8.917822	8.912699
GGGCTACTCTCTATGT-4976_TN	0	4976_TN	7.1191397	10.214785
ATTCCCGGTAGGACTG-4976_TN	0	4976_TN	6.248836	12.786678
ACTATGGAGATCCCGC-4976_TN	6	4976_TN	8.833029	8.597031
ACGTAACAGATCACCT-4976_TN	7	4976_TN	9.540468	11.747043
GATAGCTAGACTTCAC-4976_TN	6	4976_TN	7.545653	8.920616
GAGAGGTGTAACATAG-4976_TN	8	4976_TN	11.295058	10.814055
AGTCAACTCGGTAGGA-4976_TN	0	4976_TN	5.183493	11.413377
TGTTCCGGTTCCATTT-4976_TN	0	4976_TN	8.000256	11.330469
TGGGAGATCTCCGAGG-4976_TN	0	4976_TN	4.793229	11.926238
TCACATTGTACGAGTG-4976_TN	0	4976_TN	6.363714	10.992619
TACCTCGCAAAGGGTC-4976_TN	10	4976_TN	0.8432541	5.9636574
GGAGATGGTATTGCCA-4976_TN	0	4976_TN	7.8866577	12.333193
GAGTCTAAGGTCGTCC-4976_TN	6	4976_TN	7.505572	7.938818
CATACTTCAACTCCAA-4976_TN	0	4976_TN	7.1991587	10.347029
AATTCCTAGCAACAGC-4976_TN	5	4976_TN	8.08806	6.1151433
GCAGTTAAGTTACGTC-4976_TN	iCAF	4976_TN	11.693437	14.441191
CCTAACCTCCCTCATG-4976_TN	0	4976_TN	7.5644083	11.210473
ATTCACTAGTCAATCC-4976_TN	7	4976_TN	8.217653	11.2545185
TTCGCTGCAGGTGGAT-4976_TN	0	4976_TN	4.877857	11.216333
AGCGTATGTATGACAA-4976_TN	0	4976_TN	5.858938	12.051224
GCACGGTAGTCTGGAG-4976_TN	iCAF	4976_TN	11.124724	13.419665
GGAAGTGTCGAACCTA-4976_TN	0	4976_TN	9.131187	10.562864
GTGCTTCAGGGAGGAC-4976_TN	0	4976_TN	6.0606823	9.439841
CGTCCATGTCTTCCGT-4976_TN	0	4976_TN	7.9246044	10.054962
GGGACAACACTCCGAG-4976_TN	0	4976_TN	8.628601	11.848982
ATAGAGACATTGCCTC-4976_TN	0	4976_TN	6.339694	10.453774
TTGCGTCAGCTTCGTA-4976_TN	0	4976_TN	7.203533	12.374857
GGGTCTGGTTGTTGTG-4976_TN	7	4976_TN	10.534891	13.201281
AGCGCCAGTTGGTGTT-4976_TN	0	4976_TN	7.541492	11.622729
TCATCCGAGAGGTCAC-4976_TN	6	4976_TN	8.386284	8.621149
CCTCACATCTACACAG-4976_TN	0	4976_TN	6.8688145	11.455988
GCGAGAACACTACCCT-4976_TN	iCAF	4976_TN	11.945151	14.416155
TTTCCTCTCTCTCAAT-4976_TN	6	4976_TN	8.43573	9.109768
AGCGATTGTCATCTAG-4976_TN	7	4976_TN	9.558357	12.908753
CCCTAACAGGAGGGTG-4976_TN	0	4976_TN	7.9092293	9.84092
CCTCTAGGTTGATCGT-4976_TN	0	4976_TN	6.360981	10.58897
GCGATCGTCCTGTTAT-4976_TN	6	4976_TN	10.259455	8.72021
CGCCAGACACACGCCA-4976_TN	0	4976_TN	7.717623	9.702113
ATGAGGGTCTGCACCT-4976_TN	7	4976_TN	10.198023	13.08801
GTGCTTCGTAGACGGT-4976_TN	3	4976_TN	11.293294	11.302124
CGTGTCTCAAATTGGA-4976_TN	8	4976_TN	11.706016	11.791244
ACGCACGAGCCTTGAT-4976_TN	iCAF	4976_TN	12.32362	13.441799
TTCTTCCGTGTAGTGG-4976_TN	10	4976_TN	0.9837289	5.262386
CTCAGGGCACTCTAGA-4976_TN	6	4976_TN	8.672877	9.012583
TTCATGTTCTGGCCTT-4976_TN	iCAF	4976_TN	13.321856	15.045383
ATTCCCGGTTAACCTG-4976_TN	8	4976_TN	11.130495	13.242568
TTCCGTGAGCGTACAG-4976_TN	0	4976_TN	7.5071483	11.062429
CAACCTCAGATGAAGG-4976_TN	0	4976_TN	9.163118	9.855907
TCGGATATCGGCGATC-4976_TN	0	4976_TN	5.2801147	10.794085
TTGTTTGCAGACAATA-4976_TN	6	4976_TN	10.309197	8.793611
TGTAGACCACATGACT-4976_TN	6	4976_TN	9.4382925	8.66632
GCTGGGTCAGCACACC-4976_TN	3	4976_TN	10.474495	10.244679
AGCGCCAAGTAGACCG-4976_TN	0	4976_TN	4.7521706	10.534319
GAGCCTGAGGCATGGT-4976_TN	7	4976_TN	8.8390045	12.655273
CTGTACCAGTCTTCCC-4976_TN	11	4976_TN	10.443095	5.5519156
GAAGGACTCGGTTGTA-4976_TN	0	4976_TN	6.507292	10.79133
TAGTGCAGTCACTGAT-4976_TN	0	4976_TN	7.7447023	10.7339325
GCAACATAGAGCTTTC-4976_TN	iCAF	4976_TN	11.617902	14.236452
AAGTCGTAGTGTAGTA-4976_TN	iCAF	4976_TN	11.690672	14.318714
CTTTCAAAGAGGTATT-4976_TN	iCAF	4976_TN	12.037013	13.580204
ACCGTTCCATTCTTCA-4976_TN	11	4976_TN	10.728608	5.661095
TGCGGCAAGCAAGTGC-4976_TN	6	4976_TN	6.8743477	8.941331
GCCAGGTTCTAGAGCT-4976_TN	0	4976_TN	6.18449	12.517599
ACGGTCGGTGAATATG-4976_TN	0	4976_TN	9.267359	9.852056
TCAGTCCTCAACACGT-4976_TN	0	4976_TN	5.084939	11.51846
ACGTAGTTCTCAACCC-4976_TN	iCAF	4976_TN	12.285868	14.330531
TCAGTCCAGGGCCTCT-4976_TN	iCAF	4976_TN	10.57344	15.134488
CATCGGGCACTGTGTA-4976_TN	10	4976_TN	1.6780943	5.633811
ACGTAACCATAGTCAC-4976_TN	6	4976_TN	6.8941727	8.35656
TCAGTGAGTGTAACGG-4976_TN	5	4976_TN	7.7673883	5.993765
GTCTACCAGAAGGCTC-4976_TN	0	4976_TN	9.122662	11.228861
AACAAGATCAAGCTGT-4976_TN	iCAF	4976_TN	10.791648	13.398585
AAGTCGTTCTGAGCAT-4976_TN	8	4976_TN	11.601466	13.965012
GTCTACCGTTTCCATT-4976_TN	0	4976_TN	9.006608	10.908058
TTGAACGTCGCCTATC-4976_TN	0	4976_TN	5.7329	9.819516
CTGCTCATCCCTTTGG-4976_TN	0	4976_TN	7.682708	9.918378
AGACAGGCAGCTTCGG-4976_TN	7	4976_TN	8.633875	11.556404
GAGTCTATCACCATGA-4976_TN	iCAF	4976_TN	13.846692	14.51858
CCCTAACCAACTGCTA-4976_TN	7	4976_TN	8.535592	13.145523
GGGAAGTTCCTAAACG-4976_TN	8	4976_TN	11.485739	10.82232
ACGGGTCGTGGATTTC-4976_TN	10	4976_TN	1.4854407	5.261394
GCACGTGTCTCGGCTT-4976_TN	iCAF	4976_TN	13.204308	12.674153
TGCGATAGTTCGTTCC-4976_TN	iCAF	4976_TN	12.546011	13.073585
TGAGGAGAGCTGGCCT-4976_TN	6	4976_TN	11.15155	11.061572
TGTAACGGTTGCGGCT-4976_TN	0	4976_TN	8.48078	11.303534
AATGACCGTGTTACAC-4976_TN	2	4976_TN	10.047107	3.0854766
ACTTCCGTCAGTGTTG-4976_TN	iCAF	4976_TN	12.736241	14.683291
TCTGTCGGTCGAGTGA-4976_TN	iCAF	4976_TN	13.416417	13.511302
GGAGGATTCTTACGGA-4976_TN	5	4976_TN	8.989249	6.843283
AAAGGTAAGTATGACA-4976_TN	7	4976_TN	10.336521	11.077577
CGCGTGATCGGCTTCT-4976_TN	8	4976_TN	13.650223	13.079166
AACAACCGTGTCTTAG-4976_TN	0	4976_TN	6.006908	12.217182
ACGGTCGCAGCTGCCA-4976_TN	6	4976_TN	7.2548594	9.01135
TGAACGTCACGCGCAT-4976_TN	0	4976_TN	6.9397855	10.546367
CAGATCAGTTGAAGTA-4976_TN	0	4976_TN	6.298651	9.602354
TCCTGCAAGCCGTAAG-4976_TN	0	4976_TN	4.697943	10.618367
TCGACCTTCGTCGGGT-4976_TN	6	4976_TN	6.499092	9.140221
AACAAAGTCACCTTAT-4976_TN	0	4976_TN	7.443619	10.627757
TCTGGCTTCCCAGGAC-4976_TN	6	4976_TN	8.344362	8.561614
GAATCACCAAGAGGTC-4976_TN	8	4976_TN	9.574051	14.431802
CATGCCTAGGTGAGCT-4976_TN	iCAF	4976_TN	13.467307	14.493329
CCGATGGAGTAGCCAG-4976_TN	0	4976_TN	8.369253	10.693733
GCAGCCAAGTAAGCAT-4976_TN	0	4976_TN	7.450499	10.619846
GGCTTGGGTAAGTTAG-4976_TN	2	4976_TN	10.51944	2.5587378
AATCACGGTTTGCAGT-4976_TN	8	4976_TN	11.160061	12.896249
TCCGATCGTCTTTCTA-4976_TN	2	4976_TN	10.552486	0.6369401
CTTCAATAGTATTCCG-4976_TN	0	4976_TN	6.7102637	9.863592
ACAGGGAGTGAGTTGG-4976_TN	6	4976_TN	7.1690564	8.340641
TTTATGCAGCACCGAA-4976_TN	8	4976_TN	12.190765	13.347876
GAGATGGAGATAACAC-4976_TN	6	4976_TN	9.718248	9.101008
CGTTCTGAGGGCCAAT-4976_TN	iCAF	4976_TN	9.732292	14.796428
ACTTTGTCAATACCTG-4976_TN	iCAF	4976_TN	13.745306	14.512743
TCATTACTCGTAGGGA-4976_TN	8	4976_TN	10.927928	12.906831
CTACGGGGTCCTGTCT-4976_TN	0	4976_TN	7.9397416	12.620529
AGCGCCATCAACTGGT-4976_TN	8	4976_TN	11.750545	13.595536
ATCGTGACACCAGTAT-4976_TN	7	4976_TN	8.361693	11.96129
TTTACCACAAAGTATG-4976_TN	2	4976_TN	10.514416	0.38635904
CTGTCGTGTTTGGCTA-4976_TN	8	4976_TN	12.54577	10.686164
CTCCTTTGTCGTTTCC-4976_TN	11	4976_TN	10.078272	5.2386894
GATAGCTGTGAATGTA-4976_TN	0	4976_TN	6.5822687	10.028196
CCCGAAGTCCGATTAG-4976_TN	iCAF	4976_TN	11.840998	15.463229
CCTCCTCCAACCAACT-4976_TN	5	4976_TN	6.6955523	4.0780764
AGGGTTTCAATTGCAC-4976_TN	0	4976_TN	5.7369823	10.291905
CGGAATTTCTCTGGTC-4976_TN	6	4976_TN	7.438898	9.38728
TCGGGACCAAGCGGAT-4976_TN	0	4976_TN	5.037428	11.729644
TGTTCTAAGCAGAAAG-4976_TN	0	4976_TN	7.3717947	10.914364
TCAGCAAAGTGGACGT-4976_TN	iCAF	4976_TN	11.179014	14.375711
CCACCATAGCACTGGA-4976_TN	iCAF	4976_TN	12.457041	15.091334
CACTTCGCATAGGTAA-4976_TN	7	4976_TN	10.379495	12.929019
TTACGCCTCGAAGGAC-4976_TN	0	4976_TN	6.0499763	11.640178
ATGGAGGTCGCTTTAT-4976_TN	iCAF	4976_TN	12.902052	14.287143
AGTAACCAGAACCGCA-4976_TN	0	4976_TN	8.238129	11.308626
CTCTGGTGTTAAGGAT-4976_TN	7	4976_TN	10.200008	13.364243
AGCCACGTCTTGCGCT-4976_TN	0	4976_TN	6.7465777	10.91235
GTAGAAAAGTTTGGCT-4976_TN	0	4976_TN	7.5052166	12.234788
CCAAGCGGTTCGTTCC-4976_TN	0	4976_TN	6.094583	11.293653
AAGCGAGCATCTCCCA-4976_TN	0	4976_TN	6.499443	11.7695465
ATTGGGTTCGAGTGAG-4976_TN	11	4976_TN	8.67899	8.019033
CTGAGCGTCTGCGTCT-4976_TN	myCAF	4976_TN	11.25464	7.4540486
AACGAAAAGCTCGTGC-4976_TN	5	4976_TN	8.446107	5.691265
GTTACGACACTCGATA-4976_TN	6	4976_TN	6.0692267	8.982951
ATTCTACTCAGCCTCT-4976_TN	6	4976_TN	7.362553	9.150812
AGCCACGAGATGAATC-4976_TN	7	4976_TN	10.954158	12.819753
CCTTGTGTCCTGGGTG-4976_TN	iCAF	4976_TN	10.615981	14.036121
GGGTGTCTCGGAAGGT-4976_TN	3	4976_TN	10.617922	10.302569
TTAGTCTTCTGTAAGC-4976_TN	iCAF	4976_TN	13.68235	14.5824585
CTACGGGCAACGGCCT-4976_TN	0	4976_TN	5.0699434	12.077795
ACAGAAAGTATGCGTT-4976_TN	7	4976_TN	9.254499	12.397737
CATTGAGTCTTAGGAC-4976_TN	7	4976_TN	11.034395	11.185175
GCCGTGACAGACCAGA-4976_TN	iCAF	4976_TN	11.952013	15.249066
CTGTGGGCACGTCATA-4976_TN	6	4976_TN	10.088094	9.579055
AAGGTAAAGGGTCTTT-4976_TN	iCAF	4976_TN	11.721453	15.624435
TCCACGTAGAGTGGCT-4976_TN	iCAF	4976_TN	12.850085	15.292981
TGGTGATCACACCGCA-4976_TN	myCAF	4976_TN	12.396775	7.7903385
GCAGCTGAGTGTCATC-4976_TN	7	4976_TN	9.596729	13.341589
GTCACGGTCTTCGTAT-4976_TN	iCAF	4976_TN	11.128095	15.342776
TCTACATGTTCGGGTC-4976_TN	7	4976_TN	8.443522	12.241589
ACAGCCGCAACGTTAC-4976_TN	0	4976_TN	8.422638	10.852499
AACCTTTCAGGACGAT-4976_TN	6	4976_TN	7.888973	8.527122
CAATACGCAAGTGACG-4976_TN	myCAF	4976_TN	13.306839	6.326785
ATCCGTCGTTATGGTC-4976_TN	0	4976_TN	6.4250555	10.695035
TGTGCGGTCAGAGTGG-4976_TN	0	4976_TN	9.177637	9.755711
AGGTGTTGTGCGGATA-4976_TN	0	4976_TN	7.5244904	11.236896
AGGTCATGTCACAATC-4976_TN	0	4976_TN	6.229242	9.300536
GACCCAGTCCGTGCGA-4976_TN	7	4976_TN	9.148738	12.358613
CTCCCAAGTTGGTAGG-4976_TN	7	4976_TN	9.159848	12.829104
GAATCGTGTATCTTCT-4976_TN	3	4976_TN	12.127487	12.499986
TCCTCCCAGAATCCCT-4976_TN	0	4976_TN	6.142235	11.47651
CATGCTCGTTGTTGCA-4976_TN	0	4976_TN	8.7674055	11.227772
AGGAATAAGTTAGTAG-4976_TN	7	4976_TN	9.414538	12.169468
TGTGGCGAGTGCACAG-4976_TN	0	4976_TN	6.3781466	11.283279
AGAGCAGTCGCTTGAA-4976_TN	myCAF	4976_TN	12.767889	6.3376837
GGGTCTGGTCAGACTT-4976_TN	3	4976_TN	10.277414	10.4211
ATGGGTTGTAGCGTAG-4976_TN	0	4976_TN	7.469967	11.142978
TGGGCGTGTGTCTTGA-4976_TN	2	4976_TN	9.825796	3.0154197
GTGTAACGTATCACCA-4976_TN	0	4976_TN	7.3151693	11.714628
ATCTCTAGTAGGCAAC-4976_TN	0	4976_TN	7.710485	10.621311
AGGTCTACATCAGCTA-4976_TN	0	4976_TN	7.8576093	10.889657
CATTCATAGTGATGGC-4976_TN	11	4976_TN	13.471088	3.1504858
TCAGCAAAGTAGACCG-4976_TN	0	4976_TN	8.248288	13.293711
CATGCAAAGCGAGGAG-4976_TN	7	4976_TN	11.2297735	12.212752
ATTCCCGTCTACGCGG-4976_TN	2	4976_TN	9.712601	4.4413505
ACTTTGTAGCTACTAC-4976_TN	7	4976_TN	9.999446	12.977599
CCGCAAGTCTTCTTCC-4976_TN	0	4976_TN	6.929939	10.803008
GGTGATTCAACTTGCA-4976_TN	0	4976_TN	6.71523	9.619517
TGACTCCTCCCGAACG-4976_TN	0	4976_TN	6.35893	10.530379
AAATGGACAAACTCTG-4976_TN	iCAF	4976_TN	11.158092	15.595099
AAGTTCGGTCGTGGTC-4976_TN	0	4976_TN	5.112859	11.58148
CTGTATTAGTGCCTCG-4976_TN	0	4976_TN	4.7932925	11.274349
CGAGAAGTCTGAGGTT-4976_TN	iCAF	4976_TN	11.5496435	15.423036
GCGGATCCATTCCTCG-4976_TN	0	4976_TN	7.3759723	9.919332
TCGCTTGAGACGAGCT-4976_TN	0	4976_TN	9.025974	10.208585
TCATTCAGTAACGCGA-4976_TN	iCAF	4976_TN	12.410983	15.269944
CATTCATCACACCGCA-4976_TN	iCAF	4976_TN	11.247497	13.90317
CCTGCATGTAAGGAGA-4976_TN	7	4976_TN	9.253144	12.309595
CAGGGCTGTACTCCGG-4976_TN	0	4976_TN	7.9590006	12.135459
AGCTTCCCAACAGCTT-4976_TN	0	4976_TN	7.442817	11.624511
TGTAAGCGTGGCTTGC-4976_TN	0	4976_TN	7.228488	10.584353
ATTATCCAGGTGATCG-4976_TN	0	4976_TN	6.8082294	11.196877
TATGTTCTCCATCGTC-4976_TN	0	4976_TN	6.75401	10.620279
ACAAGCTAGATTGATG-4976_TN	iCAF	4976_TN	11.286329	15.971619
TGCTTGCTCGTGTGGC-4976_TN	apCAF	4976_TN	8.22155	-0.42973453
ATCGTAGGTCACTCGG-4976_TN	11	4976_TN	13.407391	4.151988
CCAAGCGCAGATCACT-4976_TN	7	4976_TN	9.74858	12.850888
GGGATCCAGTAGTGCG-4976_TN	iCAF	4976_TN	11.554529	13.45011
TCACTATTCGACGACC-4976_TN	0	4976_TN	6.3558025	12.369215
GTAATGCGTTGGAGGT-4976_TN	0	4976_TN	4.723257	11.0449705
TTCCTCTTCGCACGGT-4976_TN	3	4976_TN	11.185374	10.62927
ATTTCTGTCTCAACCC-4976_TN	0	4976_TN	7.588852	12.940341
CTCCTCCAGGGCGAAG-4976_TN	7	4976_TN	10.014734	13.431359
CTTTCGGGTTAGAAAC-4976_TN	0	4976_TN	8.489681	12.770994
AGAAATGAGTCCCAAT-4976_TN	iCAF	4976_TN	10.617898	15.531238
ATACCTTCAGCGACAA-4976_TN	0	4976_TN	7.292287	11.61387
GCGTGCAGTAGTCGGA-4976_TN	8	4976_TN	11.834461	12.624114
GGAATCTTCTTGAGCA-4976_TN	0	4976_TN	6.155316	12.480064
CGTCCATGTTCGATTG-4976_TN	iCAF	4976_TN	11.767142	14.2725525
GTGCTTCTCTGAGATC-4976_TN	11	4976_TN	14.303523	8.34821
CTATCTAAGACTACCT-4976_TN	0	4976_TN	6.7864504	11.07832
ATCTTCAAGCAGCCCT-4976_TN	6	4976_TN	6.7128334	9.222368
TGAGGTTAGATGCTGG-4976_TN	6	4976_TN	9.979522	8.270908
CTAAGTGTCTCGGTCT-4976_TN	3	4976_TN	12.40041	10.248481
CCCGAAGGTGCCTTCT-4976_TN	7	4976_TN	10.29925	12.020461
CGAGAAGTCTCCTGCA-4976_TN	iCAF	4976_TN	11.426014	13.962779
CTTCTCTCAGAATGTA-4976_TN	2	4976_TN	9.7275915	1.375913
CTCAAGATCGGTCTGG-4976_TN	0	4976_TN	6.7159934	11.107725
GGACGTCGTGCGAGTA-4976_TN	11	4976_TN	10.548963	6.4073014
TACAACGGTTTGTTGG-4976_TN	iCAF	4976_TN	11.99073	15.528231
GGTCTGGAGGGCAGTT-4976_TN	0	4976_TN	5.5803742	13.167699
GATGATCTCCTCACCA-4976_TN	myCAF	4976_TN	12.748057	7.877453
TCGTAGATCAAGGCTT-4976_TN	0	4976_TN	5.938532	11.983592
CTACGGGCAGCTGTCG-4976_TN	0	4976_TN	7.6391587	13.403358
TGGTTAGGTAGACGTG-4976_TN	7	4976_TN	8.444538	11.489659
TAGAGTCAGTACTGTC-4976_TN	5	4976_TN	7.5279016	4.230268
ATAGACCGTTCAGCTA-4976_TN	0	4976_TN	5.9857416	10.560426
CTGAATGGTCCTATAG-4976_TN	apCAF	4976_TN	8.227327	-0.30282053
GCTTCACTCGTAGTGT-4976_TN	0	4976_TN	6.048858	9.8926735
CTGGTCTTCAGCCCAG-4976_TN	myCAF	4976_TN	12.362014	7.8101883
ACAAAGAAGGTGGGTT-4976_TN	0	4976_TN	9.755448	11.1278715
CAACAGTTCGTGTGGC-4976_TN	3	4976_TN	11.277486	11.784619
GCCAGCATCGATACGT-4976_TN	3	4976_TN	11.834325	11.137667
ATGTCCCCAGGAATCG-4976_TN	0	4976_TN	7.396559	9.860691
ATCACGATCGAGATGG-4976_TN	0	4976_TN	7.952229	12.700458
GTCTACCCACCTTCCA-4976_TN	0	4976_TN	8.055798	12.081536
CGTTGGGGTATACCTG-4976_TN	iCAF	4976_TN	10.98627	15.482318
ACCGTTCCATTCATCT-4976_TN	0	4976_TN	5.386465	12.207361
CGGGTGTCAGGCCCTA-4976_TN	3	4976_TN	11.837147	9.970752
AGGGCCTAGTGTCATC-4976_TN	0	4976_TN	9.271324	11.1549225
GTCTGTCTCCCAAGCG-4976_TN	iCAF	4976_TN	10.731083	13.837643
ATATCCTAGCACAAAT-4976_TN	0	4976_TN	4.724669	11.231556
CGTCAAAAGGGATCTG-4976_TN	iCAF	4976_TN	10.821766	13.954412
AATGGCTTCGGAGTGA-4976_TN	0	4976_TN	5.6582694	10.766024
TGAATCGGTTCCGTTC-4976_TN	8	4976_TN	10.811402	13.5404
ATTCCATCAAGGATGC-4976_TN	0	4976_TN	6.6705036	10.471541
GAGTGTTGTGGTTTGT-4976_TN	0	4976_TN	6.6851444	10.203613
AGCCACGAGGGCTAAC-4976_TN	11	4976_TN	14.494817	7.8575406
TTCCTAAAGAAACCAT-4976_TN	0	4976_TN	7.218398	9.831763
ACGGGTCAGTTACGGG-4976_TN	0	4976_TN	5.7555356	10.365991
TTTACGTCAACCGGAA-4976_TN	0	4976_TN	7.7832394	11.403814
GTGAGTTAGTAGCCAG-4976_TN	0	4976_TN	7.80706	13.274497
TCCTCCCAGCCACAAG-4976_TN	7	4976_TN	9.420117	12.060536
TACTTACGTAGAAACT-4976_TN	0	4976_TN	8.169261	11.704838
TGTAGACAGCGTATGG-4976_TN	0	4976_TN	7.132425	12.990258
ACGTAACTCGATAACC-4976_TN	8	4976_TN	11.539796	12.9448595
TGGAACTTCGTCCATC-4976_TN	0	4976_TN	6.2341757	12.924781
TGTACAGAGTTTCTTC-4976_TN	0	4976_TN	7.8242073	12.610274
GCTTTCGTCGATTCCC-4976_TN	11	4976_TN	13.632665	4.3328643
TTGAGTGCATCTAACG-4976_TN	6	4976_TN	9.348944	9.877996
AAGCGTTCAAGACTGG-4976_TN	apCAF	4976_TN	8.6383295	-0.94972193
GAGCTGCAGACGACGT-4976_TN	0	4976_TN	7.226533	11.283594
AAGGAATGTGCTATTG-4976_TN	iCAF	4976_TN	10.084004	15.343987
CTCGAGGGTGCAGATG-4976_TN	7	4976_TN	9.243761	11.913717
CAATTTCAGTCATCGT-4976_TN	10	4976_TN	1.1775502	5.272731
CATAGACCAAGTATCC-4976_TN	9	4976_TN	9.239891	16.25087
CTGAGGCTCGAAATCC-4976_TN	0	4976_TN	7.737898	10.628451
TCACGCTCAATGCAAA-4976_TN	11	4976_TN	13.440073	4.38028
CTCCAACCAAGAATAC-4976_TN	0	4976_TN	8.172045	11.456224
GTCCTCACATCGCTAA-4976_TN	iCAF	4976_TN	12.58054	14.198251
TGGTTAGGTACCGGCT-4976_TN	iCAF	4976_TN	12.310519	15.824415
TGCAGGCCAGCGTTTA-4976_TN	myCAF	4976_TN	12.613204	6.067748
CGAGGCTCAGGGACTA-4976_TN	0	4976_TN	5.3454113	10.258726
GCCGATGAGCCATCCG-4976_TN	8	4976_TN	11.1347065	13.01296
TGAGCGCGTCTCTCAC-4976_TN	iCAF	4976_TN	11.952084	14.949873
TGCAGATTCCGACAGC-4976_TN	7	4976_TN	10.017429	11.141581
CAGGGCTTCGCAGAGA-4976_TN	7	4976_TN	10.092421	12.722452
GATCCCTAGGACAGTC-4976_TN	0	4976_TN	8.247764	12.158086
CCTAAGACATGTGCTA-4976_TN	7	4976_TN	10.448366	11.966115
ACCCAAATCGAGAACG-4976_TN	7	4976_TN	9.420639	12.999778
TACCTCGCAGTAGTGG-4976_TN	0	4976_TN	7.8867574	12.198953
ATTTCTGGTACCCGCA-4976_TN	0	4976_TN	8.368423	10.988511
GTAGCTAAGCATGCAG-4976_TN	0	4976_TN	7.817477	12.740602
AGAACCTTCCTGCCAT-4976_TN	0	4976_TN	6.433138	10.56434
CAGGCCAGTGGTTCTA-4976_TN	0	4976_TN	6.1708083	10.954624
TCGTCCATCCCAGGCA-4976_TN	7	4976_TN	9.859954	13.242391
TCAAGTGCACAAGCAG-4976_TN	0	4976_TN	7.7167206	10.305205
GGGAAGTTCCACTGGG-4976_TN	iCAF	4976_TN	11.731966	15.6570425
TCTCTGGAGTTAGTGA-4976_TN	0	4976_TN	5.326403	11.532409
CAACAACGTACAAGCG-4976_TN	9	4976_TN	9.010332	14.833219
GCTCAAATCTGTGCTC-4976_TN	0	4976_TN	5.7499433	11.667997
CTACCTGGTATGGGAC-4976_TN	9	4976_TN	7.214758	15.289666
TCGATTTCAATAGGGC-4976_TN	7	4976_TN	8.579584	11.897806
TTCCTCTTCTACGCGG-4976_TN	0	4976_TN	7.289763	12.572084
TAAGCGTGTCAAGCGA-4976_TN	0	4976_TN	6.697265	11.404702
TAACCAGTCGGTCGAC-4976_TN	0	4976_TN	5.714556	11.692477
TCGAAGTCAGAAATCA-4976_TN	0	4976_TN	8.609461	11.650131
GTGTCCTGTTCCACAA-4976_TN	8	4976_TN	10.819579	14.480268
CAGAGCCCAGTAGGAC-4976_TN	6	4976_TN	9.384486	9.371792
AACCCAACAGCACAAG-4976_TN	0	4976_TN	7.800031	11.236591
CATTCCGCAGTTGTTG-4976_TN	0	4976_TN	6.203432	12.466048
GACCCAGTCGACGCGT-4976_TN	0	4976_TN	7.903979	10.628282
TGCGGGTTCGGCTCTT-4976_TN	8	4976_TN	12.811616	13.337646
TACGGGCGTACGACAG-4976_TN	0	4976_TN	8.153746	13.184217
TGATTCTAGGGTGAAA-4976_TN	0	4976_TN	6.8258686	9.466923
CGGGACTAGCGCACAA-4976_TN	0	4976_TN	6.9861584	10.911015
GAGAAATAGCAAGTGC-4976_TN	0	4976_TN	7.483993	11.698852
ATTTCACGTGAATTGA-4976_TN	7	4976_TN	8.669456	11.553625
GGGTCTGTCGGTTGTA-4976_TN	iCAF	4976_TN	11.778951	15.482417
AGTCACAGTGCGAGTA-4976_TN	5	4976_TN	7.280852	4.8668623
GGCAGTCCACCCATAA-4976_TN	0	4976_TN	6.8094015	11.009358
TTACCATGTATCCTCC-4976_TN	0	4976_TN	6.64491	11.411482
CGCCATTAGATTGCGG-4976_TN	0	4976_TN	6.175883	11.027173
TAGACTGAGGCGAACT-4976_TN	iCAF	4976_TN	11.00252	15.636025
CCGAACGAGGTCTACT-4976_TN	6	4976_TN	7.6061983	8.392567
CAACGATCATGTGACT-4976_TN	iCAF	4976_TN	11.933394	14.041759
TCCTCCCGTCCGAAGA-4976_TN	iCAF	4976_TN	12.696224	14.057211
CTCCGATAGGGACACT-4976_TN	2	4976_TN	10.076465	1.755005
GCCGTGACAGGCGATA-4976_TN	0	4976_TN	5.4487586	11.63139
TGTCCCAGTCGAACGA-4976_TN	7	4976_TN	8.94403	13.357899
CACAGATAGTACCCTA-4976_TN	0	4976_TN	6.678408	12.58774
CTTCTCTTCCCGTTCA-4976_TN	myCAF	4976_TN	13.070092	7.6568947
GTTACCCAGGTGTGAC-4976_TN	5	4976_TN	6.967795	5.6776733
TGGAACTGTTTGCCGG-4976_TN	iCAF	4976_TN	13.002245	13.726398
GAGATGGTCCGACAGC-4976_TN	iCAF	4976_TN	12.112126	15.650415
CCACGAGGTTGTGCCG-4976_TN	iCAF	4976_TN	11.817042	14.334141
CTGCTCAAGAACGTGC-4976_TN	iCAF	4976_TN	12.779665	15.098627
AGCCAGCTCGAAGGAC-4976_TN	8	4976_TN	11.12751	11.933085
ATCTCTAGTTGACGGA-4976_TN	6	4976_TN	8.058983	9.413982
TCATACTCATAGATGA-4976_TN	7	4976_TN	8.784438	13.174014
TACGCTCCATTGAAGA-4976_TN	11	4976_TN	13.480979	3.8691275
CTACTATGTTTCCCAC-4976_TN	0	4976_TN	8.968676	11.433569
TGGATGTGTCGGTGAA-4976_TN	myCAF	4976_TN	11.412999	7.859393
TCTTTGACACTAGTAC-4976_TN	0	4976_TN	8.449466	9.90079
ACTTTCATCGATACAC-4976_TN	0	4976_TN	8.327434	12.338139
TTGTGTTTCTCCTGAC-4976_TN	7	4976_TN	9.1243515	11.340348
GTTGCGGAGACATGCG-4976_TN	0	4976_TN	7.1318946	11.497099
TTCTTGACAGCCGTTG-4976_TN	7	4976_TN	11.498029	12.91634
TCCAGAACAGACAAGC-4976_TN	0	4976_TN	5.0690546	11.366255
AGGAGGTAGCACCGAA-4976_TN	0	4976_TN	6.760288	11.57036
GACTATGTCCTCACTG-4976_TN	0	4976_TN	8.287354	12.907907
CTATCTATCACGGAGA-4976_TN	7	4976_TN	10.2659025	12.497476
CCCTCTCCACAAAGCG-4976_TN	0	4976_TN	5.6054535	13.158981
GTGAGGATCTCCTACG-4976_TN	iCAF	4976_TN	11.872558	15.889539
AACCAACGTAATGCGG-4976_TN	iCAF	4976_TN	11.533768	14.435756
TTGTTTGCAGACAAGC-4976_TN	iCAF	4976_TN	12.691867	15.121421
GTCGTAAAGGTTAGTA-4976_TN	6	4976_TN	9.290741	9.957213
AGAGAATTCAGCCTCT-4976_TN	0	4976_TN	8.540207	12.7404785
ACGGTTAAGAGGTTTA-4976_TN	0	4976_TN	9.139361	12.162105
TCATATCGTCGTGCCA-4976_TN	0	4976_TN	8.896927	12.652579
ATTCAGGGTGCCGTAC-4976_TN	0	4976_TN	7.429542	11.336689
CGTTGGGAGCCTGTGC-4976_TN	8	4976_TN	11.51864	14.154458
AGGGTTTCAGCACACC-4976_TN	0	4976_TN	7.7189574	11.006707
GTCTGTCAGTTGTCAC-4976_TN	0	4976_TN	5.701088	11.085003
AAGTGAAGTTTAGACC-4976_TN	6	4976_TN	9.10072	7.9548035
CTTCTCTGTATAGGGC-4976_TN	0	4976_TN	7.4883323	10.958186
ACGGTCGCAAGACCGA-4976_TN	0	4976_TN	6.91214	13.209055
ATGGAGGAGTTTAGGA-4976_TN	0	4976_TN	7.55016	11.746075
TCAGGGCTCAATCCGA-4976_TN	0	4976_TN	7.339841	11.246708
ATGATCGAGCCTCTGG-4976_TN	0	4976_TN	6.494298	11.18031
CTGTATTGTCGCCACA-4976_TN	iCAF	4976_TN	10.833376	15.823004
AGGGTTTCAATGTCTG-4976_TN	0	4976_TN	6.4502954	10.074408
GAGGGATTCGTGCACG-4976_TN	0	4976_TN	7.9807544	10.477277
GTCTAGAAGGACAGCT-4976_TN	7	4976_TN	8.779258	12.878893
TGAGGTTTCACCGCTT-4976_TN	8	4976_TN	9.386478	11.897294
GAGCCTGGTGTCCCTT-4976_TN	6	4976_TN	9.774739	9.36935
AGTCATGTCCAGCAAT-4976_TN	0	4976_TN	8.131337	10.018328
CAGAGCCCAAGGGCAT-4976_TN	8	4976_TN	10.844181	12.770055
CGAGTGCTCACCTACC-4976_TN	iCAF	4976_TN	11.370524	16.044222
GAGTTGTCAGGTTCCG-4976_TN	7	4976_TN	10.306437	11.182677
GTGTGGCCAGGTGGAT-4976_TN	0	4976_TN	6.919333	10.798897
TTCGGTCTCATTGAGC-4976_TN	7	4976_TN	9.259162	12.441085
CTACCCACAGGACTAG-4976_TN	0	4976_TN	8.566489	10.805577
CTTACCGGTCGGTGAA-4976_TN	iCAF	4976_TN	13.232388	14.981582
AATCGACAGCAGCAGT-4976_TN	6	4976_TN	7.227112	9.438829
GGGTGTCCAGTAGAAT-4976_TN	0	4976_TN	5.264759	11.227211
GCCGTGATCCCGTGTT-4976_TN	6	4976_TN	7.3413124	7.9374337
ATTCAGGCATAATCGC-4976_TN	iCAF	4976_TN	13.59166	14.237372
TCCGGGAGTATCTCGA-4976_TN	iCAF	4976_TN	13.123793	14.528334
TCCCATGGTTAGAAAC-4976_TN	0	4976_TN	7.6485467	11.374393
CCCTAACGTTCCGCGA-4976_TN	0	4976_TN	8.361579	13.120831
GTGCTTCCAGACTGCC-4976_TN	iCAF	4976_TN	12.699181	14.260475
CTTGAGATCATTCTTG-4976_TN	0	4976_TN	7.1040587	12.363069
TGTGGCGCACAGTGAG-4976_TN	0	4976_TN	7.647516	12.358308
AGATAGACACCAGACC-4976_TN	8	4976_TN	12.129391	13.867667
GCATCGGAGGGTACGT-4976_TN	8	4976_TN	11.902454	12.925977
TTAGGCATCTATACGG-4976_TN	7	4976_TN	9.978987	12.685319
GCCGTGAGTCTTGCGG-4976_TN	iCAF	4976_TN	12.547959	14.56484
GGTCTGGAGATGGCGT-4976_TN	0	4976_TN	6.9960036	10.590944
AGCCACGGTGGACTGA-4976_TN	0	4976_TN	6.785426	12.28619
TATCTTGTCTTCGACC-4976_TN	0	4976_TN	9.2297125	10.090795
GCGAGAAGTGGCTACC-4976_TN	iCAF	4976_TN	11.542344	15.639036
TCATGCCTCAGTGATC-4976_TN	iCAF	4976_TN	11.491906	14.140273
CTTCAATCAGCTGTGC-4976_TN	apCAF	4976_TN	8.664541	-0.5960535
GGGCGTTCACGCTTAA-4976_TN	7	4976_TN	8.967819	13.282828
CAGTTCCAGGAAACGA-4976_TN	0	4976_TN	6.5101323	9.470689
AGTGTTGTCATGGATC-4976_TN	0	4976_TN	7.6753874	10.282861
CGGTCAGAGTACAGAT-4976_TN	iCAF	4976_TN	12.112135	15.36071
TATTGGGTCATGCAGT-4976_TN	7	4976_TN	10.256063	11.982997
TTAATCCGTCTCTCAC-4976_TN	6	4976_TN	6.431679	8.943763
AAGATAGCATTGAGCT-4976_TN	7	4976_TN	10.317159	13.631195
ACAGAAATCGTCGATA-4976_TN	3	4976_TN	10.263826	11.2402115
AGCGATTAGTTCCGGC-4976_TN	iCAF	4976_TN	11.697453	13.59632
ACCTACCCATCTCATT-4976_TN	iCAF	4976_TN	12.316047	14.232051
GATGGAGTCCTGTTGC-4976_TN	7	4976_TN	9.662072	12.329229
CAAGACTAGTAGAGTT-4976_TN	7	4976_TN	9.020355	12.6529875
AGCTCAAGTTTGGCTA-4976_TN	0	4976_TN	8.262717	10.350546
CTAGACAAGTTGTAAG-4976_TN	iCAF	4976_TN	12.320505	13.362949
CGGGTCACAGGGACTA-4976_TN	6	4976_TN	8.382996	8.096038
CTCATCGAGGTAAACT-4976_TN	0	4976_TN	7.920758	10.841591
TCAGCAACAAGGCCTC-4976_TN	6	4976_TN	6.8612046	8.970967
AGCCAGCAGAATAGTC-4976_TN	8	4976_TN	10.2694	14.616823
GCACGGTGTCTTGCGG-4976_TN	myCAF	4976_TN	10.963215	7.599855
TCTCAGCAGCTGGAGT-4976_TN	0	4976_TN	7.510976	12.063075
GCATCTCGTTGGTGTT-4976_TN	iCAF	4976_TN	11.839415	15.495564
AGTAGTCCAGGCCCTA-4976_TN	0	4976_TN	8.417783	11.949835
CTCACTGGTGGCTAGA-4976_TN	7	4976_TN	8.454168	11.722394
TTAGTCTCAGTGTACT-4976_TN	5	4976_TN	8.34352	6.555037
GTGGTTAAGCTTCATG-4976_TN	0	4976_TN	6.918708	10.209568
TGTTCTAAGTCACTAC-4976_TN	iCAF	4976_TN	12.703934	14.208184
GGTAATCAGTGCGACA-4976_TN	7	4976_TN	9.786025	13.311765
AAGGTAAAGCCATATC-4976_TN	8	4976_TN	12.610163	12.366755
TTGATGGAGTTCGCAT-4976_TN	9	4976_TN	8.804375	13.831738
CCCTCAACAAGACCGA-4976_TN	6	4976_TN	8.838781	7.5235023
GTAGTACAGAAATGGG-4976_TN	2	4976_TN	10.783802	0.8344989
GTGGTTATCGTAGTGT-4976_TN	0	4976_TN	5.069237	10.304207
GAGATGGGTTTCGTGA-4976_TN	6	4976_TN	9.994421	8.963783
TCATTGTGTCCCAAAT-4976_TN	iCAF	4976_TN	12.64905	13.86473
TCGTAGACATCGGTTA-4976_TN	0	4976_TN	6.9086785	10.7554865
TCACTCGGTAAGAACT-4976_TN	8	4976_TN	11.826265	11.845011
GGTGTCGGTGCCCACA-4976_TN	iCAF	4976_TN	10.965735	15.903858
TAAGCGTCACCAGTTA-4976_TN	0	4976_TN	7.1475935	9.861055
ATGAAAGAGGGCCCTT-4976_TN	iCAF	4976_TN	12.420916	13.834285
GACGCTGAGCTTAGTC-4976_TN	0	4976_TN	6.1588	12.764168
TAATTCCTCCTCCACA-4976_TN	0	4976_TN	8.173287	12.366204
ACTTCCGTCTGACGCG-4976_TN	0	4976_TN	5.4108734	10.557292
CTGCTCATCTGACCCT-4976_TN	iCAF	4976_TN	9.759607	15.054646
TCGGTCTCATAAGCAA-4976_TN	0	4976_TN	6.845062	10.56974
AGAAGTACAGAAATTG-4976_TN	6	4976_TN	6.902103	8.441786
GGGTCACTCCAAGGGA-4976_TN	8	4976_TN	10.388389	13.793456
TCAGCAACAAAGACGC-4976_TN	7	4976_TN	9.806609	13.0426035
TGGGTTACACAGCGCT-4976_TN	7	4976_TN	10.025243	11.767575
ATGCGATAGCCTTCTC-4976_TN	0	4976_TN	6.5049734	11.29635
AGGAATACAATCGCCG-4976_TN	11	4976_TN	9.952789	5.2977667
GCGTGCATCGAGTGGA-4976_TN	iCAF	4976_TN	10.760319	14.02283
ACAAGCTGTCATTCCC-4976_TN	0	4976_TN	5.1634574	11.010643
CCCGAAGCATAAGATG-4976_TN	myCAF	4976_TN	10.788418	8.149189
GGGAGATCAAGTCCCG-4976_TN	7	4976_TN	11.157986	12.082313
GGGACTCTCTGTAAGC-4976_TN	0	4976_TN	8.256724	11.636796
GATGGAGAGAAACTCA-4976_TN	6	4976_TN	9.730423	8.3035965
CTGAATGCATGAGGGT-4976_TN	6	4976_TN	6.4472346	9.442236
CACCGTTGTAGTGGCA-4976_TN	0	4976_TN	5.9977384	9.950899
AGTACCAAGTCAGAGC-4976_TN	0	4976_TN	6.857628	12.756602
GTGCAGCGTGGTTCTA-4976_TN	0	4976_TN	6.5203032	10.607264
CGGAATTCAGCTATTG-4976_TN	0	4976_TN	7.776919	13.188688
CATGAGTAGCAATAGT-4976_TN	6	4976_TN	6.5503683	8.626291
GTAGGTTCATCATTGG-4976_TN	iCAF	4976_TN	12.572786	15.067278
ACTTTGTTCCAGCCTT-4976_TN	iCAF	4976_TN	11.355504	13.625028
CGTCAAAAGCGAGTCA-4976_TN	0	4976_TN	6.441546	12.553151
GGCTGTGAGGAAACGA-4976_TN	6	4976_TN	7.6892495	9.01866
GGTTCTCCATACCACA-4976_TN	apCAF	4976_TN	9.944881	0.25649688
CCGGACATCATCGCTC-4976_TN	0	4976_TN	7.736332	13.403156
CATAGACAGGAGAATG-4976_TN	0	4976_TN	8.272197	12.4812
AAGACAATCTGTGCAA-4976_TN	0	4976_TN	7.81559	12.6158
TGCATCCAGGTCCAGA-4976_TN	10	4976_TN	1.9130427	5.354904
TCGGGACGTATCAAGA-4976_TN	0	4976_TN	6.349478	11.289467
CTTTCGGCAATACGCT-4976_TN	0	4976_TN	8.095396	10.519578
CCGGGTACACGTCGTG-4976_TN	0	4976_TN	4.942563	11.257614
TTTCACAGTCGCTTAA-4976_TN	3	4976_TN	11.060132	7.876609
TCAGCCTGTCCCTCAT-4976_TN	iCAF	4976_TN	11.594091	14.650141
TACTTGTAGTTACGGG-4976_TN	myCAF	4976_TN	12.566946	6.309219
CGTTCTGCACTCCCTA-4976_TN	7	4976_TN	8.763086	12.755632
ATACCGAAGAGCCGTA-4976_TN	0	4976_TN	7.552729	12.248715
TACTTGTAGTCGCGAA-4976_TN	5	4976_TN	7.489097	5.529084
TGAGGGACATGATCTG-4976_TN	0	4976_TN	7.81862	10.208129
GGAGCAATCAACTTTC-4976_TN	5	4976_TN	7.1630726	5.1076016
AGGACGACATGTGTCA-4976_TN	0	4976_TN	6.4925365	11.467194
TGTTCATAGAAGTATC-4976_TN	9	4976_TN	9.0187845	16.284243
GGTGGCTTCCTGGCTT-4976_TN	7	4976_TN	10.111699	11.955209
AAACCCAGTATCGTGT-4976_TN	iCAF	4976_TN	12.494545	14.754518
TCTTAGTCAACACAGG-4976_TN	10	4976_TN	0.76030964	4.9287734
CTACCTGTCGACCACG-4976_TN	0	4976_TN	7.8784404	11.876364
GTGGGAATCCCAGGCA-4976_TN	6	4976_TN	8.184875	9.051961
ATCGTAGTCCTTCGAC-4976_TN	8	4976_TN	10.325759	14.585167
TTGTTCATCATAGGCT-4976_TN	0	4976_TN	7.7074404	12.905708
CAGATTGAGCAATAGT-4976_TN	0	4976_TN	8.241684	12.7724695
CTTGATTGTTCGGCGT-4976_TN	0	4976_TN	5.0098777	12.425552
GTCGTTCAGCTCGCAC-4976_TN	iCAF	4976_TN	12.288867	14.618333
TGGGAGAGTAACTGCT-4976_TN	0	4976_TN	7.5444617	12.771201
CTGTAGATCTTAGGAC-4976_TN	0	4976_TN	7.969784	12.606016
CGAGGAACACGAGGTA-4976_TN	myCAF	4976_TN	11.691057	8.890158
ATGAGTCTCCATGCAA-4976_TN	myCAF	4976_TN	13.479188	6.2534175
CTCGAGGTCTTCGCTG-4976_TN	7	4976_TN	8.711419	11.715777
AGTACCAGTGCTCTCT-4976_TN	0	4976_TN	5.498251	13.156498
CGGAATTCACCAAATC-4976_TN	10	4976_TN	2.208589	5.2135
CCACTTGTCAGTCATG-4976_TN	myCAF	4976_TN	12.793424	6.6355834
GTGGCGTTCATTTGTC-4976_TN	myCAF	4976_TN	12.0857525	8.548492
GTCTCACAGGTCCGAA-4976_TN	0	4976_TN	6.756692	10.651367
CACATGATCCGTGTGG-4976_TN	0	4976_TN	7.210424	10.97012
CTTTCAAGTCTAACGT-4976_TN	9	4976_TN	6.7777157	15.791633
GGGAAGTAGAGTACCG-4976_TN	0	4976_TN	6.614471	10.913254
TAACGACGTCCAATCA-4976_TN	6	4976_TN	7.313205	8.648516
CATGGTAAGCCATGCC-4976_TN	0	4976_TN	6.214927	12.463362
GTGTCCTAGAGTTGCG-4976_TN	8	4976_TN	12.145181	13.942703
AACCCAATCTTCCCAG-4976_TN	0	4976_TN	7.9096026	13.052894
GTCAAGTGTCTGTTAG-4976_TN	iCAF	4976_TN	9.838932	14.0622
ATTTACCTCGCCGAAC-4976_TN	iCAF	4976_TN	12.208317	15.783223
TATTGCTTCAGTGTGT-4976_TN	0	4976_TN	6.6965446	12.31271
GCGATCGAGGAAGTCC-4976_TN	iCAF	4976_TN	10.1942005	13.994268
TAACCAGGTGTCTTAG-4976_TN	8	4976_TN	11.162815	12.095497
TCAGCAATCTTGCGCT-4976_TN	8	4976_TN	10.839011	13.144622
CGAAGTTAGAGAGCGG-4976_TN	myCAF	4976_TN	10.744313	7.5686088
CATCGTCTCGTCTACC-4976_TN	6	4976_TN	8.129388	8.520186
TCTACCGAGACCTCAT-4976_TN	iCAF	4976_TN	13.663149	14.472073
CCGAACGCATCGTCCT-4976_TN	7	4976_TN	8.933083	12.636752
ATGGGTTCAATGGCCC-4976_TN	0	4976_TN	6.1047683	9.922191
ATCTCTAGTCCTCAGG-4976_TN	myCAF	4976_TN	12.674888	6.882091
GTAATCGGTTGTCATG-4976_TN	7	4976_TN	9.120105	12.447983
CGTGCTTTCATACGGT-4976_TN	7	4976_TN	10.201347	12.408296
AGGGTCCGTCCTGTTC-4976_TN	0	4976_TN	7.103136	10.22049
CACAACATCAAAGAAC-4976_TN	8	4976_TN	11.478952	13.728361
TCGTGCTGTTACGGAG-4976_TN	0	4976_TN	5.241873	11.598699
TACTTGTTCGTAACCA-4976_TN	0	4976_TN	6.635106	12.145578
GAAGCCCTCACGATAC-4976_TN	7	4976_TN	8.955779	13.247602
GGTGATTCAACCACAT-4976_TN	3	4976_TN	10.705366	10.931629
GCACTAATCAGCCTCT-4976_TN	7	4976_TN	9.825724	13.421803
TCATGTTCAGGTGACA-4976_TN	3	4976_TN	11.1452055	10.558787
GATTCTTGTCATTCCC-4976_TN	iCAF	4976_TN	12.714159	15.064006
AAGTCGTTCCCATACC-4976_TN	apCAF	4976_TN	8.960932	-0.68743426
AGAAGTACAAGCTCTA-4976_TN	6	4976_TN	7.5487747	9.2246685
TCGGGACCAGTAGGAC-4976_TN	7	4976_TN	8.381437	11.607471
AGATGAAGTACTCAAC-4976_TN	3	4976_TN	12.021083	10.196849
TCGGGACAGGTCCTGC-4976_TN	0	4976_TN	8.328043	11.873361
GGTGTTAAGGATGGCT-4976_TN	0	4976_TN	8.466297	10.132712
GGTAACTGTCAAGGCA-4976_TN	0	4976_TN	7.9394374	10.96713
AAGCCATTCTTTGCGC-4976_TN	7	4976_TN	8.467784	12.2401705
AAGTGAAAGCTCTGTA-4976_TN	0	4976_TN	6.1329045	11.417688
TCCTAATGTCCCGGTA-4976_TN	9	4976_TN	5.515747	15.821497
TGCGGGTGTAGACTGG-4976_TN	0	4976_TN	5.259593	11.848717
TTCCTAAGTAGGTCAG-4976_TN	7	4976_TN	8.417639	11.373451
GGCACGTAGATGGCAC-4976_TN	iCAF	4976_TN	11.881882	15.447659
TTGGTTTCAGGTACGA-4976_TN	iCAF	4976_TN	11.334198	15.897491
CATTCCGCACGTAGTT-4976_TN	6	4976_TN	7.7788663	8.316536
TCATATCAGTATGAAC-4976_TN	7	4976_TN	10.081942	13.417544
TGAATGCAGCTTGTGT-4976_TN	6	4976_TN	6.8659964	8.850845
AGGTGTTGTCGTGCCA-4976_TN	iCAF	4976_TN	9.742934	14.9494295
ACGTACAAGTATGGAT-4976_TN	iCAF	4976_TN	12.268969	13.298818
TGCATGATCGTGCTCT-4976_TN	7	4976_TN	9.149972	12.930903
TGTTGGAAGGTGTGAC-4976_TN	0	4976_TN	7.3032517	10.788279
ACCTACCAGACGAAGA-4976_TN	0	4976_TN	5.5658092	12.599006
CGGAGAATCCCGAGGT-4976_TN	0	4976_TN	8.141088	13.16253
GGGCTCAGTTGTACGT-4976_TN	0	4976_TN	6.3458977	12.794451
CAGCACGTCAAAGGTA-4976_TN	myCAF	4976_TN	12.193731	6.1723595
ATTTCTGCAGAGTTCT-4976_TN	myCAF	4976_TN	13.557266	7.208896
GACTCTCGTGGTCCGT-4976_TN	7	4976_TN	9.755038	12.8297415
GTGCTTCGTGGACTAG-4976_TN	7	4976_TN	10.123852	11.503939
TCACGGGTCGAGCCTG-4976_TN	6	4976_TN	8.67305	8.597655
TGTGGCGCAGCTATTG-4976_TN	myCAF	4976_TN	12.343492	7.662979
GAAGCGAGTGGCCTCA-4976_TN	iCAF	4976_TN	10.720469	14.701995
ATCGCCTGTCGTATTG-4976_TN	0	4976_TN	6.015237	12.437113
CAATACGAGAGCCGTA-4976_TN	iCAF	4976_TN	10.4990425	15.658849
ACCGTTCGTATGCGGA-4976_TN	6	4976_TN	8.06806	9.562889
CGTAGTATCCTCGATC-4976_TN	iCAF	4976_TN	11.07691	14.508909
GCTTTCGGTCCAATCA-4976_TN	iCAF	4976_TN	12.921445	13.511462
CAATGACGTACGCTTA-4976_TN	0	4976_TN	6.4658446	11.054024
TTCTTCCAGTTGCGAG-4976_TN	myCAF	4976_TN	13.052626	6.07171
TCTGTCGCACGTAGTT-4976_TN	3	4976_TN	6.507365	5.698245
GCCAGGTCAATAGAGT-4976_TN	0	4976_TN	6.0543613	12.054887
TACTGCCGTATCTCTT-4976_TN	0	4976_TN	8.053301	12.612865
TCGAACATCTAAGAAG-4976_TN	3	4976_TN	10.743141	12.188418
TCATGCCAGACCCTTA-4976_TN	9	4976_TN	8.077617	14.850676
TTTACCATCACTGGTA-4976_TN	8	4976_TN	11.283088	11.549821
ATCGTCCGTGCCTAAT-4976_TN	0	4976_TN	8.03278	12.931407
CCGTAGGGTGGGCTTC-4976_TN	0	4976_TN	8.2036495	12.330797
ACCAACATCCCTGTTG-4976_TN	0	4976_TN	5.381137	12.019029
CATCCCAAGTGGTCAG-4976_TN	0	4976_TN	6.8877077	10.422259
GGAATGGAGCGTTAGG-4976_TN	6	4976_TN	7.3231783	8.77743
AGGTTGTGTTAGAGTA-4976_TN	7	4976_TN	9.694432	12.198091
TAATTCCTCATTGCCC-4976_TN	7	4976_TN	9.225918	13.180339
ATGAGGGGTAGATTGA-4976_TN	0	4976_TN	6.472073	12.5665655
ACACCAACATCTCGTC-4976_TN	0	4976_TN	6.752092	11.843408
TATATCCAGATGATTG-4976_TN	0	4976_TN	8.136082	12.511893
ATGAGTCAGTATAGGT-4976_TN	7	4976_TN	9.125543	13.482703
GATGTTGGTAAGATTG-4976_TN	7	4976_TN	10.224018	11.377036
GTGATGTCAACGATTC-4976_TN	apCAF	4976_TN	8.919087	-0.6370871
ACTACGAAGCCTCATA-4976_TN	8	4976_TN	10.306982	11.646548
ACTGTGATCAAGTAAG-4976_TN	0	4976_TN	6.373965	12.206732
GGGAGATAGAGCCATG-4976_TN	8	4976_TN	12.167689	12.682302
CCACGTTGTGATTCAC-4976_TN	0	4976_TN	5.6097236	11.743245
TTTCCTCTCCTGCCAT-4976_TN	0	4976_TN	6.8406696	11.755477
CCCTTAGAGACTCTAC-4976_TN	6	4976_TN	7.698654	9.352141
CTGAGCGCATCCGAGC-4976_TN	5	4976_TN	7.13669	5.032011
GTGTCCTTCCGTTTCG-4976_TN	0	4976_TN	8.929295	10.107813
CACAACAAGTCAGGGT-4976_TN	0	4976_TN	7.470709	12.347082
ACGTAACCAGCTGGTC-4976_TN	apCAF	4976_TN	8.336851	-0.42500368
AACAAGATCGACACTA-4976_TN	7	4976_TN	8.799738	12.807899
GGCGTCAAGGCTGTAG-4976_TN	7	4976_TN	9.922283	12.264401
TGTCCACGTACTGGGA-4976_TN	7	4976_TN	10.21115	12.976836
GTACAGTAGGTCACTT-4976_TN	0	4976_TN	6.3992224	10.37876
AGAACCTGTAAGGTCG-4976_TN	myCAF	4976_TN	11.4354925	6.6817813
ATGCATGGTATACCCA-4976_TN	0	4976_TN	8.18708	11.175584
ACACAGTAGATTGATG-4976_TN	0	4976_TN	7.944657	12.624413
CGTTGGGTCTGCCTCA-4976_TN	myCAF	4976_TN	12.985409	4.9359665
GTCGAATTCTACGGTA-4976_TN	apCAF	4976_TN	9.561312	-0.09921037
GTCTTTATCGTCAACA-4976_TN	11	4976_TN	10.234504	5.594087
AGGGTGAGTTAGGACG-4976_TN	0	4976_TN	7.096364	10.342441
TCAGGGCCAAACCGGA-4976_TN	0	4976_TN	8.038095	13.360654
ACGGTCGCAGCCTTCT-4976_TN	0	4976_TN	8.013976	12.998622
GAGGCCTTCCGTTGGG-4976_TN	10	4976_TN	1.1861383	4.932891
AGACAAAAGAGGCCAT-4976_TN	0	4976_TN	7.7974696	10.743699
TCACAAGTCAGTCAGT-4976_TN	10	4976_TN	1.0133849	5.5076456
ATGGTTGCACCATAAC-4976_TN	9	4976_TN	6.2055683	15.812687
GAGTCATTCTTCACAT-4976_TN	10	4976_TN	1.2523842	5.6574454
TCATTGTTCACAGTGT-4976_TN	0	4976_TN	6.193725	11.605083
ACGCACGCACTCGATA-4976_TN	0	4976_TN	7.7672515	12.421752
AGACCCGTCGTTAGAC-4976_TN	6	4976_TN	8.928917	9.112712
CGATCGGCACATCCCT-4976_TN	8	4976_TN	12.803948	12.990732
TCGCACTTCAAGATAG-4976_TN	0	4976_TN	7.5433397	12.251549
ATGGGAGGTCTGTGCG-4976_TN	7	4976_TN	8.898827	13.45147
CCGGACACAGCGTATT-4976_TN	3	4976_TN	11.111268	10.454617
GACTCAAGTAGAGCTG-4976_TN	0	4976_TN	7.596184	11.1265135
TCGTGCTAGCTTTGTG-4976_TN	5	4976_TN	7.756449	4.466045
CTGCCATCACCGTCGA-4976_TN	myCAF	4976_TN	13.450338	7.479559
CATGGATAGCTGAAGC-4976_TN	3	4976_TN	11.321822	9.683459
CACTGGGAGGGTGGGA-4976_TN	0	4976_TN	7.0060515	10.14941
GCTACAATCCAGGACC-4976_TN	myCAF	4976_TN	11.523688	6.445477
TGTGGCGGTACTCCGG-4976_TN	0	4976_TN	7.5043774	13.168148
TCTCAGCGTCACCGCA-4976_TN	0	4976_TN	6.866329	11.700668
CGAGAAGGTGCAATAA-4976_TN	7	4976_TN	9.235209	12.168617
GAGATGGCATTGAGGG-4976_TN	0	4976_TN	7.4110036	11.897946
TTTGGAGCATCGTTCC-4976_TN	0	4976_TN	8.644908	13.084353
GCAACATGTAGGTTTC-4976_TN	0	4976_TN	7.3465514	10.970247
CGTGATAGTGAGCCAA-4976_TN	6	4976_TN	7.0007176	9.117278
AATCGTGGTGATTAGA-4976_TN	9	4976_TN	7.626639	14.631644
TCTGTCGTCTGCCCTA-4976_TN	6	4976_TN	8.840522	8.120763
GAATAGACACCGCTGA-4976_TN	10	4976_TN	1.1891419	5.5657153
CCTAACCGTGTCCATA-4976_TN	0	4976_TN	6.072439	11.566756
CTTGAGATCCTATGGA-4976_TN	8	4976_TN	12.008287	13.199585
GGAGAACCACGCCACA-4976_TN	0	4976_TN	6.4553027	11.739052
GAGCTGCGTAGATCCT-4976_TN	0	4976_TN	6.728621	11.796116
GTCGTAACAACTCCCT-4976_TN	0	4976_TN	9.244798	13.224088
TTAATCCTCAAGGAGC-4976_TN	0	4976_TN	7.581215	11.873881
AACAAAGAGCCTCTGG-4976_TN	11	4976_TN	11.056327	8.871783
TCACTATTCCCAGGCA-4976_TN	8	4976_TN	9.393311	12.945338
AAACGCTTCAAGCCAT-4976_TN	8	4976_TN	12.551858	13.756994
TTCTAGTGTCGTCAGC-4976_TN	0	4976_TN	8.757354	11.59867
CTGTAGATCACGGACC-4976_TN	8	4976_TN	10.773908	13.602296
AACCTTTAGCGACATG-4976_TN	11	4976_TN	13.414446	3.7387242
GCTTTCGCAGGCTACC-4976_TN	0	4976_TN	7.2121797	10.861367
CTAGGTAAGCCGCTTG-4976_TN	0	4976_TN	7.568731	12.247364
ATCCCTGGTCTTGCTC-4976_TN	iCAF	4976_TN	12.839066	15.048442
CAGTTCCTCTTTGGAG-4976_TN	9	4976_TN	5.8799458	16.153555
TGCGGGTAGGGTTGCA-4976_TN	0	4976_TN	6.5236263	10.911405
CAACCTCTCAAGTCGT-4976_TN	0	4976_TN	6.036644	11.799868
AACCCAATCGCGTCGA-4976_TN	3	4976_TN	12.033336	10.234351
ACCTGAACACCGTCGA-4976_TN	myCAF	4976_TN	12.619046	5.7236547
TAACTTCGTGTCATCA-4976_TN	0	4976_TN	8.286197	11.418997
GTGAGGAAGAGCCGTA-4976_TN	11	4976_TN	13.4176655	4.2501087
AGGGAGTCAACAACAA-4976_TN	7	4976_TN	9.224938	13.119792
CCAATGAAGAGCTGAC-4976_TN	9	4976_TN	9.038387	16.249044
GTGCTTCCAGGAGACT-4976_TN	3	4976_TN	12.125609	10.071152
GCGGATCAGCTCCGAC-4976_TN	iCAF	4976_TN	11.56774	15.778527
TGGAGGATCATGCATG-4976_TN	0	4976_TN	7.2517176	10.284586
GTCGTTCCATGACGTT-4976_TN	8	4976_TN	11.689139	12.946171
GGTTGTATCATGGGAG-4976_TN	0	4976_TN	6.7878227	10.659837
AACCTGAAGCACCTGC-4976_TN	3	4976_TN	12.5594635	9.335653
CGGAACCTCTTCGTGC-4976_TN	3	4976_TN	9.630799	10.233379
TGGTGATTCCTGCCAT-4976_TN	0	4976_TN	6.2833853	11.410556
CACAGATTCTACCAGA-4976_TN	8	4976_TN	11.41309	12.655091
AGGGCTCCATACCAGT-4976_TN	8	4976_TN	12.064812	13.437616
ATCACAGGTGCAATGG-4976_TN	6	4976_TN	7.0887694	9.13876
GCCAGTGTCTGCTAGA-4976_TN	9	4976_TN	7.1103053	16.151281
CATTCCGCACATTGTG-4976_TN	0	4976_TN	4.9747386	12.4534855
TGGTAGTCAGTTACCA-4976_TN	8	4976_TN	11.184999	11.460193
GTACAGTCATGTTACG-4976_TN	0	4976_TN	7.2662625	11.448095
TTCAGGACAGAGTCAG-4976_TN	8	4976_TN	11.483336	13.452655
CTGGTCTTCATGAGGG-4976_TN	0	4976_TN	7.8621416	10.243049
ATATCCTGTAACGGTG-4976_TN	8	4976_TN	11.221717	13.22112
GTAATCGTCGTTACCC-4976_TN	0	4976_TN	7.527726	12.2159
TACGCTCGTGCGGCTT-4976_TN	0	4976_TN	7.3277717	12.514331
TACCCACGTGTAGTGG-4976_TN	3	4976_TN	11.115991	9.402167
GTGTAACGTCCTATAG-4976_TN	myCAF	4976_TN	12.037124	6.1058187
CCTTTGGGTACCGCGT-4976_TN	8	4976_TN	11.448698	13.331318
AATGGAATCTACCACC-4976_TN	0	4976_TN	6.76677	11.490985
AGTGTTGAGTCGCGAA-4976_TN	0	4976_TN	7.7064834	12.90506
GTCTAGACAGTCTGGC-4976_TN	6	4976_TN	8.926832	8.773315
GCGATCGAGCGCATCC-4976_TN	0	4976_TN	7.153166	10.811249
GTTGTGAAGCCGAACA-4976_TN	7	4976_TN	9.129922	13.373283
GTACAGTTCCCTCAAC-4976_TN	0	4976_TN	7.252097	12.089987
TGCACGGGTACGGGAT-4976_TN	7	4976_TN	8.878176	12.293544
GCTGCAGTCACTACGA-4976_TN	0	4976_TN	7.139194	9.915694
AAATGGAAGAGGGTAA-4976_TN	7	4976_TN	11.431536	12.995
AGAACCTTCGATTGGT-4976_TN	8	4976_TN	10.993366	13.885222
TCGTGGGCATTCTCCG-4976_TN	0	4976_TN	8.486456	11.625619
AATGGAATCGCACGAC-4976_TN	3	4976_TN	11.922152	9.7022
TAGGTTGAGACCAGAC-4976_TN	0	4976_TN	5.692427	12.07499
AAAGGGCTCCTACGGG-4976_TN	myCAF	4976_TN	11.253349	7.541376
CCTAAGATCGAGTCCG-4976_TN	0	4976_TN	7.623485	12.758381
ATGAGTCGTCTGTGGC-4976_TN	0	4976_TN	8.019516	12.767547
TGCGACGCAGGAGGAG-4976_TN	9	4976_TN	8.243671	14.7868595
AGTAGTCCAACGATTC-4976_TN	0	4976_TN	7.8903065	10.190973
TATGTTCAGGGAGGGT-4976_TN	0	4976_TN	6.8817587	11.524211
GCGTGCAAGAGGATCC-4976_TN	0	4976_TN	8.426083	13.333988
GTGTTCCAGGGCTAAC-4976_TN	0	4976_TN	7.9755235	12.867534
AAGATAGTCTATCGTT-4976_TN	iCAF	4976_TN	10.617631	15.814781
CAGTTAGTCACTTCTA-4976_TN	iCAF	4976_TN	10.502113	13.842312
TCCAGAATCCTATGGA-4976_TN	0	4976_TN	6.5627475	12.512403
GGTTAACGTAGCACGA-4976_TN	myCAF	4976_TN	12.001631	7.284536
TCCGAAAGTTCCCACT-4976_TN	0	4976_TN	7.873332	11.997365
GTTGTAGGTCGCCTAG-4976_TN	0	4976_TN	7.9605722	11.87174
AACGAAAAGTGGAAGA-4976_TN	0	4976_TN	8.056965	12.67938
TAGGAGGAGAGTCAGC-4976_TN	0	4976_TN	7.834254	10.569963
ATTCAGGTCCTACCAC-4976_TN	0	4976_TN	7.240018	12.1397505
GTGGAGACATCATTTC-4976_TN	10	4976_TN	2.4719887	5.140951
TTCTTGAGTCTCTCCA-4976_TN	7	4976_TN	9.302777	11.69082
ACTGTGAGTGTCTTCC-4976_TN	0	4976_TN	8.061754	13.229385
GGGTGAAAGTTGAATG-4976_TN	0	4976_TN	7.9471436	12.305139
CTTCTAAAGTATGAGT-4976_TN	apCAF	4976_TN	8.557318	-0.023090212
ACTGCAAAGGACAAGA-4976_TN	0	4976_TN	6.8874393	12.702404
AGTGTTGGTTCGGACC-4976_TN	8	4976_TN	10.429608	15.009899
CGGTCAGTCATTCGGA-4976_TN	0	4976_TN	6.180911	12.493455
AAAGAACGTTCGAACT-4976_TN	2	4976_TN	10.096884	4.4919043
TTGTTTGGTGGTCCGT-4976_TN	2	4976_TN	10.581019	2.8595042
AACCAACAGTGCAACG-4976_TN	0	4976_TN	5.982316	9.872971
CGTTAGACAGTCGGTC-4976_TN	0	4976_TN	6.693021	10.865238
AGCTCAATCAACTACG-4976_TN	7	4976_TN	10.930064	11.630192
CACATGATCCAAACCA-4976_TN	0	4976_TN	8.691181	12.660424
TGAGCGCCATGGGATG-4976_TN	8	4976_TN	10.728859	13.900441
GCGATCGTCCTCACGT-4976_TN	9	4976_TN	8.254306	14.797582
AATGAAGCATCATCTT-4976_TN	0	4976_TN	6.4506955	12.283637
GGTGTCGAGTGTCATC-4976_TN	0	4976_TN	7.30773	12.258621
GACTCTCGTCTAGGTT-4976_TN	7	4976_TN	9.880114	11.788018
GGTGTCGGTATCATGC-4976_TN	6	4976_TN	7.5164623	9.149154
AAAGGATCAGCACAAG-4976_TN	0	4976_TN	8.3561325	13.428282
GGATGTTAGACATCCT-4976_TN	apCAF	4976_TN	9.504191	-0.0002799089
TCAGTTTTCGTAATGC-4976_TN	0	4976_TN	6.291868	10.278544
TACGGGCAGCGTCTGC-4976_TN	0	4976_TN	7.9366636	10.5619955
GGGTCACCACAATGCT-4976_TN	8	4976_TN	11.338611	13.676551
TGATGCATCCTAGCTC-4976_TN	8	4976_TN	12.551866	12.494649
GAGAGGTTCCAGTGCG-4976_TN	0	4976_TN	5.0684724	11.841936
CCTCTAGTCGCGTGCA-4976_TN	iCAF	4976_TN	13.163096	14.96731
GATAGCTTCTTTGCAT-4976_TN	7	4976_TN	10.067243	10.389779
TGCTCCAAGTTCAACC-4976_TN	0	4976_TN	6.908881	10.735209
TCGCAGGGTATGACAA-4976_TN	7	4976_TN	8.847609	13.246835
TCACTCGTCTTCGTAT-4976_TN	8	4976_TN	11.188978	13.171639
TTAGGGTAGGGCAGAG-4976_TN	5	4976_TN	8.888469	3.7654884
ACCCAAAGTATCGTGT-4976_TN	7	4976_TN	9.580638	13.5442915
GGCTGTGTCGTGGCGT-4976_TN	apCAF	4976_TN	9.314438	-0.749523
AATGCCAAGCCGTTAT-4976_TN	iCAF	4976_TN	9.954466	15.45626
GTCGTAAGTGTGCTTA-4976_TN	0	4976_TN	7.3697186	12.227195
ACACCAAAGTTGTCAC-4976_TN	7	4976_TN	10.337883	13.367917
GCGTGCATCTAGCATG-4976_TN	0	4976_TN	7.304536	12.063723
CAGGGCTTCCGAAGGA-4976_TN	8	4976_TN	12.4043455	12.401865
ATGCATGCACGACTAT-4976_TN	7	4976_TN	9.125868	12.991164
TCCTTTCGTCGATGCC-4976_TN	9	4976_TN	9.123924	15.35834
TGCATGACACGGTGAA-4976_TN	7	4976_TN	9.021047	13.254722
ACGGTCGGTGTCCACG-4976_TN	0	4976_TN	7.4690437	10.42355
AGAAGCGGTTCCATTT-4976_TN	5	4976_TN	8.066699	5.930212
TTAATCCAGGTCGTAG-4976_TN	9	4976_TN	11.026325	7.7110834
TGCGGGTCATGGAATA-4976_TN	5	4976_TN	6.6833067	5.3578234
TTCAATCTCATGGAGG-4976_TN	7	4976_TN	9.591324	12.997528
GAGTTACGTTGAGTCT-4976_TN	0	4976_TN	6.983081	10.912247
GAGTTGTTCTTGGGCG-4976_TN	2	4976_TN	11.013548	2.5632658
GACTCTCTCCCTTTGG-4976_TN	8	4976_TN	12.473213	12.317091
ACTTCCGCAACAAGTA-4976_TN	0	4976_TN	7.8143625	9.731939
TCATTTGTCCAAGGGA-4976_TN	iCAF	4976_TN	12.493343	14.528434
TGGGCGTAGTTGGCTT-4976_TN	0	4976_TN	8.568734	13.130709
ATTCCTAGTGTACATC-4976_TN	myCAF	4976_TN	11.131994	6.393507
TTCTAGTAGGTGATAT-4976_TN	0	4976_TN	7.1231647	10.640562
CTGAGCGCAAAGACTA-4976_TN	0	4976_TN	6.195938	11.996751
CTGTGGGCAGGTGGAT-4976_TN	7	4976_TN	10.217132	13.519527
AGATGAACAGCGGATA-4976_TN	myCAF	4976_TN	11.672527	7.877057
GATCACACAGGCTACC-4976_TN	9	4976_TN	6.585133	15.729459
TAAGCCAGTGTTATCG-4976_TN	0	4976_TN	6.5612545	13.060453
GTCAAACCACCATAAC-4976_TN	11	4976_TN	10.454314	5.406439
TGACTCCTCCTGGCTT-4976_TN	0	4976_TN	7.3068795	11.718929
TCAAGCAAGGAACGCT-4976_TN	iCAF	4976_TN	9.896742	15.105463
TTTACGTCAATACAGA-4976_TN	6	4976_TN	8.132304	8.111221
AATGGAAGTCTAGGCC-4976_TN	6	4976_TN	8.900858	9.119612
TGAGTCAAGAACGTGC-4976_TN	2	4976_TN	10.190313	1.9798235
GGCTGTGCATCTGGGC-4976_TN	6	4976_TN	7.049488	9.521124
ATTTCTGTCTGTCAGA-4976_TN	iCAF	4976_TN	11.974126	15.466363
TCATGAGGTACAAGCG-4976_TN	iCAF	4976_TN	10.560438	15.461152
TTTACTGAGTATGAGT-4976_TN	0	4976_TN	6.25479	12.19362
CATCCACGTACTGGGA-4976_TN	8	4976_TN	9.804474	12.548683
GAGTTACTCGATGGAG-4976_TN	0	4976_TN	8.249371	13.027606
CCCTCTCAGCGTGAAC-4976_TN	9	4976_TN	8.3836775	15.262733
CCCTTAGGTTCGGGTC-4976_TN	7	4976_TN	9.974195	11.872637
ATCGCCTTCGAGTCTA-4976_TN	0	4976_TN	6.812732	11.144357
GTAGGTTGTAATGCGG-4976_TN	0	4976_TN	8.049587	10.16077
TGGAGAGTCGCGTGAC-4976_TN	9	4976_TN	10.971373	8.426479
GTTCATTCACAGTACT-4976_TN	0	4976_TN	8.193755	12.698799
CCTGCATGTGCCCAGT-4976_TN	7	4976_TN	9.00557	13.052371
TCAAGACAGACTCTAC-4976_TN	0	4976_TN	7.6901646	11.533164
CATACTTAGGATGAGA-4976_TN	0	4976_TN	8.134173	12.822299
GGAGCAATCGGTCTAA-4976_TN	0	4976_TN	6.087304	12.801805
CTCCTCCGTTGGGTTT-4976_TN	0	4976_TN	6.4547048	12.94928
GGATCTAGTGCCCAGT-4976_TN	iCAF	4976_TN	11.666286	15.489303
ATAGACCAGGATTACA-4976_TN	7	4976_TN	9.83882	11.937805
TCGTGGGCAAGACGGT-4976_TN	6	4976_TN	6.6458836	8.917285
GTCGAATCATACGCAT-4976_TN	0	4976_TN	5.4827437	9.799452
GGTCACGTCGATACTG-4976_TN	myCAF	4976_TN	13.451015	6.387595
CGGCAGTAGTAGGCCA-4976_TN	myCAF	4976_TN	13.720276	6.6073375
TCGTCCAGTGGCAGAT-4976_TN	8	4976_TN	12.626524	13.655717
TCAGTCCTCCCTCAAC-4976_TN	8	4976_TN	12.464999	13.459257
TGATGCAAGCATACTC-4976_TN	8	4976_TN	10.730594	14.291892
CAATGACAGTATGTAG-4976_TN	9	4976_TN	9.541351	13.325269
AGCGTCGAGCTACTGT-4976_TN	6	4976_TN	9.6681595	9.612341
TCATGCCAGCGTCAAG-4976_TN	0	4976_TN	8.562732	13.497435
GTTGTCCCATCAGTGT-4976_TN	10	4976_TN	1.1127284	5.4725432
AAGCGAGCATCCTTCG-4976_TN	0	4976_TN	4.90426	12.440863
GGGTAGAAGGGTCACA-4976_TN	6	4976_TN	9.12234	8.728855
ACGGGTCGTCTACGTA-4976_TN	7	4976_TN	8.34871	11.496637
GCCCAGATCTCAAAGC-4976_TN	0	4976_TN	8.64656	13.5262165
GTGGCGTGTATTGACC-4976_TN	11	4976_TN	12.784672	4.3424907
TAACCAGGTTGCTTGA-4976_TN	0	4976_TN	6.8871202	12.168292
AGCGTATGTCATACCA-4976_TN	9	4976_TN	8.547928	14.905093
TACTGCCTCAACCTTT-4976_TN	7	4976_TN	10.787505	12.54169
TAGTGCACAGGTGACA-4976_TN	0	4976_TN	6.415468	12.775305
GTCCTCACAACGACTT-4976_TN	7	4976_TN	9.950815	12.059991
TGAGGAGTCGCGTGAC-4976_TN	9	4976_TN	9.534777	12.237373
ATGATCGCACGCGTCA-4976_TN	7	4976_TN	9.856589	11.752644
CTGCCTATCAGGACAG-4976_TN	2	4976_TN	10.499726	0.672992
CTTGAGATCGAATGCT-4976_TN	7	4976_TN	9.275814	13.4439
CCACCATAGCATAGGC-4976_TN	7	4976_TN	10.270233	11.441017
GAGGGTAGTATCGCGC-4976_TN	0	4976_TN	8.395255	11.324585
GGTCACGCATCGCTGG-4976_TN	2	4976_TN	10.853715	2.6705556
TACCCGTGTACTGACT-4976_TN	2	4976_TN	10.596552	0.6915343
GTGGAGAAGGACAAGA-4976_TN	8	4976_TN	9.77009	12.898583
GAACTGTAGCATCAAA-4976_TN	iCAF	4976_TN	10.018468	13.973167
TCTATCAAGCACCGTC-4976_TN	7	4976_TN	10.573321	12.342495
ACCCTCACAACGTTAC-4976_TN	7	4976_TN	9.674207	11.943268
GGGTTATGTTTGCCGG-4976_TN	0	4976_TN	6.0026217	9.817194
AAGAACATCTGCACCT-4976_TN	0	4976_TN	6.4441566	10.787065
GGATCTATCTTAGCCC-4976_TN	8	4976_TN	9.642987	14.117274
TGTAACGAGCACTAAA-4976_TN	3	4976_TN	12.59145	9.499054
TGTGCGGAGACCAACG-4976_TN	iCAF	4976_TN	12.285016	15.02628
CGGGCATCAACTAGAA-4976_TN	0	4976_TN	6.833864	9.899213
TCGTGCTTCATCACTT-4976_TN	6	4976_TN	8.295627	9.363305
TAACCAGCAAGTCCCG-4976_TN	0	4976_TN	8.455773	11.436179
TCCTCGAGTTCAATCG-4976_TN	5	4976_TN	7.1801805	5.82933
TCGTGGGAGCACGATG-4976_TN	8	4976_TN	13.695161	13.627998
CGGGACTCAAGTAGTA-4976_TN	0	4976_TN	7.0068207	11.619736
GTGGAGAGTCATAAAG-4976_TN	0	4976_TN	7.1712728	12.115194
GGAATGGGTCACAATC-4976_TN	0	4976_TN	6.6392946	11.443696
GTCATTTTCCAGTGTA-4976_TN	0	4976_TN	5.5488367	12.270259
TTCTCTCTCAGTCCGG-4976_TN	0	4976_TN	8.571553	13.255968
GTAACACAGTGATGGC-4976_TN	8	4976_TN	10.614177	14.739043
AATCACGAGACACACG-4976_TN	9	4976_TN	8.923008	14.868232
GCCATGGGTACTAAGA-4976_TN	6	4976_TN	8.984717	10.591528
TAAGTCGTCAGAACCT-4976_TN	myCAF	4976_TN	11.61203	5.315272
CCTTCAGAGCGCCATC-4976_TN	apCAF	4976_TN	8.504948	-0.41064343
TGAATGCTCGGATTAC-4976_TN	9	4976_TN	8.181821	13.458117
AAAGAACGTTTCGATG-4976_TN	9	4976_TN	5.975699	15.513933
GGGAGTAGTATACCTG-4976_TN	9	4976_TN	8.185983	14.055935
GGTAATCAGAACTTCC-4976_TN	iCAF	4976_TN	10.269244	15.316857
CACGGGTGTAATTGGA-4976_TN	9	4976_TN	7.24315	16.608912
TACCGAAAGCGTGTTT-4976_TN	9	4976_TN	5.5729337	16.124506
TCGAACAAGTTCTACG-4976_TN	8	4976_TN	11.444097	11.530173
AGTACCAGTGACAGCA-4976_TN	10	4976_TN	1.3770791	5.4336596
TTCATGTGTGTGTGGA-4976_TN	0	4976_TN	7.543847	11.742451
CTGAGGCCATGCGGTC-4976_TN	0	4976_TN	6.398644	10.849108
ACCCAAAGTATCGGTT-4976_TN	0	4976_TN	7.175183	12.48122
TGGTAGTCAGACCCGT-4976_TN	5	4976_TN	8.330814	5.4107256
TACTTACTCTAGAACC-4976_TN	9	4976_TN	7.8358035	13.56072
TTCTTCCCACTTGGCG-4976_TN	iCAF	4976_TN	11.204656	15.140722
CATTCTAAGTAAACTG-4976_TN	6	4976_TN	9.22361	8.323335
GTCTTTAAGTGACCTT-4976_TN	3	4976_TN	10.595745	7.9994226
TACCCACCAGAGTGAC-4976_TN	7	4976_TN	9.603404	11.791913
CCTGCATCAGGTTTAC-4976_TN	7	4976_TN	9.171848	13.087399
CATAAGCAGTTAGAAC-4976_TN	11	4976_TN	11.628931	4.726792
CTGCTCAGTGATTCAC-4976_TN	0	4976_TN	7.713413	13.316099
CATGCGGAGGAACTCG-4976_TN	9	4976_TN	9.0801735	15.026055
CACACAAAGAAGCTGC-4976_TN	6	4976_TN	9.864463	9.284864
TTGGGCGGTGTGTCCG-4976_TN	0	4976_TN	7.0427527	11.718359
CTTGATTGTGGGTCAA-4976_TN	3	4976_TN	12.677399	10.780431
GCAACCGAGGAGTACC-4976_TN	0	4976_TN	9.00153	13.371258
GGGATCCGTCTGATCA-4976_TN	9	4976_TN	9.090091	15.157874
TCGGATAAGCTGGAGT-4976_TN	9	4976_TN	8.855373	14.834953
CTATCCGCAACCGATT-4976_TN	iCAF	4976_TN	11.257363	14.86966
TCACACCGTCAAGCGA-4976_TN	8	4976_TN	9.972361	14.503133
TTCTAACAGTCACTCA-4976_TN	0	4976_TN	5.808336	12.6128235
TCGACGGAGGAGAGTA-4976_TN	0	4976_TN	6.9989433	13.332836
ATCTTCATCGGTGAAG-4976_TN	10	4976_TN	1.0040287	4.9343567
AGACAAAGTAAGTTGA-4976_TN	8	4976_TN	10.535469	12.880955
TACCGGGAGAGTTGTA-4976_TN	10	4976_TN	1.0736806	5.098542
CACATGACATCGAGCC-4976_TN	6	4976_TN	7.280673	8.879484
GGGCTCAAGATGGCGT-4976_TN	0	4976_TN	6.764397	10.148961
CAGATACGTCGATTAC-4976_TN	7	4976_TN	10.001602	10.609216
TCTACATTCGCTTGCT-4976_TN	6	4976_TN	9.111201	10.719863
AGGGAGTAGCGATTCT-4976_TN	8	4976_TN	10.575122	14.475016
CATTCTATCTGCTAGA-4976_TN	9	4976_TN	5.5111904	16.002403
TGTTTGTTCAGCAGAG-4976_TN	0	4976_TN	7.3493705	10.381256
ATGAGTCCAAGACCGA-4976_TN	0	4976_TN	5.213467	12.052401
AGAGCCCAGTTACTCG-4976_TN	11	4976_TN	9.988471	5.36199
AGACCCGTCGGCTGTG-4976_TN	0	4976_TN	8.231929	13.096115
TCACGCTCATTCAGGT-4976_TN	3	4976_TN	9.915255	9.727621
CCGGACAGTGCGTTTA-4976_TN	5	4976_TN	7.0178714	4.8334064
TATTGGGGTATCGTTG-4976_TN	iCAF	4976_TN	11.815174	14.785338
CCTATCGGTATCGCTA-4976_TN	0	4976_TN	7.825693	10.862517
TTGTTGTAGGTAAGGA-4976_TN	0	4976_TN	6.7005167	12.713444
GCCATGGCAGCCATTA-4976_TN	0	4976_TN	6.823893	11.9201
AGAGAATAGCGGTAAC-4976_TN	9	4976_TN	8.570472	13.733068
TTCATTGCAGCGTGCT-4976_TN	0	4976_TN	6.6835237	11.167446
CACTGTCGTGGTAACG-4976_TN	0	4976_TN	6.248658	11.276966
ATTTACCAGTCTCGTA-4976_TN	iCAF	4976_TN	9.397509	14.455005
TGCATGAAGGCTAACG-4976_TN	10	4976_TN	2.0792646	5.5982943
ATAGAGATCAGCATTG-4976_TN	7	4976_TN	10.257602	12.803295
AGATGCTTCGGTGTAT-4976_TN	iCAF	4976_TN	12.205594	15.276668
CCCATTGTCTTACCGC-4976_TN	iCAF	4976_TN	11.838238	15.133186
ACTGTGACAAGCACAG-4976_TN	0	4976_TN	7.285924	12.673548
AGCGCCAGTCCACACG-4976_TN	0	4976_TN	6.8151746	12.618842
GGAAGTGGTGAGCAGT-4976_TN	9	4976_TN	5.922896	15.588074
TCGCAGGTCGAACTCA-4976_TN	myCAF	4976_TN	12.584974	7.0353518
GCAGTTATCGGTCATA-4976_TN	5	4976_TN	7.7648125	3.282966
GTTACAGAGCCTCGTG-4976_TN	3	4976_TN	9.393866	10.31203
GCCATGGCAATCCAGT-4976_TN	9	4976_TN	8.363709	14.993363
CTCCTTTGTACCCACG-4976_TN	0	4976_TN	8.910026	13.404699
CTTCCTTAGATAACAC-4976_TN	7	4976_TN	9.22705	12.938212
TTCTAGTGTCCCTGTT-4976_TN	0	4976_TN	6.128649	12.407979
CACTGGGAGTACAACA-4976_TN	iCAF	4976_TN	12.802664	13.565896
AAGGAATAGTCCTGCG-4976_TN	8	4976_TN	12.900149	11.993026
TCCCAGTGTGTTCGTA-4976_TN	7	4976_TN	8.928592	12.351844
ACGTCCTTCGACATTG-4976_TN	0	4976_TN	5.3345294	12.654788
GCCGATGAGGTTCTTG-4976_TN	6	4976_TN	8.243498	8.9522
GTCGCGATCCGTAGTA-4976_TN	6	4976_TN	9.006464	10.032106
ATCCACCCAGGACTAG-4976_TN	6	4976_TN	8.444573	8.354224
GAGGGTAGTTTCGCTC-4976_TN	9	4976_TN	8.22497	13.806937
GCGGATCTCACGTAGT-4976_TN	0	4976_TN	6.369814	12.790869
AGGTCATTCGTCCATC-4976_TN	0	4976_TN	7.08589	10.23663
GTCGCGACAATTGAAG-4976_TN	8	4976_TN	11.325017	13.850044
GCCGTGAAGAACCCGA-4976_TN	9	4976_TN	11.202881	6.7378516
CAACGGCAGGTTGAGC-4976_TN	6	4976_TN	7.8791356	8.051778
AGACCCGGTACCTGTA-4976_TN	9	4976_TN	8.514756	14.274162
ACCCTTGAGGGTGAGG-4976_TN	7	4976_TN	10.016743	10.735967
CTCCACACAAACGAGC-4976_TN	0	4976_TN	6.3669453	12.734819
TGTGGCGAGGGACCAT-4976_TN	0	4976_TN	8.768239	13.208834
GGGTAGATCAAACTGC-4976_TN	0	4976_TN	7.2573743	13.007215
TACCCACGTACGACAG-4976_TN	0	4976_TN	6.343683	12.828519
GTATTTCAGCTTTCCC-4976_TN	9	4976_TN	7.7160997	14.323397
CTCAACCAGCAGTACG-4976_TN	iCAF	4976_TN	12.543136	14.988255
TTACAGGTCGGACAAG-4976_TN	9	4976_TN	8.936657	14.715752
ATGGTTGTCTGGTTGA-4976_TN	0	4976_TN	7.715938	12.262587
CCGTTCACATGACAGG-4976_TN	0	4976_TN	8.912021	13.301605
AGAGCCCTCATTTACC-4976_TN	iCAF	4976_TN	11.999995	14.387533
TGGGCTGAGTCGGCAA-4976_TN	6	4976_TN	9.47468	8.71686
CCGATCTAGACCAGCA-4976_TN	0	4976_TN	7.1927886	10.997002
ACACGCGTCCAAGCTA-4976_TN	0	4976_TN	7.5950975	11.61082
TTTCAGTTCAAGTGGG-4976_TN	0	4976_TN	4.964931	12.355475
CTTCGGTAGCTAAGTA-4976_TN	0	4976_TN	7.2007456	12.574749
CATTGTTTCCGATGTA-4976_TN	iCAF	4976_TN	9.561715	13.92552
GACGTTAAGTCACTCA-4976_TN	myCAF	4976_TN	13.308669	7.496282
TCACTATGTACATACC-4976_TN	11	4976_TN	12.083293	5.1465583
TCTACCGCACAGTCAT-4976_TN	11	4976_TN	11.416725	5.7687697
TCGTCCACATCTTTCA-4976_TN	9	4976_TN	8.629601	13.805798
ATGCCTCCAGAGAGGG-4976_TN	iCAF	4976_TN	11.493146	15.844233
GTGTGGCTCGCACGGT-4976_TN	9	4976_TN	8.779528	13.910271
TCGTGGGCAGTTTCAG-4976_TN	0	4976_TN	7.906773	11.832348
GGTGGCTGTCTCCCTA-4976_TN	iCAF	4976_TN	11.835491	14.270927
AGCTCAAGTAAGTTGA-4976_TN	9	4976_TN	9.521341	12.41158
TTCGGTCTCGATCCCT-4976_TN	0	4976_TN	7.464133	12.318159
TCATGAGTCGCGGACT-4976_TN	6	4976_TN	8.669271	8.339894
CTCCCTCGTTCGGACC-4976_TN	7	4976_TN	9.28631	11.226556
TCCCACAGTATGAGAT-4976_TN	0	4976_TN	7.9834347	11.526361
TTCCTCTGTGCTTATG-4976_TN	9	4976_TN	5.6117973	16.177017
TGGTTAGGTGGCACTC-4976_TN	9	4976_TN	8.417189	14.206055
GTGAGGAGTCGTCAGC-4976_TN	0	4976_TN	7.7624483	11.734877
GTGCACGTCAGAGTGG-4976_TN	0	4976_TN	6.409624	11.556656
ATTCACTGTATTGGCT-4976_TN	0	4976_TN	7.8500576	11.62248
TCATGAGGTCACAATC-4976_TN	8	4976_TN	10.424522	13.505368
GGGTATTGTAGGAAAG-4976_TN	myCAF	4976_TN	13.333021	7.147237
GCACGTGCAATTGAGA-4976_TN	8	4976_TN	10.366971	14.800026
GTACAGTTCAGCTTGA-4976_TN	9	4976_TN	9.076678	14.656947
AGCCACGTCAGCGTCG-4976_TN	0	4976_TN	7.1462646	11.048559
CATAGACTCAAAGGAT-4976_TN	myCAF	4976_TN	11.751914	7.861636
CTACCTGGTGCCTGAC-4976_TN	myCAF	4976_TN	12.010525	6.391981
ACGGTTATCGGTATGT-4976_TN	9	4976_TN	6.580055	16.402283
GTTAGACTCCTTACCG-4976_TN	2	4976_TN	10.686158	0.7968591
ACGGAAGAGGATCACG-4976_TN	8	4976_TN	11.825452	12.905685
ATTCCCGTCTGGTTGA-4976_TN	myCAF	4976_TN	11.100491	8.083624
GTAGGAGGTGTGGACA-4976_TN	0	4976_TN	8.650148	13.682164
CCGATCTAGGGCAAGG-4976_TN	7	4976_TN	9.596981	13.920212
CTGGACGGTATGCGGA-4976_TN	10	4976_TN	1.8684967	5.2037992
GACCGTGGTTCGGTAT-4976_TN	7	4976_TN	10.734851	13.419326
TCCCAGTCACGGTAGA-4976_TN	iCAF	4976_TN	9.972354	14.666022
AGAGCAGCACCTTCGT-4976_TN	0	4976_TN	8.366526	11.497817
TGGTACACATTGCCGG-4976_TN	6	4976_TN	8.257715	7.9969482
CATCGTCCAGCTCGGT-4976_TN	9	4976_TN	8.756605	14.573403
TGGGTTAGTCAGCTTA-4976_TN	iCAF	4976_TN	11.692235	14.4139185
GTTGCTCTCAAAGAAC-4976_TN	6	4976_TN	9.561269	8.401615
AGCCAATCAGTCGCTG-4976_TN	0	4976_TN	7.718318	13.003337
TGTCCCAGTCGTGATT-4976_TN	0	4976_TN	6.8212028	13.010797
CAGTTCCCATGTGACT-4976_TN	6	4976_TN	6.846219	8.50964
ACCAAACGTAATTGGA-4976_TN	9	4976_TN	7.8771496	13.550268
GATCATGGTACAGAGC-4976_TN	0	4976_TN	8.405855	13.372213
CACTGGGCAGGCGTTC-4976_TN	7	4976_TN	8.916875	13.261564
CGACAGCTCGGTAACT-4976_TN	0	4976_TN	6.4387555	13.0874195
TTTGGTTGTGAGAGGG-4976_TN	9	4976_TN	9.149484	14.347781
CCTTGTGGTTAGAGTA-4976_TN	0	4976_TN	8.026372	11.621541
ACCAACATCGGTCGAC-4976_TN	0	4976_TN	6.4595	11.679068
TCGTGCTAGGACGCAT-4976_TN	0	4976_TN	6.372286	10.467061
ATTATCCCATGGAACG-4976_TN	8	4976_TN	10.001535	15.167305
ACACCAAGTGCGTTTA-4976_TN	9	4976_TN	9.220221	14.051366
GGGACCTTCCCGTGTT-4976_TN	0	4976_TN	7.768783	11.162337
GGTCTGGTCCATTGCC-4976_TN	9	4976_TN	6.797181	16.354404
TAGAGTCGTTCTGACA-4976_TN	2	4976_TN	10.272712	2.5158315
GTAGGTTCATCCTGTC-4976_TN	9	4976_TN	9.151708	13.285778
CTTTCGGCAGGTTTAC-4976_TN	6	4976_TN	8.368532	8.862494
CATGCAACAGCTGAGA-4976_TN	iCAF	4976_TN	9.393087	14.475394
TTTACCATCCCGGTAG-4976_TN	9	4976_TN	7.6684456	13.016861
CCTCTCCCAATAGGGC-4976_TN	9	4976_TN	6.46773	15.982425
TCTTTGATCACTGGTA-4976_TN	0	4976_TN	7.2820354	13.38961
CTAAGTGAGCATGCAG-4976_TN	7	4976_TN	8.350788	11.710347
GTGTCCTAGCGCCCAT-4976_TN	9	4976_TN	6.2369347	16.788513
GTAATCGGTAGCGTCC-4976_TN	0	4976_TN	6.787522	10.726431
CTGTATTCAAGGACAC-4976_TN	7	4976_TN	8.790346	13.099151
ATAGACCTCTCATAGG-4976_TN	iCAF	4976_TN	10.557586	15.658346
GGTCACGCACAGACGA-4976_TN	iCAF	4976_TN	12.001365	14.418183
GATGATCGTAAGTTGA-4976_TN	myCAF	4976_TN	10.643673	7.841271
AAAGTCCGTGGACTAG-4976_TN	iCAF	4976_TN	10.066326	15.1842575
ACCGTTCAGGTGCATG-4976_TN	iCAF	4976_TN	12.712062	15.192837
ACGGGTCTCAAGGACG-4976_TN	2	4976_TN	10.549999	2.881035
GAAGGGTTCTTCACAT-4976_TN	0	4976_TN	7.3588705	11.905813
TGGAACTAGGAGGCAG-4976_TN	0	4976_TN	8.449223	13.148863
GGGCGTTCATAGCTGT-4976_TN	0	4976_TN	7.288706	11.38576
GGGTGAATCTCCCTAG-4976_TN	0	4976_TN	6.03153	12.175444
GTCGCGATCCATATGG-4976_TN	9	4976_TN	8.477796	14.966193
AGGTGTTCATCTCCCA-4976_TN	9	4976_TN	7.8012075	14.196622
TTATTGCAGGCGAACT-4976_TN	9	4976_TN	7.321734	16.694664
CGGTCAGTCCCAAGTA-4976_TN	iCAF	4976_TN	9.543158	15.232027
TATCAGGGTGCCGTTG-4976_TN	9	4976_TN	7.8301625	13.582264
ACGTACAGTTCCGCTT-4976_TN	iCAF	4976_TN	9.712269	14.84097
CATCCGTAGTACTGTC-4976_TN	7	4976_TN	9.959322	10.690915
ATTCCCGCATCGTTCC-4976_TN	0	4976_TN	7.6267204	12.424023
CCCTCTCGTGGCTGCT-4976_TN	10	4976_TN	1.1289752	5.3280673
ACGTCCTCATTGTCGA-4976_TN	6	4976_TN	6.9466605	8.131851
TGGTTAGTCTAACGGT-4976_TN	9	4976_TN	7.3957896	16.247156
GTTTACTTCCGGTTCT-4976_TN	9	4976_TN	8.593454	15.287972
GAACACTGTACTGCGC-4976_TN	7	4976_TN	8.581146	12.690648
GCCGTGATCCACTTTA-4976_TN	11	4976_TN	11.58736	5.82785
CCGGTGAGTATGGTAA-4976_TN	iCAF	4976_TN	13.580128	13.742123
CGCATGGTCGCCTATC-4976_TN	2	4976_TN	10.61026	3.9620364
TCATGGAGTATGTGTC-4976_TN	0	4976_TN	7.3910065	13.404243
GTTTACTCACAATGCT-4976_TN	8	4976_TN	10.410089	13.948303
GGGTATTGTGATACCT-4976_TN	iCAF	4976_TN	10.21955	15.858727
AACCTGACACTTGAAC-4976_TN	9	4976_TN	8.648196	14.526423
TCAATTCTCCGTTGAA-4976_TN	7	4976_TN	9.69534	11.989929
TAATTCCCACTAAACC-4976_TN	9	4976_TN	7.2607856	16.16356
GTGACGCAGATGTTCC-4976_TN	iCAF	4976_TN	11.417032	14.628824
CTCAGAATCGGACAAG-4976_TN	9	4976_TN	8.26671	14.536274
CACATGACATGTCGTA-4976_TN	9	4976_TN	7.999814	14.483633
GTCGTTCGTCGAGCAA-4976_TN	0	4976_TN	5.9598584	12.026715
CAATTTCAGCAGCACA-4976_TN	11	4976_TN	10.589864	4.9405694
GACCTTCCATACCAGT-4976_TN	7	4976_TN	9.7224865	11.4471
TGAGGTTTCAGGGATG-4976_TN	iCAF	4976_TN	10.188974	15.469276
ATTCGTTTCGTGGACC-4976_TN	9	4976_TN	8.580208	15.74553
CTCCCAATCCGCACTT-4976_TN	0	4976_TN	7.003543	12.521899
CTCCGATAGCTCTGTA-4976_TN	9	4976_TN	9.314652	15.024838
GGAGAACGTGCTCCGA-4976_TN	0	4976_TN	8.143557	11.004745
GACACGCGTGGCATCC-4976_TN	9	4976_TN	8.155441	15.1445
GAGCTGCTCTGGGCGT-4976_TN	9	4976_TN	7.080054	16.246681
CTGGCAGAGGTGTGAC-4976_TN	9	4976_TN	6.8626814	15.56747
ACCCAAATCCCTGGTT-4976_TN	9	4976_TN	8.509023	13.226434
TCATTTGCACCCAATA-4976_TN	9	4976_TN	7.6759458	14.246464
CGATGGCAGCGACTAG-4976_TN	6	4976_TN	6.9784	8.890446
ATAGAGACAACCACAT-4976_TN	7	4976_TN	9.519614	11.8309
AGAAGTAGTCCGGACT-4976_TN	9	4976_TN	6.6478767	15.647564
CGGAATTGTGTCCCTT-4976_TN	0	4976_TN	7.721163	12.076165
GTAACACAGGCTATCT-4976_TN	apCAF	4976_TN	9.042698	-0.45464927
ATTCTACCACCTGAAT-4976_TN	0	4976_TN	7.6784225	12.521369
TCGTCCATCCATTCGC-4976_TN	9	4976_TN	9.453838	14.095228
TCATCCGAGCGTGCCT-4976_TN	7	4976_TN	9.598443	12.00687
ACGGAAGTCACTTGTT-4976_TN	9	4976_TN	9.016389	13.851946
TTGTTTGCAGCTATAC-4976_TN	6	4976_TN	7.7649236	8.457432
AAGCATCCAAGCACAG-4976_TN	myCAF	4976_TN	13.31051	6.82557
AAGTTCGAGTCTGCAT-4976_TN	0	4976_TN	6.029082	12.109752
CATGAGTCAGTCGTTA-4976_TN	9	4976_TN	8.768655	14.665482
AAGTGAAAGCAGGTCA-4976_TN	0	4976_TN	8.219567	11.992651
TCGCTTGAGAGTGTGC-4976_TN	0	4976_TN	8.507038	11.537092
TGTTCCGTCCAGTACA-4976_TN	0	4976_TN	7.7871356	12.149729
GAGTTACGTCGAGCAA-4976_TN	9	4976_TN	8.091027	15.293805
ACACAGTAGTTGTCGT-4976_TN	11	4976_TN	13.514064	3.9985075
GATCCCTTCGCACGAC-4976_TN	9	4976_TN	8.373889	13.735578
TGCAGATTCGAGTACT-4976_TN	0	4976_TN	6.422486	13.0512905
GGGAGTACATAGGAGC-4976_TN	9	4976_TN	9.163355	13.489609
GCCGATGAGATCCAAA-4976_TN	9	4976_TN	8.941822	13.701606
AGACCATCAGTCCCGA-4976_TN	9	4976_TN	7.3876424	15.120411
TGTTGAGGTTCGGACC-4976_TN	9	4976_TN	8.3038645	14.018228
TTACGTTTCGCTTAAG-4976_TN	iCAF	4976_TN	10.013733	15.844349
CGTGATATCAAGTGTC-4976_TN	6	4976_TN	7.353728	8.18654
AGGATAATCCTCACGT-4976_TN	9	4976_TN	7.328542	16.523466
ATTCTACAGACGTCCC-4976_TN	iCAF	4976_TN	12.280416	15.13978
GGTGTTAAGCGAATGC-4976_TN	9	4976_TN	7.319647	14.904833
GAACGTTTCGTCAACA-4976_TN	9	4976_TN	7.018103	15.132005
TGGGATTCACCCAAGC-4976_TN	9	4976_TN	6.572869	16.294424
GGGTTTACAAGACGGT-4976_TN	myCAF	4976_TN	12.145429	5.956309
TGTGATGGTGCGCTCA-4976_TN	0	4976_TN	6.6442842	12.305975
TTGTTGTAGGCGAAGG-4976_TN	9	4976_TN	8.193487	15.144003
CCTTCAGCACTGTGAT-4976_TN	7	4976_TN	9.69842	12.34404
CCTCAACTCGACCTAA-4976_TN	9	4976_TN	6.7007933	13.693367
ACGTTCCGTAACGTTC-4976_TN	11	4976_TN	13.706352	3.7619693
TGACAGTCATGACTAC-4976_TN	9	4976_TN	8.991725	16.283781
TCCTCGAGTAGGAGTC-4976_TN	myCAF	4976_TN	11.102022	6.6625767
ACGTTCCTCACATTGG-4976_TN	9	4976_TN	8.767424	13.71115
CATTCTACAAGTGGAC-4976_TN	9	4976_TN	5.9059653	16.013674
GGGTCACAGTACCATC-4976_TN	9	4976_TN	8.753509	15.848568
CCGTTCAGTCACGCTG-4976_TN	6	4976_TN	7.8613615	8.638095
GGTAACTCAACCACAT-4976_TN	9	4976_TN	8.025264	14.935298
ATCTTCAAGTTATGGA-4976_TN	8	4976_TN	10.231171	14.619314
TGGGCTGCAGCTACTA-4976_TN	0	4976_TN	7.5161505	12.264308
GCAACCGAGGTAGTAT-4976_TN	9	4976_TN	7.4401107	14.667254
GAGTTACCAGCACAGA-4976_TN	9	4976_TN	7.915122	14.26252
CTGAATGAGTAAGGGA-4976_TN	9	4976_TN	7.432618	15.64472
CGTGTCTCAACAGAGC-4976_TN	0	4976_TN	7.6660986	10.833605
TTCGGTCAGGTACTGG-4976_TN	0	4976_TN	7.264211	13.206601
ACCCTCATCTCCCTAG-4976_TN	9	4976_TN	5.9755573	16.640444
TAGTGCAGTCAGATTC-4976_TN	9	4976_TN	7.0512204	16.416143
CGTGTCTCAAGTATCC-4976_TN	0	4976_TN	6.2812204	12.560554
AATGGCTAGGTTACCT-4976_TN	9	4976_TN	7.840408	14.642222
AGTAGTCAGGAAGTCC-4976_TN	9	4976_TN	7.7624426	13.633609
TGGAGAGGTGTTGATC-4976_TN	9	4976_TN	8.279275	15.348643
GGGAAGTAGTCACTGT-4976_TN	6	4976_TN	8.840798	8.093348
CAGAGCCGTGTCTAAC-4976_TN	apCAF	4976_TN	9.315353	0.36811736
CTGTGGGGTAGTGTGG-4976_TN	9	4976_TN	6.3511505	16.655708
AGACAAATCCGATAAC-4976_TN	iCAF	4976_TN	11.97891	13.390663
TTACCATGTGACCGAA-4976_TN	9	4976_TN	8.705286	15.873371
CTCAGAAAGCCGATTT-4976_TN	9	4976_TN	8.816585	15.600634
GACTCTCCACGCTGAC-4976_TN	9	4976_TN	8.967655	15.439363
AAACGAAAGTCATTGC-4976_TN	9	4976_TN	7.266138	14.624052
ATATCCTCAATGGCCC-4976_TN	0	4976_TN	7.5469527	13.978256
TCACGCTCATCCGATA-4976_TN	7	4976_TN	10.20434	12.111598
AGAAGCGCAGTCTTCC-4976_TN	9	4976_TN	8.185013	14.625785
GGAGATGGTGGCATCC-4976_TN	iCAF	4976_TN	9.554985	15.671855
TGAATCGCACTACGGC-4976_TN	9	4976_TN	8.333007	15.47664
AGGACGAGTAGTGGCA-4976_TN	9	4976_TN	8.970044	14.39762
AGCGTATTCAGTGTCA-4976_TN	0	4976_TN	7.5358195	12.895645
TATTTCGTCGCCAACG-4976_TN	9	4976_TN	6.7957015	13.957766
CACAACAAGATTGAGT-4976_TN	9	4976_TN	8.494319	15.466821
CACCGTTGTAGTACGG-4976_TN	9	4976_TN	7.0610147	16.200098
TCTCACGAGGATACGC-4976_TN	9	4976_TN	6.0314803	15.385097
GCGAGAAAGTGTACCT-4976_TN	0	4976_TN	4.990735	12.192792
GGAAGTGGTTGCCGAC-4976_TN	9	4976_TN	8.6122265	14.427566
TCGTGCTTCATAAGGA-4976_TN	iCAF	4976_TN	12.435272	14.695187
GTTACAGGTCGGCACT-4976_TN	9	4976_TN	7.6524663	14.640276
CTCCATGGTAGGAGGG-4976_TN	9	4976_TN	8.621636	15.23319
AGCCAGCTCTGTACAG-4976_TN	11	4976_TN	13.747528	8.792477
ATCGTCCCATATGCGT-4976_TN	myCAF	4976_TN	12.8024235	6.6242013
GCCATGGGTTCGGTAT-4976_TN	9	4976_TN	5.814236	16.564865
TGTCCTGAGTCGCTAT-4976_TN	9	4976_TN	7.947323	14.637782
CCGGTGAGTCACTTCC-4976_TN	9	4976_TN	6.8624816	15.329716
CGGACACGTGCGTGCT-4976_TN	iCAF	4976_TN	9.604445	15.630623
CGCAGGTTCATCCTAT-4976_TN	9	4976_TN	7.313862	13.857369
TCTGGCTGTGAGTAAT-4976_TN	9	4976_TN	8.729039	14.557673
AGTGACTAGTGGTCAG-4976_TN	iCAF	4976_TN	11.976048	14.020915
TACGTCCCAGACGGAT-4976_TN	9	4976_TN	5.6896396	15.907488
CTGTCGTCAGGCCTGT-4976_TN	6	4976_TN	9.178803	7.7775807
CGGGTCACAGATAAAC-4976_TN	10	4976_TN	1.7116169	5.342455
CGGAATTCAGCTAACT-4976_TN	9	4976_TN	8.486322	15.536415
TGTTCCGTCCGCCTAT-4976_TN	9	4976_TN	6.72153	16.51032
CAACCTCAGGTGCTAG-4976_TN	9	4976_TN	5.9249964	16.140245
CAAGACTCAGTCTACA-4976_TN	myCAF	4976_TN	12.757579	5.7353225
CCTTTGGAGTATTAGG-4976_TN	9	4976_TN	6.832212	16.19709
TACCTCGTCCCTAGGG-4976_TN	9	4976_TN	6.515546	16.694271
ACTTTGTAGAACTCCT-4976_TN	9	4976_TN	8.69482	15.4427185
CGTCAAATCATTTACC-4976_TN	9	4976_TN	8.697901	15.633085
ACGTAGTTCAGCTTGA-4976_TN	9	4976_TN	8.013435	13.908228
GACAGCCGTCGATTTG-4976_TN	9	4976_TN	7.5176616	15.008914
AGCATCAGTTCGGCTG-4976_TN	9	4976_TN	6.13652	16.130398
GGAGAACCAGTGGTGA-4976_TN	9	4976_TN	9.42323	14.923394
CTGTAGAGTACCTAAC-4976_TN	9	4976_TN	7.0281386	14.670227
CCATAAGAGCATGAAT-4976_TN	iCAF	4976_TN	12.138236	13.097366
CTCAATTAGCCATTGT-4976_TN	8	4976_TN	9.807463	14.567235
ATGAGGGGTGTTAGCT-4976_TN	9	4976_TN	6.44781	16.63101
TGTACAGGTAGGACTG-4976_TN	9	4976_TN	7.66448	14.617788
CTACCTGTCCCTGGTT-4976_TN	apCAF	4976_TN	9.577069	0.33693466
CCTACGTTCGTAGGGA-4976_TN	9	4976_TN	8.431097	15.822962
GGGAGTACAGCAGGAT-4976_TN	9	4976_TN	7.8892903	14.682686
TTGCGTCTCGTGACTA-4976_TN	9	4976_TN	7.5573297	13.990495
TAGTGCACAGGAACCA-4976_TN	9	4976_TN	7.2166023	15.016675
TAGGTACTCTACAGGT-4976_TN	9	4976_TN	7.544993	14.220276
CCTTGTGTCAGCTGAT-4976_TN	9	4976_TN	6.8889	16.78326
CTAGGTAAGTGCCCGT-4976_TN	9	4976_TN	8.703195	15.486798
TGTGGCGGTTATGGTC-4976_TN	9	4976_TN	6.706679	16.384132
ATCATTCCACTTGTGA-4976_TN	9	4976_TN	7.795222	14.398657
CAACAGTCAAATGAGT-4976_TN	9	4976_TN	6.5698905	16.541979
GGCGTCAAGTTGTACC-4976_TN	9	4976_TN	6.8435955	16.103092
ATTCCCGCACTCCACT-4976_TN	9	4976_TN	7.826776	15.190096
GCACTAAGTGGTACAG-4976_TN	9	4976_TN	7.3047647	15.409381
TTCATGTTCGAGAACG-4976_TN	9	4976_TN	8.773518	14.503921
TGGGAGATCAGAGTTC-4976_TN	0	4976_TN	6.8090644	13.0869055
GAGTTACGTGAATTGA-4976_TN	9	4976_TN	7.8975654	14.7190895
AGGACGACAAGGCAAC-4976_TN	9	4976_TN	8.521291	15.757371
CACACAATCAGGAACG-4976_TN	0	4976_TN	8.69983	10.716032
CCCAACTAGGAACTAT-4976_TN	9	4976_TN	6.9284244	15.372084
GGAATCTAGCTGTGCC-4976_TN	9	4976_TN	6.7073007	16.61196
CGATGGCCAGCGAACA-4976_TN	9	4976_TN	6.7940326	15.591406
GGGTATTCATGACACT-4976_TN	9	4976_TN	6.889456	14.063528
AGTAGTCAGCTCCCTT-4976_TN	9	4976_TN	7.51979	14.744122
GGTGAAGAGTTCGCAT-4976_TN	9	4976_TN	6.8381424	15.218163
ATCGTAGCATCAACCA-4976_TN	9	4976_TN	7.641129	15.855454
CATTGAGGTCCGCAGT-4976_TN	9	4976_TN	7.5777245	14.688251
GGAAGTGGTCTCTCCA-4976_TN	9	4976_TN	7.7427187	14.657726
AGAAATGAGCGTGAAC-4976_TN	9	4976_TN	7.87221	14.816833
CCTTGTGAGTTGAAGT-4976_TN	9	4976_TN	6.4968333	16.591202
TCGCACTAGTTACTCG-4976_TN	9	4976_TN	7.1785355	15.164601
CATAAGCAGCACTAGG-4976_TN	9	4976_TN	7.775177	14.819788
GGAGCAACAATCGCGC-4976_TN	myCAF	4976_TN	12.651874	6.0706515
TCCCATGCAGTCTTCC-4976_TN	9	4976_TN	7.508346	14.167497
TCGGGACGTGGTATGG-4976_TN	9	4976_TN	8.507822	15.9678135
ACGTAACCAGCAGACA-4976_TN	9	4976_TN	7.7194667	14.797155
CTTCGGTCATAGATCC-4976_TN	9	4976_TN	9.686759	13.709751
GATTCGATCGGTTAGT-4976_TN	9	4976_TN	7.186286	14.307888
GCAGTTATCTCCCTAG-4976_TN	9	4976_TN	6.975933	14.504392
CCCATTGGTTTGGAGG-4976_TN	9	4976_TN	8.264817	15.702169
TCAGGTATCGCCTTGT-4976_TN	9	4976_TN	7.8919888	15.347064
GGTAATCTCACCTCAC-4976_TN	myCAF	4976_TN	11.856458	5.757131
AGGATCTGTCAACCTA-4593_TN	10	4593_TN	0.74514055	4.705884
CCGCAAGCAGGAGGTT-4593_TN	10	4593_TN	0.17680061	6.168802
CCATAAGTCAACCCGG-4593_TN	10	4593_TN	2.4187598	4.789147
GATGACTAGACTACCT-4593_TN	10	4593_TN	1.2264622	4.509235
TCCATCGAGGGCAGAG-4593_TN	10	4593_TN	1.6492106	4.3449287
TCCGATCAGGAGTACC-4593_TN	10	4593_TN	1.1400672	4.279655
CCTGTTGGTACTGCGC-4593_TN	10	4593_TN	0.5300888	4.5121183
CATGCTCCATAGCACT-4593_TN	2	4593_TN	12.146438	4.0500283
GCTACCTAGCCTGTCG-4593_TN	10	4593_TN	1.1886839	3.3633912
TACTTGTCAATAGGGC-4593_TN	myCAF	4593_TN	11.897968	4.7097645
TTCTTGACAAGTACCT-4593_TN	10	4593_TN	1.5848502	3.2490728
CATTGTTCAAAGGGTC-4593_TN	myCAF	4593_TN	13.268873	4.7464604
CGAGTTATCTTCGACC-4593_TN	10	4593_TN	2.0103548	4.1570888
ATAGACCTCCTAGCCT-4593_TN	10	4593_TN	2.0295603	3.6396344
TTTACGTCAGGCATTT-4593_TN	10	4593_TN	1.3729391	3.530184
TACGGGCCACGTTGGC-4593_TN	10	4593_TN	1.0803812	3.8021908
TACAACGCAGGGAATC-4593_TN	10	4593_TN	0.814118	4.081825
AAGATAGGTGTAGCAG-4593_TN	5	4593_TN	7.470101	2.3958864
AGTCAACTCGCCTTTG-4593_TN	10	4593_TN	0.57078207	4.2557144
CAGCCAGGTAGGACCA-4593_TN	apCAF	4593_TN	9.367241	0.21266428
GCTTCACGTCTTCATT-4593_TN	10	4593_TN	0.45033672	4.3131504
TACTTACCAGAGGCTA-4593_TN	2	4593_TN	11.785104	3.7178347
ACTGATGGTATCGTTG-4593_TN	10	4593_TN	0.76970446	4.141963
CTTGATTTCACGATAC-4593_TN	10	4593_TN	2.2401254	4.2972565
AATGACCTCCCTCGTA-4593_TN	10	4593_TN	1.2648618	3.2038846
TTTCCTCGTACACTCA-4593_TN	10	4593_TN	1.4638342	3.3586972
GATGACTTCCTCTTTC-4593_TN	10	4593_TN	1.3480226	5.667733
GGGTATTGTTCGAACT-4593_TN	10	4593_TN	2.9441943	4.4281373
CCGAACGGTACTTGTG-4593_TN	10	4593_TN	0.6944294	5.936006
TAACACGGTTGGATCT-4593_TN	5	4593_TN	6.412347	4.3492374
TACCGGGTCATGAAAG-4593_TN	10	4593_TN	0.08526466	6.1425123
TCAGCAAGTCGCTTGG-4593_TN	myCAF	4593_TN	11.994842	4.837365
TATGTTCTCCCTTTGG-4593_TN	10	4593_TN	1.5613784	3.3106232
GTGTGATTCGTTAGAC-4593_TN	10	4593_TN	1.3148739	4.208752
TAGGGTTCAAACAGGC-4593_TN	10	4593_TN	1.7747875	4.1824627
TGATGGTTCGCTGTTC-4593_TN	2	4593_TN	9.290166	2.218964
TTGACCCGTGCCGGTT-4593_TN	10	4593_TN	0.93711907	3.9624488
ACTTATCCACCGTCTT-4593_TN	10	4593_TN	2.229825	4.1949935
CCCTTAGCAAACTGCT-4593_TN	10	4593_TN	1.3837637	4.288117
CTTACCGCATCTTTCA-4593_TN	2	4593_TN	10.492855	2.1667898
GGCTTTCGTAGTCCTA-4593_TN	10	4593_TN	2.2019677	4.2528515
CCTAAGACAGTTCTAG-4593_TN	10	4593_TN	1.6056392	3.5538485
GAGCCTGGTTGCTTGA-4593_TN	2	4593_TN	10.021449	2.038183
GAAATGAGTGTGATGG-4593_TN	5	4593_TN	6.1912317	5.311538
GTAAGTCGTGTCATCA-4593_TN	myCAF	4593_TN	13.228959	6.3360276
ATTATCCCATAGATGA-4593_TN	10	4593_TN	1.0615852	3.4504678
CTGTACCCAACTGAAA-4593_TN	10	4593_TN	1.6877589	4.9719243
GTTGAACTCAGTGCGC-4593_TN	10	4593_TN	1.3658578	3.526691
TATATCCAGCCTTTCC-4593_TN	5	4593_TN	6.821422	3.0587285
CCGAACGCAATAGTCC-4593_TN	myCAF	4593_TN	12.96902	5.776393
CATAAGCGTTGGCCGT-4593_TN	5	4593_TN	8.502489	6.11573
CCAAGCGCAACTGATC-4593_TN	10	4593_TN	2.3004704	4.69116
GGAGCAACAATGACCT-4593_TN	11	4593_TN	13.517654	8.14502
TTCCTAACAGGTTCCG-4593_TN	10	4593_TN	2.725231	4.528608
ACAAAGAGTACAATAG-4593_TN	5	4593_TN	8.29201	4.8132367
TCATTACCATGCACTA-4593_TN	5	4593_TN	6.361195	5.468418
TCCACCACAGTCGCAC-4593_TN	2	4593_TN	8.778132	2.633832
ATTCCATCAGCTTCCT-4593_TN	5	4593_TN	6.290945	4.9839745
AGACAGGGTATCACCA-4593_TN	2	4593_TN	10.16822	3.596043
GCGGATCGTTTGATCG-4593_TN	2	4593_TN	12.378189	4.0809665
CCACCATCACAATCTG-4593_TN	myCAF	4593_TN	13.640047	5.9880667
CATCCACGTACAGAAT-4593_TN	myCAF	4593_TN	11.813066	5.498294
ACTTAGGGTGGTCCGT-4593_TN	10	4593_TN	0.9997971	3.7971232
CGGACACTCATTCGTT-4593_TN	5	4593_TN	6.7473097	5.2013726
ATCCATTTCGAGTCTA-4593_TN	10	4593_TN	2.0526867	3.6068752
GCACTAAAGCTTAAGA-4593_TN	5	4593_TN	7.253683	3.2770808
AGGTTACGTTTCAGAC-4593_TN	10	4593_TN	1.9736689	4.573385
AACAAAGAGCGACCCT-4593_TN	5	4593_TN	8.578579	3.3088264
CCACCATCACAACCGC-4593_TN	5	4593_TN	6.7135525	3.4156005
CGAGAAGAGTTGGCGA-4593_TN	5	4593_TN	7.180215	2.8421464
AACCACATCAAGATAG-4593_TN	myCAF	4593_TN	10.707635	7.281754
GTAATGCGTTCAGTAC-4593_TN	10	4593_TN	1.969419	3.9316688
CCACGAGTCACCTCAC-4593_TN	5	4593_TN	7.277765	3.344493
GGCTGTGGTAGAGCTG-4593_TN	10	4593_TN	1.7753813	4.144232
TGTAGACGTCAAGCCC-4593_TN	5	4593_TN	7.339833	4.094463
AGACACTGTCTTGGTA-4593_TN	2	4593_TN	9.79564	4.75708
CTACGGGTCAACTTTC-4593_TN	apCAF	4593_TN	8.00891	0.4448549
CTGCGAGAGGTCCTGC-4593_TN	5	4593_TN	6.85442	3.8535569
AAGGAATCATTACTCT-4593_TN	myCAF	4593_TN	12.397382	4.722523
AGTAGCTTCACTCCGT-4593_TN	5	4593_TN	7.3941126	3.7638483
CTCAAGAAGTTTGAGA-4593_TN	10	4593_TN	2.3381858	4.1362495
GCAGCCATCCTTATGT-4593_TN	5	4593_TN	7.4521995	4.272612
TTAATCCGTGTCATCA-4593_TN	10	4593_TN	2.4930546	4.5542874
CCACAAATCGTAGTCA-4593_TN	5	4593_TN	6.343865	4.0609164
TCCTTCTGTCCCGGTA-4593_TN	10	4593_TN	2.874816	5.489144
TCATTTGAGGCAATGC-4593_TN	5	4593_TN	7.1359296	2.6255178
TTCCTCTGTTGTTGTG-4593_TN	10	4593_TN	0.11564176	5.9368577
CGAGAAGCACTGAATC-4593_TN	2	4593_TN	10.14933	3.4263668
CCCTGATTCCTGATAG-4593_TN	5	4593_TN	5.819635	4.9413185
ATACTTCGTCAGTTTG-4593_TN	5	4593_TN	6.2862296	4.9339685
TCAATTCCACGAGGAT-4593_TN	2	4593_TN	9.4992075	2.567741
CACGGGTAGGTAGTCG-4593_TN	10	4593_TN	0.94332117	5.853856
TCATGGATCATCAGTG-4593_TN	10	4593_TN	0.42345202	5.8195105
TGGTACAAGTGTACAA-4593_TN	3	4593_TN	10.176152	9.658613
TCATTTGTCTAAGCCA-4593_TN	11	4593_TN	13.150472	4.2583456
TGCTTGCCATTCTGTT-4593_TN	5	4593_TN	6.7725406	3.0304594
TCAGGGCGTGAATAAC-4593_TN	apCAF	4593_TN	7.621325	0.3363335
GTCGAATTCTTACCAT-4593_TN	5	4593_TN	7.548729	3.5350018
AGTGCCGCAAGCGGAT-4593_TN	5	4593_TN	7.803631	4.7014813
TCATCCGAGGTTCCAT-4593_TN	5	4593_TN	6.4528723	3.1064687
CAGGTATCAAATGCTC-4593_TN	myCAF	4593_TN	12.473067	6.381193
ACGTCCTTCATGAAAG-4593_TN	5	4593_TN	7.4991703	3.3426688
AATGGAATCCTACCAC-4593_TN	5	4593_TN	6.1580095	5.0765095
CCACACTAGTCTTCCC-4593_TN	5	4593_TN	7.890763	4.4520807
TCCTTCTCATCTAACG-4593_TN	5	4593_TN	5.847129	4.9738283
GGGTTTAAGGTGGGTT-4593_TN	10	4593_TN	1.0398325	3.7627406
GATGATCTCATTACGG-4593_TN	2	4593_TN	10.000325	2.0168817
GATCCCTCACACCGAC-4593_TN	5	4593_TN	8.572947	5.9551535
CCCAACTAGCAGCCCT-4593_TN	2	4593_TN	10.018385	4.085444
TGACAGTTCCTGCTAC-4593_TN	10	4593_TN	0.16620809	6.1436787
CAGATCACACTCACTC-4593_TN	apCAF	4593_TN	8.74076	1.2131659
TGGTACACATGGCTGC-4593_TN	10	4593_TN	1.9152833	4.681427
CATCAAGAGCAACAGC-4593_TN	5	4593_TN	7.4108686	2.5521026
TCTGCCATCCTGTACC-4593_TN	11	4593_TN	10.558863	5.998714
CTGCTCAGTCACTTCC-4593_TN	5	4593_TN	6.2438173	4.1142764
TCGAACAAGCTCGAAG-4593_TN	myCAF	4593_TN	11.902544	5.362261
GCCCGAAGTATGTGTC-4593_TN	apCAF	4593_TN	7.9011874	0.7041461
GTTCATTGTTAGGACG-4593_TN	10	4593_TN	0.914764	4.492938
AATGAAGCATTGACTG-4593_TN	10	4593_TN	2.143757	5.100837
CGCAGGTAGCAGATAT-4593_TN	myCAF	4593_TN	11.556026	4.8628736
GCAACATGTTAGGAGC-4593_TN	5	4593_TN	7.375321	2.679852
TCAGGTACACACTTAG-4593_TN	myCAF	4593_TN	11.709164	6.1656203
CTCCGATCAGCCCACA-4593_TN	myCAF	4593_TN	10.910215	4.9451447
GATTCTTGTAGGCAGT-4593_TN	5	4593_TN	7.314176	2.408062
GATCCCTCAGTATGAA-4593_TN	5	4593_TN	6.018759	4.966046
TGTGAGTAGAACAGGA-4593_TN	10	4593_TN	0.67646813	5.612029
TGCATGACATCGATCA-4593_TN	myCAF	4593_TN	10.695724	7.86779
CATAGACGTAGGAAAG-4593_TN	2	4593_TN	10.723895	3.7750978
GCCAGGTCAAATTGCC-4593_TN	11	4593_TN	9.5208025	6.120981
TGTTGGATCCGGCAGT-4593_TN	10	4593_TN	1.6647905	3.5720766
GCCCAGATCTTCCAGC-4593_TN	5	4593_TN	6.6702976	3.294704
TGGTAGTCAGACCTGC-4593_TN	10	4593_TN	0.4737171	6.098163
CTCCTCCCAGGTAGTG-4593_TN	myCAF	4593_TN	13.199777	6.4718494
GGGAGTATCGCGGACT-4593_TN	5	4593_TN	7.2405066	4.268892
AGAAGCGCACTGGCGT-4593_TN	5	4593_TN	7.151045	4.8845234
ATTGTTCTCCATTTAC-4593_TN	5	4593_TN	6.5286636	3.606052
AGAGCCCTCACTTTGT-4593_TN	10	4593_TN	1.944112	4.171252
ATGCGATCAAGAGATT-4593_TN	10	4593_TN	0.3408913	5.979534
GATGCTAGTCAGCGTC-4593_TN	5	4593_TN	7.0330033	2.5697174
ACGATGTCAGACAAAT-4593_TN	myCAF	4593_TN	11.8749275	5.259181
GTTACAGCATACCACA-4593_TN	2	4593_TN	11.046549	4.444544
GAGTTGTAGAAGAACG-4593_TN	5	4593_TN	6.30849	4.903948
CAACAGTCAATCGAAA-4593_TN	myCAF	4593_TN	11.75738	5.582624
TCTATACAGACATAAC-4593_TN	myCAF	4593_TN	10.675219	6.7024593
GAGCTGCCATTAAGCC-4593_TN	5	4593_TN	7.560785	4.2843246
CAATCGATCTAGTGTG-4593_TN	10	4593_TN	2.0847418	4.281767
CCGGTGAAGTCTTCCC-4593_TN	2	4593_TN	12.196094	4.375015
ACGCACGGTAAGTAGT-4593_TN	2	4593_TN	10.030585	3.2383912
CCGAACGAGCATGATA-4593_TN	10	4593_TN	0.60964996	4.092293
TGATTTCTCGAACCAT-4593_TN	myCAF	4593_TN	12.65189	5.1013026
GAAGGACAGTCGCTAT-4593_TN	5	4593_TN	7.1802206	2.820526
TACCGAAGTGAGCCAA-4593_TN	10	4593_TN	1.3476675	5.3732057
GACGCTGGTTTCACAG-4593_TN	5	4593_TN	7.230308	2.4515967
CTACCCAGTGCCGAAA-4593_TN	5	4593_TN	6.4842076	3.7130113
GATCCCTGTAAGAACT-4593_TN	apCAF	4593_TN	7.504654	0.46319124
GACCGTGCATCTGCGG-4593_TN	5	4593_TN	6.5212116	4.32987
GAAACCTGTACTCGCG-4593_TN	apCAF	4593_TN	8.90015	0.970113
CTATCTATCTCGTTTA-4593_TN	iCAF	4593_TN	12.22059	12.101405
ACATTTCCAACCGTAT-4593_TN	apCAF	4593_TN	9.223384	0.1828081
CATGCAAAGTCGTTAC-4593_TN	6	4593_TN	10.029188	8.421537
CTGTGAAAGACGGTCA-4593_TN	5	4593_TN	11.738639	4.785504
CCACACTAGTCACGAG-4593_TN	myCAF	4593_TN	12.506967	5.2524176
AACGTCACACATAGCT-4593_TN	2	4593_TN	10.431563	2.7698267
CGAAGTTCAATTGCAC-4593_TN	11	4593_TN	9.920596	5.8948064
CGAGGAAGTATGCTAC-4593_TN	3	4593_TN	11.5746355	9.471018
CTGCCATTCGTCTAAG-4593_TN	5	4593_TN	6.39996	4.7243714
CTCGAGGTCTTAGCTT-4593_TN	2	4593_TN	10.904042	4.55252
ACGATGTCAGTCGCTG-4593_TN	apCAF	4593_TN	8.387178	0.6513568
ACAAAGAGTTCTCACC-4593_TN	myCAF	4593_TN	11.721134	7.8413277
GCAACATTCTAAGCCA-4593_TN	6	4593_TN	9.83015	8.259046
ACGTTCCAGGTGCATG-4593_TN	10	4593_TN	0.6623704	5.8844075
GGGTCTGGTACTGTTG-4593_TN	10	4593_TN	1.043081	5.9649096
TGTGATGCAAGGTCTT-4593_TN	myCAF	4593_TN	11.025417	7.2817106
GCGTGCATCTATACTC-4593_TN	2	4593_TN	9.820379	1.4551839
TCAGCCTCAGTCAGCC-4593_TN	myCAF	4593_TN	12.062206	7.288318
AGCGTATGTACGATCT-4593_TN	myCAF	4593_TN	12.070963	5.5575438
ACTCTCGAGAATAACC-4593_TN	apCAF	4593_TN	7.9902787	0.39206675
ACTTAGGGTGGATACG-4593_TN	apCAF	4593_TN	9.093859	0.7336908
CCCTAACGTCTTGCTC-4593_TN	2	4593_TN	10.340882	5.058506
TTCATTGTCGCGCCAA-4593_TN	5	4593_TN	6.6852217	3.7705164
TCATTACGTGTGTGGA-4593_TN	5	4593_TN	7.1235027	3.2695181
TGCTTGCCAGCTATTG-4593_TN	2	4593_TN	9.213314	1.7283239
AAACCCAGTTGCCAAT-4593_TN	11	4593_TN	11.250494	4.225082
AACAACCTCAGTCATG-4593_TN	5	4593_TN	6.5133314	3.411504
AAGACAATCATAGCAC-4593_TN	myCAF	4593_TN	11.317766	5.6536036
TAAGCACTCGAATCCA-4593_TN	myCAF	4593_TN	12.153535	7.5878086
AACACACAGCGCCTCA-4593_TN	5	4593_TN	7.8700237	4.3470054
GTCACGGTCAGCCTCT-4593_TN	10	4593_TN	0.9711009	5.852994
GAGAAATTCGTGGACC-4593_TN	11	4593_TN	10.626263	5.501436
GTCCACTTCATCACAG-4593_TN	apCAF	4593_TN	8.133898	0.4858629
GTGCACGGTGCCTTTC-4593_TN	2	4593_TN	9.087592	1.920394
AGGCCACTCATGCCGG-4593_TN	10	4593_TN	1.6905668	3.4529803
CAGCACGCATCCTAAG-4593_TN	2	4593_TN	10.738344	3.4996936
GTGTGATGTAGGTGCA-4593_TN	10	4593_TN	0.90339816	3.7470458
ATCGTCCGTCGCTTAA-4593_TN	11	4593_TN	13.66364	4.838369
GTCTGTCCAAAGGTTA-4593_TN	2	4593_TN	9.714669	2.062909
CTTCTCTGTCGTAATC-4593_TN	2	4593_TN	10.595611	4.874869
GATAGCTTCCGCAACG-4593_TN	myCAF	4593_TN	12.66993	8.088611
CTCACTGCAATGGCAG-4593_TN	myCAF	4593_TN	10.607389	7.745873
TGTGAGTCAAGTGTCT-4593_TN	10	4593_TN	1.7869958	4.184439
CTGCCATCATCCGAGC-4593_TN	myCAF	4593_TN	12.51794	6.4149
GTGTTCCAGGAACGCT-4593_TN	3	4593_TN	10.2223625	7.9987373
GTGAGGAAGCAACAGC-4593_TN	10	4593_TN	1.8479626	3.6777825
CTGCCTAAGATGAACT-4593_TN	5	4593_TN	8.5088415	4.9137235
TCCATGCTCATGAGTC-4593_TN	myCAF	4593_TN	11.059804	7.2051463
TTTGACTCATAATGCC-4593_TN	11	4593_TN	9.910628	6.9376354
TTGACCCCATTAAAGG-4593_TN	2	4593_TN	9.740974	1.9797106
AGGGTCCAGCTCACTA-4593_TN	5	4593_TN	6.616024	3.0076642
TACTGCCAGTCATCGT-4593_TN	11	4593_TN	13.537883	4.391677
TTGGTTTCAACGGCCT-4593_TN	6	4593_TN	9.84839	7.65986
AGTGCCGTCGCCTATC-4593_TN	5	4593_TN	8.035087	2.8973155
GGGAGATGTGGTTTAC-4593_TN	11	4593_TN	13.00862	4.20343
AATCGTGGTTCGGTTA-4593_TN	3	4593_TN	10.018811	6.162125
CATGCGGTCTTCGGTC-4593_TN	2	4593_TN	9.523718	2.088708
CTGAATGGTATCGAAA-4593_TN	5	4593_TN	6.4619937	5.7952137
TCCTCGACACCCTAAA-4593_TN	apCAF	4593_TN	7.582989	1.081188
GGTAACTGTGTTATCG-4593_TN	5	4593_TN	6.9845896	4.0344434
TGATGCAGTCAAACGG-4593_TN	11	4593_TN	10.007825	7.5022993
TCATGCCGTTAGAGTA-4593_TN	2	4593_TN	10.854219	3.7455819
TGTGCGGGTAGGTACG-4593_TN	10	4593_TN	1.430708	3.3954332
GGGATCCAGGATTCCT-4593_TN	2	4593_TN	9.346454	2.3905056
TAAGTCGGTGGAGGTT-4593_TN	5	4593_TN	7.333552	4.148853
GGATCTAAGGTCGACA-4593_TN	10	4593_TN	0.6528505	4.6288342
CTGCTCACATGTTACG-4593_TN	myCAF	4593_TN	12.045819	6.2941175
CACAGATTCCCGAGAC-4593_TN	2	4593_TN	10.716844	5.2840185
ATGAGTCAGTACTGTC-4593_TN	myCAF	4593_TN	10.890318	7.3178997
TTTCAGTGTGTTCGTA-4593_TN	10	4593_TN	1.7702955	3.73953
TCAGCCTCAGAGGCAT-4593_TN	myCAF	4593_TN	11.990094	5.668711
CCACAAAAGGAGTATT-4593_TN	5	4593_TN	6.0798235	5.274391
AAGCCATAGGTAAACT-4593_TN	myCAF	4593_TN	12.466253	6.5330534
CTTCAATCAGGGCTTC-4593_TN	2	4593_TN	10.347248	3.4578803
ACTGTCCGTCCAGCCA-4593_TN	apCAF	4593_TN	7.8189363	1.1604313
TTCTTCCCAGGCTATT-4593_TN	11	4593_TN	14.172364	6.1879973
GACTGATGTCGACTGC-4593_TN	8	4593_TN	12.982557	12.898157
AGAACCTCAAGGTCGA-4593_TN	2	4593_TN	10.51104	5.515895
ATGATCGTCGGTGCAC-4593_TN	5	4593_TN	6.862902	3.961462
AAAGGATTCGCGTAGC-4593_TN	myCAF	4593_TN	10.980756	7.031716
CCTCATGTCATCAGTG-4593_TN	apCAF	4593_TN	7.691855	0.11505344
TTGTGGAAGCGACTAG-4593_TN	5	4593_TN	6.0541015	5.3591056
GCCCAGAAGAGAAGGT-4593_TN	11	4593_TN	10.405429	6.2848525
TGTTCTACAACAGTGG-4593_TN	5	4593_TN	6.8989315	2.8340776
TTCTAACTCCGCACGA-4593_TN	5	4593_TN	8.849263	3.7900286
CGAAGGAAGAGTGTTA-4593_TN	5	4593_TN	6.5224037	6.08354
AACGTCATCGCTGATA-4593_TN	10	4593_TN	0.29300207	5.6020174
GAAGCGAGTTACACAC-4593_TN	2	4593_TN	11.990531	3.8560886
AATCGACAGTCGGGAT-4593_TN	11	4593_TN	10.599826	6.155302
TACCGGGTCCTAACAG-4593_TN	myCAF	4593_TN	11.456145	5.6336827
TCAGGGCAGACAGCTG-4593_TN	apCAF	4593_TN	8.011162	0.43882263
TCATACTAGGTCATCT-4593_TN	2	4593_TN	10.551092	4.0087423
GACCAATTCCGATGTA-4593_TN	5	4593_TN	7.89066	3.7663302
GTATTGGAGGATTTAG-4593_TN	5	4593_TN	6.8585362	2.9660244
TTTACTGCAGCAGTTT-4593_TN	2	4593_TN	10.0525675	3.2590723
TCATCATAGATAGCTA-4593_TN	myCAF	4593_TN	11.8896675	6.698368
CTAAGTGTCGAGAGAC-4593_TN	8	4593_TN	13.146098	12.529156
CCGATGGCAGAGAATT-4593_TN	2	4593_TN	10.475334	3.485191
GTTCCGTCAGCAGAAC-4593_TN	2	4593_TN	10.3709	3.644216
CATCCACGTACCAATC-4593_TN	2	4593_TN	10.834847	5.181836
TTTGTTGGTCCAATCA-4593_TN	myCAF	4593_TN	12.111351	6.474333
TCCTTTCAGTTGCCCG-4593_TN	2	4593_TN	10.0196	2.4884334
GTTAGACTCGTACCTC-4593_TN	2	4593_TN	10.189866	5.4159245
TCATTCACATGTCGTA-4593_TN	myCAF	4593_TN	13.520593	5.3198385
GAGAAATTCTAGCAAC-4593_TN	2	4593_TN	9.7460375	3.6027308
GAGTTTGCATACTGAC-4593_TN	10	4593_TN	2.3082051	5.184041
CTAACCCGTAGTACGG-4593_TN	myCAF	4593_TN	11.992863	5.797954
TCTTAGTCACAGAGCA-4593_TN	5	4593_TN	6.6052213	4.079741
TGGAGGATCTGTCCGT-4593_TN	apCAF	4593_TN	8.786529	0.19264552
TTTGATCAGCTGGAGT-4593_TN	5	4593_TN	6.4041524	5.20089
TCGTCCAAGGTACAAT-4593_TN	3	4593_TN	11.36229	8.873369
TTAGGCATCCAAGCTA-4593_TN	2	4593_TN	10.131497	4.6042423
CTGTAGAAGTTTGCTG-4593_TN	6	4593_TN	9.953451	7.8888264
TTACCATCATCCGGCA-4593_TN	5	4593_TN	5.9561815	5.359248
TGCTCGTAGCTAGATA-4593_TN	5	4593_TN	7.255265	2.848674
CTCCTCCCAGAACTAA-4593_TN	myCAF	4593_TN	13.321651	6.308883
GTATTTCAGCGATGAC-4593_TN	2	4593_TN	9.470678	3.690638
GAGTGTTTCTGATTCT-4593_TN	myCAF	4593_TN	10.717025	7.622012
ACCCTTGTCGGCACTG-4593_TN	myCAF	4593_TN	11.900795	7.719592
TTGTTGTCATGCGGTC-4593_TN	2	4593_TN	10.086772	5.035863
AGGATCTCACGTAGTT-4593_TN	apCAF	4593_TN	8.666427	0.5254793
TACTGCCCACAAATCC-4593_TN	11	4593_TN	14.090098	3.316762
CTCCACACACATCCCT-4593_TN	2	4593_TN	10.31768	5.552441
CCAAGCGCAACGCATT-4593_TN	apCAF	4593_TN	9.036131	0.16613896
AAGTGAACAGAGTGTG-4593_TN	3	4593_TN	11.036865	9.8605585
ATGGGAGGTACTGAGG-4593_TN	11	4593_TN	14.068934	3.4669502
GTAAGTCTCGTTCGCT-4593_TN	2	4593_TN	10.506952	4.0167646
CCCGGAATCCACGAAT-4593_TN	2	4593_TN	10.474081	5.061383
GTTATGGAGACGTCGA-4593_TN	2	4593_TN	12.183815	3.8637803
CTGAATGCACATCCCT-4593_TN	myCAF	4593_TN	11.574003	5.0211287
TCCCAGTGTTCCTTGC-4593_TN	11	4593_TN	13.285816	4.429544
CAATCGAGTACGTGTT-4593_TN	apCAF	4593_TN	8.114	0.49489182
CGAGAAGCAGTCGAGA-4593_TN	2	4593_TN	10.383169	5.2700906
GTGACGCCAGTCTACA-4593_TN	apCAF	4593_TN	8.288642	0.6021613
TCGCTCACACATGGTT-4593_TN	3	4593_TN	10.250376	7.9731236
ATTCGTTAGCTCTATG-4593_TN	2	4593_TN	9.205632	1.5671047
GCACGTGAGGTCTTTG-4593_TN	5	4593_TN	8.315543	3.2492528
TTGCCTGTCGCCAACG-4593_TN	2	4593_TN	10.734768	3.2883775
GACTTCCGTATTCTCT-4593_TN	2	4593_TN	10.042736	2.2498274
AAACGCTCAGTATACC-4593_TN	11	4593_TN	10.346941	5.795053
CTTCGGTTCGGTGTTA-4593_TN	apCAF	4593_TN	7.4391727	0.47187755
TGATTTCAGTTTCAGC-4593_TN	10	4593_TN	2.3244686	4.444502
CTCTGGTAGGTGCTAG-4593_TN	2	4593_TN	9.177157	1.068476
CATTGCCCACACCGAC-4593_TN	3	4593_TN	11.213865	9.130125
GTAAGTCAGTATTCCG-4593_TN	myCAF	4593_TN	12.002408	5.8746476
GAGACCCTCAGACCGC-4593_TN	2	4593_TN	10.496934	3.725803
CCAATTTTCCCTCATG-4593_TN	2	4593_TN	9.5317135	1.6823741
ATCCGTCAGCCATCCG-4593_TN	5	4593_TN	8.680741	5.1470423
GTCATGATCCTTATAC-4593_TN	5	4593_TN	9.125633	6.4045773
ACAACCACATGTAACC-4593_TN	5	4593_TN	8.7302	5.208143
TTAATCCAGTCGCTAT-4593_TN	myCAF	4593_TN	12.509409	7.5516
AGTCTCCTCTCCTGTG-4593_TN	5	4593_TN	7.237155	2.5901234
CCTCACACATGACGTT-4593_TN	myCAF	4593_TN	12.721371	7.0626264
TCTTGCGTCAGGTAAA-4593_TN	6	4593_TN	10.200217	8.875489
TATCTGTAGAACTGAT-4593_TN	11	4593_TN	13.912804	3.1247723
CAACGATGTGAGTTTC-4593_TN	5	4593_TN	6.406357	3.8473437
AGTGCCGTCACTACGA-4593_TN	myCAF	4593_TN	13.720634	6.697089
GTAGATCGTAGTTCCA-4593_TN	11	4593_TN	10.174135	5.88724
TCGGGACAGTGCGCTC-4593_TN	myCAF	4593_TN	10.113505	7.2140417
AGTAACCGTCTCTCTG-4593_TN	2	4593_TN	11.797704	3.8458593
TCGAACACAGCACCCA-4593_TN	myCAF	4593_TN	11.728909	5.558088
CGCCATTTCGAGAGCA-4593_TN	myCAF	4593_TN	13.396944	8.014978
CATTGTTCAGATGCGA-4593_TN	2	4593_TN	10.778727	4.4126453
CTACTATTCCGAAATC-4593_TN	apCAF	4593_TN	7.872264	0.4883478
CTACGGGGTGCCTGAC-4593_TN	5	4593_TN	6.315942	4.9603653
CCATCACCAACTGCCG-4593_TN	myCAF	4593_TN	11.576465	5.981817
CTGTGAATCTCTATGT-4593_TN	myCAF	4593_TN	11.703175	4.9343877
ATTTACCCAATCCTAG-4593_TN	myCAF	4593_TN	12.449756	6.515072
CATGAGTCAGTCGAGA-4593_TN	2	4593_TN	9.03332	0.89434654
GGTGTTAAGATTGGGC-4593_TN	2	4593_TN	10.244297	3.8864212
CGAGTTAGTGTTACAC-4593_TN	2	4593_TN	9.80263	2.2198198
TCTGCCAGTAGAATGT-4593_TN	2	4593_TN	10.323183	2.810004
GACCGTGGTCATCCCT-4593_TN	2	4593_TN	10.86678	4.6823397
GCTGCAGCAAGTCCCG-4593_TN	2	4593_TN	9.689108	1.5606935
TTCTAACGTGTGCTTA-4593_TN	5	4593_TN	8.504247	6.596314
CACGTTCTCACCGACG-4593_TN	5	4593_TN	8.949109	6.968781
GTAGGAGTCGATACTG-4593_TN	3	4593_TN	11.474208	9.879779
TCTAACTCAAATTGCC-4593_TN	myCAF	4593_TN	11.046496	7.137216
TTGCTGCTCTGCTAGA-4593_TN	2	4593_TN	9.139984	2.7040696
ACACCAACACGACTAT-4593_TN	2	4593_TN	10.227819	5.2744427
CTGGCAGGTACTGAGG-4593_TN	2	4593_TN	10.189757	2.017481
ATACTTCCATCGAAGG-4593_TN	2	4593_TN	8.827521	1.0596316
ACACGCGCAATTGAGA-4593_TN	6	4593_TN	10.190738	8.204213
AAACGCTCATATAGCC-4593_TN	2	4593_TN	9.569122	2.6760857
CTACATTGTAGGCAAC-4593_TN	myCAF	4593_TN	12.133071	5.654681
GTTGCTCTCTGCGGAC-4593_TN	apCAF	4593_TN	8.498951	0.7412611
GGAGATGTCTTGGTCC-4593_TN	5	4593_TN	7.4569573	2.935769
GGGTATTGTATCGCTA-4593_TN	5	4593_TN	7.5855684	3.8886733
TTGCATTCAGTGACCC-4593_TN	2	4593_TN	10.388951	4.8970976
TGAGCATAGATGCGAC-4593_TN	11	4593_TN	14.430188	7.5929112
CTACTATTCCTTATCA-4593_TN	2	4593_TN	12.757087	2.7813585
CCGCAAGGTCACTGAT-4593_TN	11	4593_TN	10.262006	4.018553
GAAGCCCAGCGGTAAC-4593_TN	2	4593_TN	10.613155	5.1411257
GAGAGGTTCTGGGTCG-4593_TN	5	4593_TN	8.466855	3.1506715
TGCGGCACACAGCGCT-4593_TN	2	4593_TN	11.941277	4.229307
CACGTTCCAAGAGAGA-4593_TN	11	4593_TN	14.112449	6.5518923
TGCTCCAAGCCACCGT-4593_TN	11	4593_TN	9.837825	6.3100314
CGAAGTTTCTTCCAGC-4593_TN	myCAF	4593_TN	11.862316	5.481149
CAGATACGTTAATGAG-4593_TN	5	4593_TN	6.715625	3.3759093
ACCGTTCGTGTGTGTT-4593_TN	myCAF	4593_TN	11.728247	5.519591
GTAATGCTCCATTGTT-4593_TN	2	4593_TN	9.82335	1.8036332
CCAATTTAGCTGCCTG-4593_TN	5	4593_TN	8.177361	2.8228986
ATGATCGGTACAACGG-4593_TN	10	4593_TN	1.1138684	4.0953984
TCCGAAAGTGTTGACT-4593_TN	5	4593_TN	8.640327	4.213569
ACCATTTGTATGAAAC-4593_TN	11	4593_TN	9.894724	6.2023773
GAACTGTGTCATGCAT-4593_TN	2	4593_TN	11.248755	3.9998553
CGTCAAAAGAGTTGCG-4593_TN	5	4593_TN	8.607387	4.9920216
ACATCCCCAATGGCCC-4593_TN	myCAF	4593_TN	11.521635	4.84262
ACTTCCGGTGACATCT-4593_TN	8	4593_TN	12.120259	10.015583
AGGGTCCAGGCCATAG-4593_TN	2	4593_TN	10.604224	4.470316
GCGAGAATCATGCATG-4593_TN	2	4593_TN	11.460677	3.766841
CCCAACTCAACAACAA-4593_TN	2	4593_TN	10.758173	1.9559848
TCGGGACAGTTGCTCA-4593_TN	myCAF	4593_TN	11.356457	5.1109877
TGTAAGCAGATTTGCC-4593_TN	myCAF	4593_TN	11.596129	7.3560166
CATCGTCAGGCATCAG-4593_TN	myCAF	4593_TN	11.770084	4.843142
CCTATCGAGTTACGGG-4593_TN	5	4593_TN	5.962263	4.752583
CATGGATAGCGTTACT-4593_TN	11	4593_TN	13.999172	3.163237
TGCGGCACAAATACAG-4593_TN	5	4593_TN	7.419441	3.6507583
GCGTGCAAGCGACTGA-4593_TN	2	4593_TN	9.379471	2.1793952
TTCCTCTAGGTTGTTC-4593_TN	apCAF	4593_TN	9.779639	0.15304092
ACGGGTCTCAAACGAA-4593_TN	10	4593_TN	2.4988053	4.9013734
CTAACCCAGCCTAGGA-4593_TN	2	4593_TN	11.79739	4.345998
TTGTTGTCAAGGTCTT-4593_TN	myCAF	4593_TN	11.299178	4.9924436
AGAACCTGTTATAGAG-4593_TN	8	4593_TN	11.661304	12.006379
ATACCGATCCATGATG-4593_TN	11	4593_TN	9.900235	6.1725464
TGTCCACGTCCAAATC-4593_TN	5	4593_TN	6.310997	4.114907
AGGACTTAGCTCCATA-4593_TN	5	4593_TN	6.331933	3.9676821
CTCATTAGTGTCCGTG-4593_TN	myCAF	4593_TN	11.229282	7.2021
GTTGTCCTCCTCTCTT-4593_TN	5	4593_TN	6.6211414	2.982628
CTCTCGATCCGTACGG-4593_TN	3	4593_TN	11.99895	9.692254
GAAATGATCTGGGCGT-4593_TN	11	4593_TN	14.049115	3.434119
GGGCTCAGTATCGATC-4593_TN	2	4593_TN	10.036168	1.3064268
CGTTCTGCAATTTCTC-4593_TN	5	4593_TN	6.455916	3.5593178
GAATAGAGTGTAGGAC-4593_TN	apCAF	4593_TN	7.5011487	-0.4630237
CGATGGCCATAGGTTC-4593_TN	3	4593_TN	11.678728	9.162644
AAGCCATGTACGTGAG-4593_TN	2	4593_TN	10.763708	5.152336
TCATCCGTCTGGTGGC-4593_TN	2	4593_TN	12.23826	3.9295588
CTGGCAGTCCTACGGG-4593_TN	5	4593_TN	7.776818	3.2536757
AGTGCCGTCTCTAAGG-4593_TN	myCAF	4593_TN	13.059687	4.7001433
ATTGTTCCAGCGAGTA-4593_TN	11	4593_TN	9.467537	7.5077353
TATATCCTCACCCTTG-4593_TN	5	4593_TN	6.7659574	2.737324
CAAGACTGTGGGTATG-4593_TN	apCAF	4593_TN	7.7606688	-0.24780586
TCAAGCAGTAGGACCA-4593_TN	3	4593_TN	10.250584	8.838388
CTAACTTTCCAATCTT-4593_TN	myCAF	4593_TN	11.052887	5.170457
CCGTTCATCCATTCGC-4593_TN	10	4593_TN	1.2379632	4.61552
ATCCGTCGTACCATAC-4593_TN	3	4593_TN	11.2650795	9.313239
CGTTCTGAGGTCACAG-4593_TN	5	4593_TN	6.358943	4.595514
ACTACGAGTCAAGTTC-4593_TN	iCAF	4593_TN	12.524579	12.085883
AGGCATTGTGCCCGTA-4593_TN	2	4593_TN	11.772639	3.8550963
GCCAGCAGTTAAGAAC-4593_TN	apCAF	4593_TN	7.5737824	0.11867434
CAGTTCCGTCGTAATC-4593_TN	apCAF	4593_TN	7.48985	-0.40113482
ATCGGCGCAAGCGCTC-4593_TN	10	4593_TN	1.674848	5.8147426
TCAGTCCTCCATCACC-4593_TN	2	4593_TN	9.701185	3.819864
TATACCTGTACGCTTA-4593_TN	myCAF	4593_TN	11.777786	6.1451135
CATTGCCGTAGGCAAC-4593_TN	2	4593_TN	10.471319	3.2556741
CCTCAACAGCAATAAC-4593_TN	3	4593_TN	12.166828	9.193665
AAGACTCTCCAAACCA-4593_TN	myCAF	4593_TN	12.845662	7.666326
CTTCCTTTCGTTGTAG-4593_TN	myCAF	4593_TN	13.061609	6.7930255
TGTGAGTTCCTACACC-4593_TN	5	4593_TN	8.124366	5.267224
AGGGTGAGTAGTGATA-4593_TN	2	4593_TN	10.262897	5.3735914
CCTACGTGTACCCGAC-4593_TN	11	4593_TN	13.459954	4.1093497
TTTCCTCTCTGCAGCG-4593_TN	myCAF	4593_TN	11.856658	6.134857
CAACGATTCACAGTGT-4593_TN	10	4593_TN	1.7436548	5.397823
GGTAATCAGTCCGTCG-4593_TN	2	4593_TN	11.591546	4.2182055
AAGACAAGTGGTGATG-4593_TN	10	4593_TN	0.43867972	5.955373
GCCGATGAGCTCCCTT-4593_TN	2	4593_TN	10.223297	4.14082
AACGTCAGTACGCTTA-4593_TN	3	4593_TN	11.418309	8.142521
GTTCATTCAGATGCGA-4593_TN	2	4593_TN	11.568096	2.8933358
GTCATTTGTGCCGAAA-4593_TN	myCAF	4593_TN	11.06156	7.404374
GACAGCCAGCAATTCC-4593_TN	apCAF	4593_TN	8.700785	0.6739504
ATGGATCCACCTATCC-4593_TN	2	4593_TN	9.746277	4.9204044
CTCATTAAGTTACGTC-4593_TN	2	4593_TN	10.112123	1.9998503
TCTAACTGTATTAAGG-4593_TN	2	4593_TN	11.066871	4.8699427
CTCAACCTCTACGGTA-4593_TN	myCAF	4593_TN	13.49152	7.1198144
AATCACGTCTTGCGCT-4593_TN	2	4593_TN	10.064857	2.3883529
TCATTGTGTTCGTGCG-4593_TN	2	4593_TN	10.217054	2.9041872
GTGCTTCTCCATCCGT-4593_TN	2	4593_TN	10.642605	3.2029564
TTCTAGTGTACCTGTA-4593_TN	2	4593_TN	10.479914	5.103876
TCAGGTAAGCTAAATG-4593_TN	11	4593_TN	9.950116	7.816298
GTAATCGAGGCTGTAG-4593_TN	2	4593_TN	10.3034115	1.1132429
CCCTCAACAACGGCTC-4593_TN	2	4593_TN	10.820271	2.3927357
CAGATACAGCATTTCG-4593_TN	2	4593_TN	9.87143	3.0018127
GGAAGTGTCCACCTCA-4593_TN	2	4593_TN	9.329211	0.91242534
ATCTTCATCTGAGCAT-4593_TN	myCAF	4593_TN	10.626129	7.5046887
CCTAACCGTCTCTCAC-4593_TN	2	4593_TN	10.263975	1.5918167
TTACCGCTCAGTCTTT-4593_TN	3	4593_TN	11.298713	9.895584
ATCATTCAGCTGACTT-4593_TN	myCAF	4593_TN	11.530705	5.0054393
TGAACGTAGGTCCGAA-4593_TN	myCAF	4593_TN	13.001514	5.6167474
TATCTTGCATGTTCAG-4593_TN	myCAF	4593_TN	12.447746	6.2140236
CGGGTGTTCGTTCTGC-4593_TN	myCAF	4593_TN	12.604399	7.6273513
GGCAGTCTCAGACCTA-4593_TN	apCAF	4593_TN	7.3939695	-0.016329292
CATTTCAAGGGAGGAC-4593_TN	2	4593_TN	10.570773	4.2765536
GCAGGCTCACATTCTT-4593_TN	11	4593_TN	9.348194	6.01159
TGATGGTCAGGACAGT-4593_TN	apCAF	4593_TN	8.308218	0.348376
TACCGAATCGACGCGT-4593_TN	2	4593_TN	10.283545	4.4135623
TGTGGCGAGTGCACCC-4593_TN	apCAF	4593_TN	7.844165	0.23382714
CGCATAAGTATCATGC-4593_TN	5	4593_TN	8.990536	6.0422773
TCTCTGGAGCATTTGC-4593_TN	2	4593_TN	10.603873	3.5085645
CATGGTAAGTATAGAC-4593_TN	11	4593_TN	10.769911	5.6978307
ACATTTCCACTGAGTT-4593_TN	11	4593_TN	9.966235	5.3684673
AGTTCGAGTGAGCGAT-4593_TN	apCAF	4593_TN	8.665306	0.32300648
GCTTCACGTGTCCAAT-4593_TN	2	4593_TN	10.492516	5.047308
AGACACTAGGTACAGC-4593_TN	myCAF	4593_TN	12.866837	5.022345
ATACCTTGTGCCTGCA-4593_TN	2	4593_TN	9.981958	3.9304276
CCTCTAGCACTGTTCC-4593_TN	2	4593_TN	10.875535	4.1852818
GTTTACTCAGAACGCA-4593_TN	myCAF	4593_TN	12.831267	4.56695
AACAACCTCCCTTCCC-4593_TN	3	4593_TN	10.796924	8.352221
GGATCTACACATCATG-4593_TN	2	4593_TN	9.784907	4.455786
TGCCGAGGTTGGCTAT-4593_TN	2	4593_TN	10.6992855	3.8834307
GATAGCTCACATCATG-4593_TN	2	4593_TN	11.138082	4.1905694
AGGGAGTGTATCGTGT-4593_TN	apCAF	4593_TN	8.306819	0.7881437
CTTTCGGTCCATACAG-4593_TN	11	4593_TN	11.089881	4.7567253
ATCTCTACACTTTAGG-4593_TN	11	4593_TN	10.283316	5.995698
AGCGTATCACGCTGTG-4593_TN	2	4593_TN	10.016279	4.0531344
GTACAGTGTTGCCAAT-4593_TN	3	4593_TN	11.684511	10.100312
GTTACGAGTTCAATCG-4593_TN	apCAF	4593_TN	8.817121	0.26971787
ACGTAACGTGCTTATG-4593_TN	11	4593_TN	12.938297	4.005898
TCAATTCCAATCTCTT-4593_TN	2	4593_TN	10.373455	1.2310127
CAACCAAAGGCATCGA-4593_TN	myCAF	4593_TN	13.155469	7.2412825
CCTACGTTCTACACAG-4593_TN	2	4593_TN	10.993922	4.656411
TCACTCGGTATCGTAC-4593_TN	myCAF	4593_TN	12.974664	7.888043
AGGTCATAGTCCCAAT-4593_TN	11	4593_TN	13.051453	4.8444014
TTAATCCTCACAGAGG-4593_TN	myCAF	4593_TN	13.020114	5.4025126
CTTCCTTTCGCCTCTA-4593_TN	11	4593_TN	9.698116	7.6592116
CATTTCACATTGCCGG-4593_TN	11	4593_TN	10.269925	5.705286
ATTCTACCACACCTGG-4593_TN	3	4593_TN	12.271568	9.306774
TGAATGCCATTGCCGG-4593_TN	5	4593_TN	7.5951753	4.6922913
ATCCATTAGCATTTGC-4593_TN	2	4593_TN	9.675866	3.1822467
CACTTCGCAGGGACTA-4593_TN	6	4593_TN	9.647034	9.043893
TGGGCTGTCCAACTGA-4593_TN	apCAF	4593_TN	7.9357133	0.35090968
CATTCTAAGTTGCGCC-4593_TN	10	4593_TN	1.9608139	4.7662535
CCTCCTCGTCAGTCGC-4593_TN	2	4593_TN	9.699683	2.4663393
TGTAGACCATGTCGTA-4593_TN	11	4593_TN	12.999378	3.7578561
CAATTTCCATACTGTG-4593_TN	6	4593_TN	8.689728	7.7399373
TTACCATCACGTGAGA-4593_TN	3	4593_TN	11.572183	10.26273
GTTCCGTTCATTTACC-4593_TN	2	4593_TN	9.594697	1.4263753
TCTACCGGTTAAAGTG-4593_TN	5	4593_TN	8.475539	3.1873157
ACATTTCAGCGTTAGG-4593_TN	3	4593_TN	11.687636	9.06666
AGTACCAAGGACGCAT-4593_TN	2	4593_TN	9.556772	1.291253
AGGTAGGCAGTAACGG-4593_TN	2	4593_TN	9.747147	2.5732982
GCCATTCGTTTGGAAA-4593_TN	apCAF	4593_TN	8.147044	-0.03012461
GAAGGGTCATTCACCC-4593_TN	2	4593_TN	10.200775	2.462991
GACTGATGTTGAAGTA-4593_TN	2	4593_TN	10.251776	1.9302003
TGACTCCTCAGCGCGT-4593_TN	10	4593_TN	0.18777752	5.0031395
AATGCCAAGCGATGGT-4593_TN	11	4593_TN	10.139814	6.3119864
CAACGATCAAATCAGA-4593_TN	2	4593_TN	10.533202	2.467322
TGCTGAACATGTGTCA-4593_TN	11	4593_TN	10.518158	6.388513
GATCACAAGTCCCAAT-4593_TN	11	4593_TN	12.77432	4.345878
TCTCCGATCTGCGGGT-4593_TN	2	4593_TN	10.198289	1.8219615
GAGGCCTAGATTGGGC-4593_TN	11	4593_TN	13.834099	3.297613
GATTTCTCACTCCGGA-4593_TN	myCAF	4593_TN	11.737327	7.2335134
AGGGCCTCACGATTCA-4593_TN	2	4593_TN	11.09653	4.849772
AGATAGAAGTTGCATC-4593_TN	2	4593_TN	9.474316	2.7455297
GGAGGATGTGTGGTCC-4593_TN	2	4593_TN	11.029029	4.2748632
GTCGAATTCGACACTA-4593_TN	11	4593_TN	10.038118	5.3292027
TTCAGGAAGTTAGTGA-4593_TN	myCAF	4593_TN	12.304651	5.048993
CAGGTATTCTCTGGTC-4593_TN	2	4593_TN	8.950217	1.1621646
CCCTCTCAGCGGGTTA-4593_TN	2	4593_TN	10.515596	3.208071
TATGTTCGTGCCTATA-4593_TN	11	4593_TN	10.413571	5.885688
AACCACACACTAACGT-4593_TN	3	4593_TN	11.711699	9.403401
GTAACCACACAAAGCG-4593_TN	11	4593_TN	9.971221	5.699972
GTGAGTTTCCATCTAT-4593_TN	6	4593_TN	9.254648	7.9518294
GGCTTGGCACCACTGG-4593_TN	11	4593_TN	13.865044	8.162822
TCTGTCGCACAGAAGC-4593_TN	11	4593_TN	10.706749	6.2360306
AAACGAACACTCATAG-4593_TN	2	4593_TN	11.021592	3.102292
ATCGTCCGTAGCGCCT-4593_TN	5	4593_TN	6.3752303	3.7291567
TCGGATAGTTGGGTTT-4593_TN	5	4593_TN	6.6603394	3.2764308
GGTAATCAGAGGTCAC-4593_TN	myCAF	4593_TN	11.534773	5.5613
TCAGTCCTCTAGATCG-4593_TN	myCAF	4593_TN	11.22265	6.2605925
GCACGGTAGTTGAAGT-4593_TN	myCAF	4593_TN	12.924702	6.3572965
ACAAGCTCATCACGGC-4593_TN	apCAF	4593_TN	8.428715	0.52348703
TGTTCTAAGCCGTCGT-4593_TN	5	4593_TN	7.2896867	2.7747955
GAGTGTTAGCTCTATG-4593_TN	myCAF	4593_TN	11.379046	6.6130257
TTGTGTTTCGTCTCAC-4593_TN	myCAF	4593_TN	10.222937	4.5928164
GTGAGCCCATGTGTCA-4593_TN	11	4593_TN	11.066705	4.547928
TCAATTCTCGGTATGT-4593_TN	5	4593_TN	8.411636	5.420021
TGGAGAGAGGTCTACT-4593_TN	2	4593_TN	10.060547	2.5894485
AGATGCTGTCTCAGGC-4593_TN	iCAF	4593_TN	12.72651	12.489717
CCCTAACAGGCAGCTA-4593_TN	myCAF	4593_TN	12.773291	6.668773
GCACATAGTGACTGTT-4593_TN	5	4593_TN	8.829907	6.1176777
GTAAGTCTCTAACGCA-4593_TN	7	4593_TN	9.364325	11.035317
CGAAGGACACAGCGCT-4593_TN	3	4593_TN	9.948498	9.97311
TTGCTGCAGCTGCGAA-4593_TN	11	4593_TN	10.981411	5.1462984
GAAGCGACAGACACAG-4593_TN	5	4593_TN	5.705218	4.4140544
GACCAATCAGTCAACT-4593_TN	6	4593_TN	9.728521	8.932015
ATAGACCGTAACCAGG-4593_TN	myCAF	4593_TN	12.829355	6.0861917
GGCTTTCTCTCCGATC-4593_TN	myCAF	4593_TN	13.381187	6.5853896
GGGTTATTCGCGATCG-4593_TN	2	4593_TN	9.648103	1.7346957
AGAAGTAGTCGCGTTG-4593_TN	2	4593_TN	9.434183	2.305498
TTGACCCTCTTAGCAG-4593_TN	2	4593_TN	11.284834	4.6671333
GCCTGTTCAGTGACCC-4593_TN	myCAF	4593_TN	13.126352	5.4833736
AGTGTTGTCTACTTCA-4593_TN	myCAF	4593_TN	11.423864	7.4561253
CCTAAGACAGGGTTGA-4593_TN	2	4593_TN	10.052532	1.7619867
ATCTCTACATCGAAGG-4593_TN	myCAF	4593_TN	11.317118	7.804735
CACATGATCAAGAATG-4593_TN	2	4593_TN	10.647832	1.3211448
CAGGCCAGTATGCTAC-4593_TN	myCAF	4593_TN	12.955022	5.9124603
GGTAATCGTCATCGGC-4593_TN	10	4593_TN	1.2917998	4.8036866
GTTGTAGCATTGAGGG-4593_TN	2	4593_TN	11.217468	4.412574
CACTGAATCATGAAAG-4593_TN	3	4593_TN	10.648237	6.5100064
GACTGATAGAATACAC-4593_TN	apCAF	4593_TN	9.478787	-0.15296641
TTCAATCCAAGACTGG-4593_TN	2	4593_TN	10.7637615	2.5703003
CAAAGAAGTGCCGGTT-4593_TN	myCAF	4593_TN	12.756451	8.075736
GATGTTGCAGTTACCA-4593_TN	11	4593_TN	10.903362	5.8926907
CCATCACTCAAAGGTA-4593_TN	3	4593_TN	10.242783	9.37373
ACGTTCCCAGACGATG-4593_TN	myCAF	4593_TN	10.592982	5.723507
GTAACCATCAAAGACA-4593_TN	apCAF	4593_TN	8.707927	0.3467581
GTTACCCTCAGTGGGA-4593_TN	myCAF	4593_TN	10.840913	6.1303988
TGAACGTAGTCATTGC-4593_TN	myCAF	4593_TN	12.123525	6.222365
ACATCGACACATTCTT-4593_TN	5	4593_TN	7.7604337	4.248553
TTGACCCCAAATGGTA-4593_TN	5	4593_TN	7.5110717	4.5551915
AATCGTGAGACGGTTG-4593_TN	myCAF	4593_TN	11.611248	7.913371
CACGTGGAGGAAAGGT-4593_TN	2	4593_TN	10.796671	2.0889676
GTTCTATCACCGTACG-4593_TN	myCAF	4593_TN	11.017778	5.680482
AGGGTCCTCGTGGTAT-4593_TN	5	4593_TN	7.3670926	4.751996
AGACAAAAGATTGCGG-4593_TN	myCAF	4593_TN	12.75013	6.257595
GCGAGAAGTTGCTGAT-4593_TN	myCAF	4593_TN	11.46379	5.063705
CCATCACGTAGCGCTC-4593_TN	0	4593_TN	8.778892	10.998351
TTGCTGCTCGTCCTCA-4593_TN	5	4593_TN	7.8655634	2.7940347
TGATCAGGTCGTCAGC-4593_TN	0	4593_TN	6.2865777	10.541779
CCATAAGCACTCTAGA-4593_TN	2	4593_TN	10.250935	4.423931
GTAATCGTCTGGGAGA-4593_TN	2	4593_TN	10.072473	4.382262
ATTTACCAGCTTTCCC-4593_TN	8	4593_TN	12.350645	11.149724
TGTGAGTGTTGCATGT-4593_TN	2	4593_TN	10.114129	0.807302
TCAGGTACAACTCCAA-4593_TN	apCAF	4593_TN	8.786904	0.45450082
AGAGAGCAGTGGCGAT-4593_TN	3	4593_TN	11.08943	9.633587
AATTTCCGTGAGCTCC-4593_TN	myCAF	4593_TN	10.876856	7.192147
TTGTTGTCAACTCCCT-4593_TN	5	4593_TN	7.418513	2.3005476
GTCTGTCAGGACAGCT-4593_TN	2	4593_TN	9.375585	2.1522315
AATGCCACACGTCATA-4593_TN	iCAF	4593_TN	13.459908	13.35724
CCGGACAGTGAACGGT-4593_TN	2	4593_TN	10.765311	3.0163941
GTTGAACCATCATCCC-4593_TN	myCAF	4593_TN	12.484327	6.1448584
CTGCATCCAAACCGGA-4593_TN	2	4593_TN	9.79072	1.5227602
TATCGCCAGGTTCATC-4593_TN	11	4593_TN	10.594772	5.0735455
TGTGCGGCAAATAAGC-4593_TN	5	4593_TN	6.6340156	4.6522326
TTTATGCTCGGCATAT-4593_TN	2	4593_TN	11.892725	3.866656
CCGCAAGTCAAGCCCG-4593_TN	2	4593_TN	9.959219	1.7985203
GAAGCGAAGTAGACAT-4593_TN	11	4593_TN	12.019083	5.3600955
CTTCTCTGTGATAGTA-4593_TN	6	4593_TN	9.102228	8.465394
GCTTGGGCATGACGTT-4593_TN	11	4593_TN	10.047471	5.460434
TTGTGGATCTGTTGGA-4593_TN	2	4593_TN	9.337327	1.3981504
GGGACAACACGGTGTC-4593_TN	5	4593_TN	7.450904	4.5721865
GAATCACAGCAACAGC-4593_TN	11	4593_TN	9.78169	6.3598943
ACTCCCATCTGCGGCA-4593_TN	2	4593_TN	10.052746	4.51856
GCGGAAAGTTTACTGG-4593_TN	6	4593_TN	9.43145	8.032235
TTAGGCACATATGCGT-4593_TN	2	4593_TN	9.555469	1.7189223
ACGTACATCCAAGGGA-4593_TN	2	4593_TN	9.744103	2.7188787
TTCACCGAGATACGAT-4593_TN	6	4593_TN	8.567659	8.273836
CTCCCAAAGCTACTAC-4593_TN	11	4593_TN	13.801027	3.2439797
AACAAAGGTTAGCGGA-4593_TN	myCAF	4593_TN	12.925074	6.1741304
GTGGAAGCAATTTCTC-4593_TN	2	4593_TN	8.746006	2.2340405
TGTACAGCATTAGGAA-4593_TN	myCAF	4593_TN	11.842604	6.763634
GCCATTCGTATCACCA-4593_TN	3	4593_TN	10.377052	9.415735
AACCATGCAATTTCTC-4593_TN	apCAF	4593_TN	7.356748	-0.5662068
AACACACGTCCGGCAT-4593_TN	2	4593_TN	9.982358	4.2928534
CGTGATACAATCGAAA-4593_TN	apCAF	4593_TN	8.228359	0.86188215
CTAACCCCACAATGCT-4593_TN	5	4593_TN	7.942484	5.5859146
TCATATCGTACGGCAA-4593_TN	11	4593_TN	10.630221	6.312058
ATCGGATGTCCCGCAA-4593_TN	2	4593_TN	10.57737	3.3965712
GAGATGGTCCATCTGC-4593_TN	11	4593_TN	9.895344	5.8779936
GGTGATTAGCGTGCCT-4593_TN	10	4593_TN	1.0550412	5.5528107
GTTATGGAGCGTTCAT-4593_TN	3	4593_TN	10.667057	7.865948
CAAGCTATCCACCTGT-4593_TN	2	4593_TN	10.112403	4.999939
TATATCCCAAGCCTGC-4593_TN	11	4593_TN	9.872287	6.6132507
CATTCATCAAGGTCTT-4593_TN	2	4593_TN	10.094697	0.8335383
GGAACCCCAGCTGTCG-4593_TN	11	4593_TN	10.256601	5.786914
CGGAATTCAGTCAGAG-4593_TN	myCAF	4593_TN	13.3146515	7.430016
CAACCAAGTTGACGGA-4593_TN	2	4593_TN	10.637941	0.89308536
GATTCTTGTGTCCTAA-4593_TN	apCAF	4593_TN	8.4654045	0.21812992
ACAAAGACATGAAAGT-4593_TN	11	4593_TN	10.061355	4.850463
AGTCTCCGTATGCGTT-4593_TN	5	4593_TN	7.1502166	2.7349634
CCCTGATCACTCCTGT-4593_TN	2	4593_TN	10.365251	2.8822432
GGAATCTGTCCCGCAA-4593_TN	2	4593_TN	10.694617	5.9497886
AAGATAGTCCGGGACT-4593_TN	10	4593_TN	1.6849959	4.3924947
TGAGGTTGTTCCGCGA-4593_TN	apCAF	4593_TN	8.592572	0.42670935
CACTTCGTCGGCTATA-4593_TN	0	4593_TN	5.001252	10.083285
TCTCCGACAATTCTTC-4593_TN	2	4593_TN	10.857484	3.6447942
TACACCCGTCTGTGAT-4593_TN	5	4593_TN	6.959135	3.4607606
GAGGGTAAGAGTGACC-4593_TN	myCAF	4593_TN	11.5272045	7.6727333
CCTCTAGTCGACCTAA-4593_TN	apCAF	4593_TN	8.979055	-0.43015328
CCACAAACAACACTAC-4593_TN	apCAF	4593_TN	9.127994	-0.42407942
ATTCTTGGTTGGCCGT-4593_TN	3	4593_TN	12.378883	10.697379
TGATTCTGTACCAGAG-4593_TN	5	4593_TN	9.071733	6.814809
CTTACCGGTTGACGGA-4593_TN	myCAF	4593_TN	12.876986	6.230583
CAGGCCACAGCAGACA-4593_TN	6	4593_TN	10.011391	8.868554
TTCCGTGAGATCACCT-4593_TN	6	4593_TN	9.742302	7.2886267
ACACCAAGTGTGTGTT-4593_TN	myCAF	4593_TN	13.051723	5.405249
GAGTGAGTCGTTGCCT-4593_TN	2	4593_TN	9.963699	3.5243075
ATAGGCTCAAAGAACT-4593_TN	2	4593_TN	9.755587	5.156431
GAGTGTTTCTCTTCAA-4593_TN	myCAF	4593_TN	11.457627	7.700013
ACGCACGGTTGTGTTG-4593_TN	2	4593_TN	10.065391	4.991625
TCGGATAGTATGTGTC-4593_TN	3	4593_TN	10.164601	9.111247
AGTCATGGTTCTCTAT-4593_TN	myCAF	4593_TN	10.87846	4.770536
TATCAGGAGGAGGCAG-4593_TN	2	4593_TN	10.000418	2.2224898
CTGCGAGCAGACGCTC-4593_TN	2	4593_TN	9.336556	2.273955
ACTTATCTCTCAGGCG-4593_TN	2	4593_TN	10.481074	4.566462
TAACCAGTCCAGTTCC-4593_TN	3	4593_TN	10.713418	9.371514
ATGTCTTCATCTCGTC-4593_TN	apCAF	4593_TN	7.7770476	-0.598637
CAGAGCCTCACCGCTT-4593_TN	5	4593_TN	7.866329	5.777633
CTACGGGAGAAACTAC-4593_TN	2	4593_TN	10.202976	1.9532183
CCCAACTCACAATCTG-4593_TN	2	4593_TN	10.845968	3.722979
GACATCACAGTAACCT-4593_TN	2	4593_TN	10.602379	1.3747491
AGGGCTCAGCCTCTCT-4593_TN	2	4593_TN	12.294095	3.3788996
TATTGCTTCACTAGCA-4593_TN	5	4593_TN	8.501231	5.108123
ACAAAGAGTACGCGTC-4593_TN	apCAF	4593_TN	9.544477	-0.5315231
CATTCATTCCTCACCA-4593_TN	2	4593_TN	10.32544	0.8163159
AGGATAACACGTATAC-4593_TN	2	4593_TN	10.41665	4.4248524
AAGTACCAGGATATGT-4593_TN	2	4593_TN	10.322112	2.3419259
TCCAGAACAAGACAAT-4593_TN	2	4593_TN	11.412988	3.8078809
CTGGCAGAGGTAGTCG-4593_TN	myCAF	4593_TN	12.56189	6.7506537
CAGTTCCAGTGGCGAT-4593_TN	2	4593_TN	10.342577	2.6893182
ACGTACAGTCGCGGTT-4593_TN	apCAF	4593_TN	8.98003	0.4786247
ATAGAGATCTAGGCAT-4593_TN	3	4593_TN	10.670355	10.058082
ACGGTCGCAACCCTAA-4593_TN	myCAF	4593_TN	11.609222	6.954909
CAACCAATCCGCACTT-4593_TN	2	4593_TN	9.795589	3.6962154
GATAGAACACTGAGGA-4593_TN	myCAF	4593_TN	11.249171	5.9483085
TCCGAAAAGTTTGCTG-4593_TN	2	4593_TN	11.272981	2.3593621
CATCGTCTCATCTATC-4593_TN	11	4593_TN	14.0743065	8.516224
GTGGAGACAATGAGCG-4593_TN	3	4593_TN	10.216932	8.340453
GGAATCTGTTGGCCTG-4593_TN	11	4593_TN	9.762672	6.937204
AGACCCGGTCTACAGT-4593_TN	11	4593_TN	10.387516	5.008062
ACCTGTCCAAACTCGT-4593_TN	2	4593_TN	10.033028	3.884006
TTTGTTGAGATGCTAA-4593_TN	iCAF	4593_TN	11.58063	12.663169
TCAGTGAGTCATCCGG-4593_TN	myCAF	4593_TN	11.06317	7.7731895
GAAGAATCATATCTCT-4593_TN	2	4593_TN	10.236746	2.0991116
GTTACGACAGGGACTA-4593_TN	5	4593_TN	8.603637	5.2653255
ATGGAGGTCAATGCAC-4593_TN	myCAF	4593_TN	12.055659	6.442351
AACTTCTTCATTTGGG-4593_TN	2	4593_TN	10.143556	4.0799046
GTCTGTCCAGCTTCCT-4593_TN	5	4593_TN	8.262988	2.5073073
GTTCATTTCCACCTGT-4593_TN	myCAF	4593_TN	11.740917	4.8075185
TGATTCTGTGATACCT-4593_TN	5	4593_TN	8.451385	2.9343383
ACGATCATCCAATGCA-4593_TN	myCAF	4593_TN	11.17464	5.6228375
ATGGTTGGTTCGAACT-4593_TN	11	4593_TN	9.609586	4.5703115
TTTCGATAGTTAACGA-4593_TN	11	4593_TN	10.469916	6.934469
AACAACCTCTACGCGG-4593_TN	2	4593_TN	11.639427	3.2120402
GCGAGAACAACATACC-4593_TN	2	4593_TN	10.075145	3.9443674
ACCAACACAACTGAAA-4593_TN	2	4593_TN	10.569375	3.3254387
CCACAAAAGCTGGCCT-4593_TN	6	4593_TN	9.624881	9.159023
CTAGACAAGATCGCTT-4593_TN	2	4593_TN	9.683154	0.89609563
TGGGTTACAATCTGCA-4593_TN	2	4593_TN	10.323167	2.6486566
GGTCACGCATAACTCG-4593_TN	5	4593_TN	8.852415	3.4714808
ATGAGTCCATGATGCT-4593_TN	apCAF	4593_TN	8.513387	-0.57902116
CATGGTAGTTGATGTC-4593_TN	2	4593_TN	10.719754	2.2662628
ACCTGAATCGGACGTC-4593_TN	2	4593_TN	10.8406315	1.3289531
GAAGGACTCGATACGT-4593_TN	10	4593_TN	1.3343198	3.6373703
TTTCACATCATAAGGA-4593_TN	3	4593_TN	10.187904	9.908481
CAACCTCAGGGCAATC-4593_TN	3	4593_TN	12.375708	10.123526
GGAGAACGTGGCTGCT-4593_TN	9	4593_TN	8.352317	14.071155
TTACCATAGACATATG-4593_TN	apCAF	4593_TN	8.245878	0.63747555
AGAGAATGTACGACAG-4593_TN	11	4593_TN	9.759359	6.0962396
CCTTCAGTCCTACCAC-4593_TN	2	4593_TN	10.567565	0.83449906
CATGCAAGTCGTACTA-4593_TN	11	4593_TN	10.146212	6.818803
AAGGAATCAAGCGCTC-4593_TN	3	4593_TN	10.637568	9.643353
TCCACGTAGTTCTACG-4593_TN	5	4593_TN	7.734558	4.118903
GTCATCCCAGGTTACT-4593_TN	2	4593_TN	9.962262	1.3328778
GTTATGGCAGCTACTA-4593_TN	apCAF	4593_TN	8.891049	0.5771412
ACATCGACACTACCGG-4593_TN	5	4593_TN	7.768887	2.7232168
GACCCTTAGAAGCGCT-4593_TN	2	4593_TN	10.789568	2.904576
AGCTCAATCGGTCATA-4593_TN	2	4593_TN	10.332763	0.6530779
GAAGTAACAAGGTCAG-4593_TN	0	4593_TN	5.902933	10.621618
CATTTCATCTAAGGAA-4593_TN	5	4593_TN	7.7726884	5.8556833
AGCATCATCTTACCGC-4593_TN	2	4593_TN	10.829704	0.9732535
CGTCCATTCGGACTTA-4593_TN	11	4593_TN	10.196025	5.7233086
GTCATCCCAAAGGCGT-4593_TN	2	4593_TN	9.318033	3.133718
TCGCAGGCAATCCAGT-4593_TN	2	4593_TN	9.435034	1.5199631
TATGTTCTCTTCCGTG-4593_TN	7	4593_TN	10.101406	12.713811
TGCATCCAGATAGCAT-4593_TN	myCAF	4593_TN	12.39507	5.5266705
AGCGATTGTTAGCGGA-4593_TN	3	4593_TN	12.31308	9.490967
TCCACCATCAGCATTG-4593_TN	2	4593_TN	10.460388	1.7145473
AACAACCAGACCACGA-4593_TN	myCAF	4593_TN	11.328672	5.8656583
TCCATCGGTATGTCCA-4593_TN	11	4593_TN	9.66751	6.832955
TTTGGAGTCTGGGATT-4593_TN	2	4593_TN	9.913378	2.1022468
ACTGTCCTCTTGAACG-4593_TN	11	4593_TN	10.471322	4.58175
TCTGGCTAGAGTCTGG-4593_TN	2	4593_TN	9.022274	1.0703607
TCATATCTCTTTGCAT-4593_TN	2	4593_TN	9.970104	4.2911425
AACCTTTCAACGCATT-4593_TN	myCAF	4593_TN	13.080038	6.942823
GCAACATTCGTTATCT-4593_TN	11	4593_TN	13.321451	3.9434862
GCAACATTCTCTGAGA-4593_TN	2	4593_TN	10.478549	1.6570885
CATGGTACACTTGTGA-4593_TN	2	4593_TN	11.769021	3.8186235
GTATTGGAGATCCTAC-4593_TN	11	4593_TN	10.151499	5.481943
TCTCACGCATTCCTCG-4593_TN	2	4593_TN	10.568928	4.8723803
ACGTAGTGTGGATGAC-4593_TN	myCAF	4593_TN	10.588867	5.6640205
CTGAGGCAGTTGCTCA-4593_TN	2	4593_TN	9.513781	3.9892497
AGAACCTGTTGCTCAA-4593_TN	2	4593_TN	10.223095	4.059246
GTGTTCCAGCTGACCC-4593_TN	2	4593_TN	9.8026085	3.8609602
AGAGAATAGTTTGCTG-4593_TN	myCAF	4593_TN	11.444275	5.897696
ACCCTTGGTGAGGAAA-4593_TN	3	4593_TN	11.8729315	9.181154
ACCTGTCGTAATCAAG-4593_TN	2	4593_TN	11.362366	4.5842056
CTCAACCGTCATCCCT-4593_TN	2	4593_TN	9.692008	3.9616091
CGTGAATGTATGACAA-4593_TN	2	4593_TN	9.207342	1.8079926
TCCTTTCGTCAATCTG-4593_TN	11	4593_TN	10.297118	5.488053
TAATCTCTCGCCGAAC-4593_TN	3	4593_TN	10.382933	9.235788
GTAGAGGCATTCACCC-4593_TN	3	4593_TN	11.797646	10.410552
ACTTTCACATGGTGGA-4593_TN	2	4593_TN	9.99521	5.0143414
TCGTGGGTCACCCTGT-4593_TN	10	4593_TN	0.5717866	6.0335364
TCATTTGGTAACAAGT-4593_TN	2	4593_TN	10.069377	2.7408903
ACTTATCAGAAACTAC-4593_TN	2	4593_TN	10.142962	4.562945
AACGAAACACGAAAGC-4593_TN	2	4593_TN	10.977758	1.1878707
TGGTTAGAGGAGCAAA-4593_TN	apCAF	4593_TN	8.48348	0.5765834
AAAGTCCCAGCATGCC-4593_TN	2	4593_TN	12.155407	4.1213484
GTAGATCCATAATCGC-4593_TN	5	4593_TN	7.1321692	4.8518414
CGTCAAATCTGTCAGA-4593_TN	2	4593_TN	10.143453	5.478827
ATTCATCGTCACCGAC-4593_TN	5	4593_TN	6.894926	5.9331484
CTCATGCAGTTGGCGA-4593_TN	6	4593_TN	8.458539	7.9911838
AAGTGAATCGGCCCAA-4593_TN	apCAF	4593_TN	8.619598	0.30753988
ACGTAACAGGCACAAC-4593_TN	10	4593_TN	0.53588766	4.698534
TTCCACGGTTTACGTG-4593_TN	7	4593_TN	9.887987	12.77761
GTCGAATCACTACAGT-4593_TN	apCAF	4593_TN	8.513089	0.49113256
TTATTGCGTCTCTCTG-4593_TN	5	4593_TN	6.6954417	4.053095
CAAGGGATCTCTCTTC-4593_TN	2	4593_TN	10.231808	2.936457
CAATACGAGGATGGCT-4593_TN	2	4593_TN	10.917058	5.4425597
CCATCACCATTCATCT-4593_TN	2	4593_TN	10.567849	1.6492565
ACCCAAACACAGTGAG-4593_TN	2	4593_TN	11.417071	3.1703835
ATCTTCATCGTCCTCA-4593_TN	2	4593_TN	11.475077	3.5800724
TCCTCTTTCTGTAACG-4593_TN	2	4593_TN	10.113421	0.4752616
AAGCGAGCACCGTCTT-4593_TN	apCAF	4593_TN	7.662866	0.8728218
TAACACGCAACTGCTA-4593_TN	6	4593_TN	10.577486	8.70616
TTGGGCGTCGGACCAC-4593_TN	10	4593_TN	2.263516	4.341835
GCTTGGGGTGCACAAG-4593_TN	myCAF	4593_TN	10.328301	7.639203
GTGCAGCAGATGCTTC-4593_TN	myCAF	4593_TN	12.450078	6.109281
GTACAGTTCAGGGTAG-4593_TN	11	4593_TN	10.209098	5.7720695
TAACACGCACCTTCGT-4593_TN	myCAF	4593_TN	12.556193	5.856599
GAATCACGTCCAGCGT-4593_TN	2	4593_TN	12.34136	2.7049978
TTTACTGGTAATTGGA-4593_TN	myCAF	4593_TN	11.70297	5.4491878
CTTCCTTCACACCGAC-4593_TN	3	4593_TN	12.489121	10.904846
TTCCACGGTGTCATTG-4593_TN	2	4593_TN	11.226502	4.265064
ACTACGATCCGCACTT-4593_TN	2	4593_TN	10.161811	0.9038648
CCTCTAGCACGAGGTA-4593_TN	6	4593_TN	9.702654	8.394856
AGCTCAACATACACCA-4593_TN	apCAF	4593_TN	9.348264	1.1720474
CATACTTCAATTGAGA-4593_TN	apCAF	4593_TN	8.407985	0.35698372
AGACTCAAGTCTACCA-4593_TN	2	4593_TN	9.829656	2.0034406
TAGGGTTCAGCACACC-4593_TN	6	4593_TN	8.9559765	8.039111
TCAAGTGAGGAGAATG-4593_TN	2	4593_TN	10.783443	1.5384027
TTCATTGAGCTTTCCC-4593_TN	myCAF	4593_TN	11.127891	6.635073
CTGCATCAGTCGAATA-4593_TN	5	4593_TN	7.4432955	4.479284
TCTACATGTCGCAACC-4593_TN	2	4593_TN	11.812584	2.076188
AGGTGTTCATTCGATG-4593_TN	2	4593_TN	10.320563	3.5784469
CACGTGGCAGCGACCT-4593_TN	11	4593_TN	9.354181	6.1001053
ATGGGTTGTCTTCTAT-4593_TN	11	4593_TN	10.548943	5.190556
CACTGTCAGTTGCATC-4593_TN	2	4593_TN	11.240962	2.4110527
TATTGCTGTCGGATTT-4593_TN	5	4593_TN	6.5025954	3.4355803
GGAGATGCAAGGTACG-4593_TN	5	4593_TN	8.001517	2.6811132
TGACGCGCAGAATGTA-4593_TN	apCAF	4593_TN	8.215732	0.82842433
TTACTGTCATCTAGAC-4593_TN	2	4593_TN	11.912496	2.517203
CGGACACTCCTCTGCA-4593_TN	3	4593_TN	10.946175	9.596737
TTCAGGATCACCGGTG-4593_TN	2	4593_TN	10.067182	3.9031222
AGCCAGCTCTGATTCT-4593_TN	2	4593_TN	10.52403	0.9071606
TACCCGTGTCTCTCTG-4593_TN	2	4593_TN	11.575678	3.382318
CTGTGGGGTGGATCAG-4593_TN	11	4593_TN	11.187418	5.9745355
CTTTCAACACTTGTCC-4593_TN	2	4593_TN	9.669416	1.315715
CTAGACACAGTTAAAG-4593_TN	11	4593_TN	10.839198	5.5379424
CCGTTCACACCTCTGT-4593_TN	2	4593_TN	10.176494	3.776672
GAAACCTAGAGCAACC-4593_TN	3	4593_TN	11.030688	9.141044
CTCAACCTCGTTCTAT-4593_TN	myCAF	4593_TN	11.969633	7.643722
ACGTAACCAGGTTCAT-4593_TN	6	4593_TN	7.142863	9.059667
AGGAAATGTATCACCA-4593_TN	myCAF	4593_TN	12.399896	6.3291383
ACATGCATCTGCTTAT-4593_TN	6	4593_TN	9.53718	8.517403
AACCTGAGTGTTCATG-4593_TN	11	4593_TN	10.193643	5.7784257
ACAGCCGCAGCTTTCC-4593_TN	2	4593_TN	11.085112	4.0361443
TCGGATACACCGCTGA-4593_TN	3	4593_TN	10.1575575	9.097408
TCCTCGAAGAATCTAG-4593_TN	myCAF	4593_TN	11.5702	7.813089
CCACTTGAGAAACCCG-4593_TN	myCAF	4593_TN	11.208831	4.8928185
CTTCCTTGTAGCGCTC-4593_TN	11	4593_TN	9.258445	5.958273
TCTGTCGAGGAGAGTA-4593_TN	3	4593_TN	10.84507	9.471656
TGCATGATCTCTGGTC-4593_TN	apCAF	4593_TN	7.912373	-0.47518286
CGGAGAAGTGTATCCA-4593_TN	2	4593_TN	10.284834	1.6064553
GCATCTCTCACCGGGT-4593_TN	2	4593_TN	10.348247	1.9868267
AAGTACCCACAGTACT-4593_TN	2	4593_TN	10.888322	3.460681
AGTAGCTTCGTTCTCG-4593_TN	myCAF	4593_TN	13.269585	7.5798717
TTCTTGATCACCCTCA-4593_TN	2	4593_TN	10.862738	4.012838
CAATGACAGATTCGAA-4593_TN	5	4593_TN	8.94416	6.212689
CATGCCTTCACTCCGT-4593_TN	2	4593_TN	10.173578	3.5345314
CCGGTAGCATGGACAG-4593_TN	2	4593_TN	9.8364525	1.7964429
TCATCCGGTACAATAG-4593_TN	6	4593_TN	8.070025	9.011406
GATCACAGTCTTCATT-4593_TN	11	4593_TN	10.467202	5.7273626
CATCCACTCAGATGCT-4593_TN	11	4593_TN	13.302572	4.09299
GATGAGGAGGCAGGTT-4593_TN	2	4593_TN	12.200143	3.408468
TCTCCGACATGACCCG-4593_TN	apCAF	4593_TN	7.3138123	-0.432634
CATTCATGTCTAACGT-4593_TN	2	4593_TN	9.453016	1.3079935
TTTCATGGTGTCCTAA-4593_TN	apCAF	4593_TN	9.903114	0.13697864
TGAGCGCGTTGTATGC-4593_TN	3	4593_TN	10.528653	10.477165
AGTTAGCCAAGGGTCA-4593_TN	2	4593_TN	11.411414	1.6992737
GCCCGAAGTGAGTAAT-4593_TN	11	4593_TN	9.528352	6.2895317
CCTACGTTCACTGATG-4593_TN	3	4593_TN	11.757828	10.242584
TACCGAAGTTAGGCCC-4593_TN	3	4593_TN	11.109551	9.808334
CATCCACTCGCGAAGA-4593_TN	11	4593_TN	9.602403	6.3146906
CCCTTAGGTATCCTTT-4593_TN	7	4593_TN	10.4266815	11.215904
TGCCGAGGTTCCACGG-4593_TN	2	4593_TN	9.857878	4.3548
AATGGAATCCAGTACA-4593_TN	11	4593_TN	10.852807	4.9469275
GAACTGTGTGGACAGT-4593_TN	2	4593_TN	10.459494	2.5936115
GAGGGTAAGCGAACTG-4593_TN	apCAF	4593_TN	8.131034	0.5815669
CTTACCGTCCATCAGA-4593_TN	2	4593_TN	10.418076	0.9057381
ACGATGTTCAGCGCAC-4593_TN	6	4593_TN	7.0226045	8.0099325
TCTATACGTACAAGCG-4593_TN	5	4593_TN	7.5288806	2.4330726
GTAACACGTCATAAAG-4593_TN	11	4593_TN	9.519008	5.6615105
TTTATGCTCGAATGCT-4593_TN	6	4593_TN	9.714695	8.435015
CTAACCCGTACAGAGC-4593_TN	2	4593_TN	11.824285	3.7958646
AGAGAATTCGGTAACT-4593_TN	6	4593_TN	10.316366	8.997615
AAGTGAAGTGACTGAG-4593_TN	apCAF	4593_TN	8.481546	0.8526461
TCCGTGTGTAGACAGC-4593_TN	5	4593_TN	7.585106	3.0195942
CCCAACTGTCGTGGAA-4593_TN	5	4593_TN	8.280751	3.7339852
TCACAAGTCAAGATAG-4593_TN	6	4593_TN	8.6197605	7.9417796
TAGGTTGGTCCTTTGC-4593_TN	5	4593_TN	7.3707337	3.3385441
GGAGGTATCGTAACCA-4593_TN	myCAF	4593_TN	10.050442	7.9947166
TCCTCTTTCCATTTGT-4593_TN	6	4593_TN	7.6937275	9.346499
AGCCAATAGCTGCGAA-4593_TN	11	4593_TN	10.485503	5.127831
GTTCGCTTCGGAGTGA-4593_TN	apCAF	4593_TN	8.2792225	0.597935
GGAACCCGTCAGACGA-4593_TN	2	4593_TN	10.015068	4.6696987
ACCCTTGCAGCAAGAC-4593_TN	11	4593_TN	11.120494	5.741904
AGGGAGTAGAGGTTTA-4593_TN	2	4593_TN	10.286594	2.0106046
TCTACCGGTGGATCGA-4593_TN	11	4593_TN	12.94449	4.365652
GTGAGCCTCTAGCAAC-4593_TN	2	4593_TN	10.285369	1.7817304
TACGGTAAGCTGTCCG-4593_TN	11	4593_TN	9.876838	4.9528623
CATCCACTCACAATGC-4593_TN	5	4593_TN	7.214015	4.515398
TGGCGTGAGTCTCCTC-4593_TN	myCAF	4593_TN	13.611437	6.9839263
TCGAAGTTCTGCTAGA-4593_TN	5	4593_TN	8.20139	2.8028867
GTGGTTAGTAGAAACT-4593_TN	myCAF	4593_TN	12.052813	5.3052154
CTGCCATTCTACGCGG-4593_TN	6	4593_TN	9.733793	7.85904
TTCACGCTCGTGCGAC-4593_TN	myCAF	4593_TN	12.134736	5.615927
CATACAGCATCATCCC-4593_TN	5	4593_TN	8.520343	4.2197275
GATAGCTTCTTACCAT-4593_TN	6	4593_TN	7.842602	7.847609
CTGTGGGGTTCAAACC-4593_TN	myCAF	4593_TN	11.627567	7.2304864
CACATGACAAGGCAAC-4593_TN	7	4593_TN	11.147463	12.650421
GGAAGTGGTTCTCCCA-4593_TN	2	4593_TN	10.508337	1.2236191
CTGTAGACAGACCAAG-4593_TN	2	4593_TN	9.481366	5.0008397
GCGAGAAAGAAATCCA-4593_TN	2	4593_TN	9.906008	1.1082968
ACTTAGGAGAGCAAGA-4593_TN	apCAF	4593_TN	9.09152	0.5132548
AGTAACCAGCTAAATG-4593_TN	2	4593_TN	11.687234	3.8787403
TCGGATAAGCTTACGT-4593_TN	2	4593_TN	10.116133	3.3467746
TGTGTGATCACTTATC-4593_TN	myCAF	4593_TN	12.907672	7.6866693
CCTTGTGTCTCTTAAC-4593_TN	2	4593_TN	11.29784	2.7946377
AACAACCAGATTGGGC-4593_TN	apCAF	4593_TN	8.536986	0.80034286
GGCTTGGCAGCCTACG-4593_TN	2	4593_TN	10.996123	0.8515873
CGTGTCTGTTCCACAA-4593_TN	myCAF	4593_TN	10.758314	6.805412
CATTCCGTCGCAATGT-4593_TN	3	4593_TN	12.183433	10.23703
CTTACCGAGCCACTCG-4593_TN	2	4593_TN	11.30488	4.7715864
ACATGCATCCCTCAAC-4593_TN	apCAF	4593_TN	8.813709	0.19314303
GCAACATCATGTGGCC-4593_TN	apCAF	4593_TN	8.945185	0.39167607
TGGCGTGTCTATTCGT-4593_TN	2	4593_TN	9.224242	1.3666916
AGGCTGCAGATTGCGG-4593_TN	5	4593_TN	7.851823	3.4689178
AATGGAAAGGAATGTT-4593_TN	10	4593_TN	0.24628547	5.9929113
TCTGCCAGTCGTGTTA-4593_TN	2	4593_TN	10.481077	5.569718
GGGTTATTCCCAGTGG-4593_TN	apCAF	4593_TN	9.558285	0.47519925
CGGAACCAGGGTTAAT-4593_TN	2	4593_TN	9.529948	2.0575767
CTCAAGAAGTGCGACA-4593_TN	5	4593_TN	8.296401	6.1136065
GTGTTCCAGCTTAGTC-4593_TN	myCAF	4593_TN	12.600602	4.8965244
TAACACGAGGTAGTCG-4593_TN	apCAF	4593_TN	9.184022	-0.26029888
GCGGAAATCGAGTACT-4593_TN	2	4593_TN	9.84895	0.86118627
ATCCGTCAGCAACTTC-4593_TN	7	4593_TN	10.275615	13.116355
TGCAGTACAGGGACTA-4593_TN	7	4593_TN	10.142622	11.62521
ATTGTTCTCATTGGTG-4593_TN	6	4593_TN	10.086315	8.625275
AAACCCACATAACTCG-4593_TN	2	4593_TN	10.17439	3.1189125
ACTATGGAGCTTCGTA-4593_TN	2	4593_TN	12.495139	3.5580287
TAGAGTCCAAAGCAAT-4593_TN	6	4593_TN	8.737329	8.064037
TTGCGTCAGAGCCGAT-4593_TN	2	4593_TN	10.506506	3.5720274
CCCATTGTCATCACAG-4593_TN	myCAF	4593_TN	12.9472885	8.272497
CCTCCAATCGCGTGCA-4593_TN	2	4593_TN	10.662494	1.6748033
TTTCACATCAGGGATG-4593_TN	11	4593_TN	9.836229	6.429826
CGTAGTAGTTGCATTG-4593_TN	iCAF	4593_TN	12.286109	14.469846
CAGCGTGTCTTACCAT-4593_TN	2	4593_TN	12.116979	3.9041924
TCGTAGACAGGCGATA-4593_TN	2	4593_TN	11.332284	3.9052532
AGAGCCCCACTGTCCT-4593_TN	3	4593_TN	11.159264	10.357262
TTTCAGTCAGATACTC-4593_TN	2	4593_TN	10.869351	1.6500446
GTTACGACATGAGATA-4593_TN	2	4593_TN	10.361547	3.5687501
GTAGAGGAGTCATCCA-4593_TN	11	4593_TN	9.820787	6.449597
AGCCACGCAAGGGCAT-4593_TN	2	4593_TN	9.932594	5.3030653
TTGTTGTCACATGAAA-4593_TN	11	4593_TN	13.573647	3.849853
TTAGGCAGTGTATTCG-4593_TN	11	4593_TN	9.89664	5.408407
GTTCGCTCAGGTCTCG-4593_TN	apCAF	4593_TN	7.9751463	0.29043916
TTCCTTCAGGCTGAAC-4593_TN	2	4593_TN	10.648174	3.7340086
CGAGTTACAACTGCTA-4593_TN	2	4593_TN	10.809557	0.87582296
ACGATGTGTATCGCGC-4593_TN	2	4593_TN	10.379894	2.346464
CAACGATTCACACCGG-4593_TN	myCAF	4593_TN	12.310819	7.748366
ACTGTCCCATCGAACT-4593_TN	myCAF	4593_TN	13.14587	5.264402
AAGTGAATCATGACAC-4593_TN	apCAF	4593_TN	9.591384	0.3888647
ACCAACAAGTATCTGC-4593_TN	11	4593_TN	9.17033	6.8653975
AGCGTATAGCACTGGA-4593_TN	2	4593_TN	10.858993	3.7431011
CGAGGCTGTTGGGATG-4593_TN	5	4593_TN	5.9339867	5.407418
TGTGATGAGGTCGCCT-4593_TN	11	4593_TN	10.25191	5.7909403
GTAGAAATCCTAGCTC-4593_TN	2	4593_TN	11.255045	2.572063
GTCTAGAGTCAACCTA-4593_TN	11	4593_TN	11.537742	5.120909
AAGCCATAGGGCTAAC-4593_TN	myCAF	4593_TN	13.003052	5.4380674
CTTCAATCAATCGTCA-4593_TN	apCAF	4593_TN	8.250191	-0.50399387
TTACTGTGTCCAGCGT-4593_TN	11	4593_TN	10.796974	5.8063884
TGTAAGCTCAAATAGG-4593_TN	apCAF	4593_TN	8.705083	0.6626834
TTTCAGTCAGCGCTTG-4593_TN	2	4593_TN	11.666403	3.6365395
ATTCCTAGTGCTGTCG-4593_TN	2	4593_TN	10.750765	1.4905164
TGATGGTGTTTACTGG-4593_TN	myCAF	4593_TN	11.863646	5.8169494
CATGCAAGTAGGGAGG-4593_TN	11	4593_TN	13.557322	4.311386
ATTGTTCCAGGCATGA-4593_TN	6	4593_TN	10.291404	9.435326
TTGTGGACAGGTACGA-4593_TN	2	4593_TN	10.522642	0.8512174
AACGTCATCGGATACT-4593_TN	11	4593_TN	13.303479	3.2201507
TTCATTGGTCGTGATT-4593_TN	5	4593_TN	6.566613	3.3120446
ATCGGCGGTTCGCGTG-4593_TN	6	4593_TN	9.76371	7.952132
TGTTCCGTCGCTCCTA-4593_TN	11	4593_TN	10.962758	4.952259
TGGTGATTCGCATTAG-4593_TN	11	4593_TN	9.795826	7.302127
GCGAGAACAGGTGGAT-4593_TN	myCAF	4593_TN	11.217938	5.871241
AGATAGACAATAGGAT-4593_TN	6	4593_TN	9.641367	8.129366
TGGTTAGAGTAGGTTA-4593_TN	11	4593_TN	10.745647	5.8708425
GTTACAGAGATGCGAC-4593_TN	6	4593_TN	9.717335	9.077693
TGCATGATCGACCATA-4593_TN	myCAF	4593_TN	12.314389	6.6071696
ATCTCTAAGACTGTTC-4593_TN	5	4593_TN	7.2796	5.7472734
TGATGGTTCATGCCAA-4593_TN	11	4593_TN	13.731057	3.041413
TCCGATCTCGTAGCTA-4593_TN	11	4593_TN	10.120407	6.381533
TAACGACCAAACGAGC-4593_TN	11	4593_TN	11.134956	4.812451
CCGTTCATCCTTTAGT-4593_TN	myCAF	4593_TN	12.94114	8.108177
AACCCAATCTGCGAGC-4593_TN	7	4593_TN	10.519607	11.154692
ATTTACCCACTCCTTG-4593_TN	5	4593_TN	7.33111	3.0875633
CTGCCTAGTCAGACGA-4593_TN	3	4593_TN	10.942434	8.383228
TTAGTCTTCCTCACCA-4593_TN	11	4593_TN	9.799644	5.706821
GGGTAGAGTCTACATG-4593_TN	apCAF	4593_TN	7.7031603	0.06320857
CATGCAAGTACGCGTC-4593_TN	2	4593_TN	9.797438	3.521232
GGTGAAGAGTTACGTC-4593_TN	10	4593_TN	0.59838694	4.4706306
TGGTGATTCTAATTCC-4593_TN	2	4593_TN	11.47838	4.1000643
ACGGTCGCACGTACTA-4593_TN	apCAF	4593_TN	8.941629	0.026013426
GTTCCGTGTGAGTGAC-4593_TN	apCAF	4593_TN	8.481766	0.89118195
CCAATTTAGCAGATAT-4593_TN	0	4593_TN	8.905945	10.010607
GTTAGTGCACGGTCTG-4593_TN	2	4593_TN	9.497415	3.1019287
AGGATCTTCGAACTCA-4593_TN	myCAF	4593_TN	11.154008	7.579679
CAAAGAAAGATGAACT-4593_TN	myCAF	4593_TN	12.93558	6.0904455
CCGTAGGCAAATCAAG-4593_TN	6	4593_TN	9.140814	8.378189
GACGCTGAGTGAGCCA-4593_TN	11	4593_TN	10.21648	5.866967
ATAGACCCACGTACTA-4593_TN	11	4593_TN	11.049796	5.5939302
ACAACCACACCTGCGA-4593_TN	11	4593_TN	10.853161	6.5610285
GTCCCATTCAGTCCGG-4593_TN	5	4593_TN	7.2698803	4.69924
CTGCAGGGTGACGTCC-4593_TN	apCAF	4593_TN	7.833608	1.0763943
CTGCCATAGAAGGATG-4593_TN	2	4593_TN	10.687801	1.2403921
AAAGTGAGTACGAGTG-4593_TN	11	4593_TN	9.904906	6.350902
CAGCAATTCAGCCTTC-4593_TN	2	4593_TN	10.109727	0.5941754
GTAACACCACTGTGTA-4593_TN	apCAF	4593_TN	8.885821	0.6627249
TGGGTTAAGCGACATG-4593_TN	apCAF	4593_TN	8.67604	0.42776942
ATGATCGAGCTGTGCC-4593_TN	2	4593_TN	10.026273	5.303095
TATTGCTCACGAGAAC-4593_TN	5	4593_TN	8.678757	5.932452
ATTGTTCTCGAGTTGT-4593_TN	2	4593_TN	9.41584	1.2382118
TAGCACATCGTGGACC-4593_TN	3	4593_TN	12.016779	8.905777
TACCGAAAGCACGGAT-4593_TN	apCAF	4593_TN	9.098184	0.6630066
TTATTGCCAACTCCAA-4593_TN	7	4593_TN	11.301058	11.822516
CTGAGGCCAACTGGTT-4593_TN	2	4593_TN	10.696995	4.4520497
AAGCCATAGTGATAAC-4593_TN	3	4593_TN	11.574701	9.482869
CGGGTCAGTTGTGCCG-4593_TN	2	4593_TN	11.613427	2.7092
TTTGATCCAGTGTACT-4593_TN	5	4593_TN	6.543458	3.3263876
AGAAATGTCTACTGAG-4593_TN	5	4593_TN	7.478662	4.2036777
GGAACCCCAATACCCA-4593_TN	10	4593_TN	3.3211348	5.473081
TAGGAGGGTCTGATCA-4593_TN	3	4593_TN	10.910138	10.217603
CATCGGGGTATGATCC-4593_TN	11	4593_TN	10.58318	4.8750095
AACCTGATCATCGACA-4593_TN	2	4593_TN	10.754748	2.8894358
ATGACCAAGGTAGCAC-4593_TN	0	4593_TN	7.2578225	9.306966
AAGACAAAGACGGTTG-4593_TN	2	4593_TN	9.677989	2.3346443
GAAACCTGTAGTGTGG-4593_TN	2	4593_TN	10.520797	3.705197
TAGGTTGTCCGCAAAT-4593_TN	2	4593_TN	11.782164	4.0925894
AGAGCCCCAACTGTGT-4593_TN	myCAF	4593_TN	11.770807	7.980248
AGACTCAGTGCCGTTG-4593_TN	11	4593_TN	10.352544	5.8730435
TGCTCCAGTCAGTCTA-4593_TN	6	4593_TN	6.972792	8.295317
TACAACGCATGGAGAC-4593_TN	11	4593_TN	9.657936	5.6206393
AAGACTCTCCAACCGG-4593_TN	3	4593_TN	12.338661	9.732407
GCCCGAAAGAGAGGTA-4593_TN	2	4593_TN	9.988729	3.6206222
AGGTGTTCAACTCCAA-4593_TN	2	4593_TN	10.432529	1.9916513
TCGTCCAAGGATTTAG-4593_TN	3	4593_TN	10.155179	9.516994
ACAGGGAGTACGTGAG-4593_TN	11	4593_TN	11.324385	5.5217834
TCGTAGAAGTCGCTAT-4593_TN	5	4593_TN	7.4868274	5.292662
TCATTTGAGAGGGTGG-4593_TN	11	4593_TN	10.252218	6.3419614
TGGAGAGCAATGGCCC-4593_TN	11	4593_TN	10.773759	5.331795
CATAAGCTCATTTCGT-4593_TN	2	4593_TN	10.2421	1.7753363
CATGGTAGTCAGGAGT-4593_TN	2	4593_TN	10.94636	1.0513786
CCTATCGCAATGAAAC-4593_TN	2	4593_TN	11.399802	3.8898137
TTCAGGAGTCCGGATC-4593_TN	myCAF	4593_TN	11.254596	6.699947
CGTAATGAGCAATAGT-4593_TN	11	4593_TN	9.649122	5.3052535
AGCGCTGTCCAAGCTA-4593_TN	11	4593_TN	9.973942	7.090958
GGCGTCACAGACCCGT-4593_TN	11	4593_TN	10.392509	6.1279864
TGGCGTGAGATAGCAT-4593_TN	3	4593_TN	12.078286	10.903206
ATCGTGACAACCGTAT-4593_TN	2	4593_TN	11.894385	3.6278234
CATACAGCAATCAAGA-4593_TN	myCAF	4593_TN	13.157137	7.9686027
GCAGTTACACTGAGGA-4593_TN	2	4593_TN	10.7643585	4.3516083
AACGAAACACAGTCCG-4593_TN	3	4593_TN	10.878171	10.476446
AACTTCTTCAGCGCAC-4593_TN	11	4593_TN	10.661356	6.313185
GAAGAATTCACTTCTA-4593_TN	myCAF	4593_TN	12.077905	5.876325
CATTGCCTCGAGTCCG-4593_TN	11	4593_TN	13.854321	3.453739
GGTAGAGAGAAACCAT-4593_TN	2	4593_TN	11.055143	3.697557
TAAGCGTGTCGTAATC-4593_TN	5	4593_TN	8.492517	5.768734
CATCCCAGTGGCCCAT-4593_TN	2	4593_TN	10.309498	0.8469457
CGTGATAAGAGAAGGT-4593_TN	5	4593_TN	7.8198757	3.0602229
TGTCCCATCCGTAGGC-4593_TN	3	4593_TN	10.365454	10.06995
AAAGGATCATTGAGGG-4593_TN	2	4593_TN	11.29707	3.356719
GGTTCTCGTCTACGTA-4593_TN	iCAF	4593_TN	12.78114	14.857386
ATTGGGTAGCGCACAA-4593_TN	2	4593_TN	10.8796625	1.4934711
AGTAGCTTCACCGGGT-4593_TN	5	4593_TN	8.241164	4.6891537
CCGATGGAGGATACCG-4593_TN	apCAF	4593_TN	9.97575	-0.081705675
GCCTGTTAGATAGGGA-4593_TN	myCAF	4593_TN	13.699034	6.8435926
GACACGCCAGAGCTAG-4593_TN	2	4593_TN	10.029297	3.029195
GCTCAAAAGCGTGAGT-4593_TN	myCAF	4593_TN	12.025941	8.356436
TAATCTCGTGGAGGTT-4593_TN	2	4593_TN	9.219636	3.7908077
GCAGCCATCCCTAGGG-4593_TN	myCAF	4593_TN	11.725185	5.8081007
TCGAAGTCATGACAAA-4593_TN	2	4593_TN	9.915067	1.6803726
TGCTTGCGTAGTACGG-4593_TN	apCAF	4593_TN	7.956735	0.19581112
GTTACGACATCGAAGG-4593_TN	3	4593_TN	11.297559	10.180817
TCATCCGTCAGACCTA-4593_TN	2	4593_TN	10.4410515	1.5965279
TAGGGTTTCGCATAGT-4593_TN	myCAF	4593_TN	11.362192	8.859324
GAAGGGTTCCGTGGTG-4593_TN	2	4593_TN	12.700457	4.0985336
TGAGTCACATGTGACT-4593_TN	2	4593_TN	9.917587	4.08733
ACCCAAAGTCCCTAAA-4593_TN	myCAF	4593_TN	12.6871605	5.731245
CTCATGCAGTGTTCCA-4593_TN	11	4593_TN	10.585963	6.2187185
TTGGGATAGAATCGTA-4593_TN	2	4593_TN	10.378214	5.129528
ACGATGTGTTCCTAGA-4593_TN	apCAF	4593_TN	7.9358416	-0.16930209
GACTATGGTAACAGGC-4593_TN	2	4593_TN	11.599882	1.8507941
TCGACGGCAGTCCGTG-4593_TN	2	4593_TN	10.730574	4.280529
TTTACGTCAGTAACCT-4593_TN	11	4593_TN	10.450671	5.467101
AGTGATCCAAAGGGTC-4593_TN	3	4593_TN	12.033392	11.374784
CCGGGTAAGGTACAAT-4593_TN	11	4593_TN	13.956721	3.4986556
GGCACGTAGATCACCT-4593_TN	2	4593_TN	10.749055	4.046215
CTGTACCAGTGTTGAA-4593_TN	2	4593_TN	10.122797	3.2356193
TGTGATGGTTCCACGG-4593_TN	3	4593_TN	12.287609	9.622534
CCACAAATCGTAATGC-4593_TN	0	4593_TN	9.084407	9.763389
TGATGCACAACAACAA-4593_TN	2	4593_TN	10.313332	0.90105706
CTCATTAGTAGTCGGA-4593_TN	apCAF	4593_TN	7.8318048	0.26347908
GTAGGAGGTTTGTTCT-4593_TN	2	4593_TN	10.206261	1.0925423
ACGATCAAGAATACAC-4593_TN	2	4593_TN	10.354392	3.1975744
TCATATCGTGTTAAAG-4593_TN	5	4593_TN	8.56905	2.7331653
GTAAGTCAGCTGAAAT-4593_TN	6	4593_TN	10.400607	8.890949
AAGAACAGTTTGACAC-4593_TN	11	4593_TN	13.855064	3.4545715
ACGATCAAGGTCTTTG-4593_TN	2	4593_TN	10.411797	1.813583
TACCGGGTCAACGAGG-4593_TN	11	4593_TN	9.093614	6.2999296
TATACCTTCGAGTACT-4593_TN	2	4593_TN	10.565217	5.8048406
CTGGACGTCGGAGATG-4593_TN	2	4593_TN	10.86753	2.5006864
TCGGGTGGTCCTCCTA-4593_TN	3	4593_TN	10.836565	10.348278
ACTTAGGTCGCTAATG-4593_TN	2	4593_TN	11.399638	3.194409
TCCTCGAAGATTAGCA-4593_TN	2	4593_TN	11.843512	3.8167865
CCTACGTTCACACGAT-4593_TN	7	4593_TN	10.536181	12.725371
TGCCGAGCAAGATTGA-4593_TN	11	4593_TN	14.009891	3.1861284
AGGGCTCGTTTACCAG-4593_TN	11	4593_TN	9.612312	7.022046
GTTTACTAGAAGCTGC-4593_TN	apCAF	4593_TN	9.19876	-0.026965119
CGAGAAGTCCATTCAT-4593_TN	11	4593_TN	13.42409	5.1944957
AGACCATAGACGGTTG-4593_TN	apCAF	4593_TN	8.230944	-0.32592124
ACATCGACATGTTACG-4593_TN	3	4593_TN	11.853085	10.456774
GAAGAATCACATCCCT-4593_TN	5	4593_TN	8.060466	3.5228856
CCGCAAGAGTTGGGAC-4593_TN	myCAF	4593_TN	12.80609	5.1607604
GAGACTTAGTAGACAT-4593_TN	11	4593_TN	13.258572	3.8834968
TGTGGCGAGTCAGAGC-4593_TN	2	4593_TN	9.955855	1.7853192
GAGGGATCAAAGAACT-4593_TN	5	4593_TN	7.918638	5.377464
CAGGTATGTCCTCCTA-4593_TN	11	4593_TN	13.171278	2.9113216
AGGCTGCCACCACATA-4593_TN	8	4593_TN	11.7200985	11.587826
CCCTTAGCATGAAGGC-4593_TN	8	4593_TN	11.888258	12.684523
CACTAAGTCAGCAATC-4593_TN	3	4593_TN	10.948955	10.812
CGGGCATAGCGCCTAC-4593_TN	11	4593_TN	10.546984	4.5997415
TTCCTAATCGTGTTCC-4593_TN	apCAF	4593_TN	7.674188	-0.055129204
GCTTGGGTCGTGGGAA-4593_TN	myCAF	4593_TN	11.447341	8.080345
ACAGCCGTCCCGAATA-4593_TN	3	4593_TN	10.837216	10.338825
TTATTGCCACCAAATC-4593_TN	3	4593_TN	12.510874	11.877703
AGATGCTTCATCGACA-4593_TN	2	4593_TN	9.831675	3.3061275
ATTACTCGTTCGGCTG-4593_TN	3	4593_TN	10.571437	8.966529
ACCAAACGTATACAGA-4593_TN	6	4593_TN	8.336324	8.255797
TTCTAACGTATGGAGC-4593_TN	2	4593_TN	10.72204	2.4732056
GACATCAAGTCCCAGC-4593_TN	5	4593_TN	7.689062	2.5194914
TGACTCCTCCTGGGTG-4593_TN	11	4593_TN	14.151934	4.014236
TTTGATCGTCAGCTTA-4593_TN	2	4593_TN	11.038741	3.3084931
TCCTTTCCATGAGATA-4593_TN	11	4593_TN	14.019884	6.8400536
ATCGGCGCACTCATAG-4593_TN	2	4593_TN	11.632507	1.91239
AGGATAAGTCGCTCGA-4593_TN	2	4593_TN	10.328359	2.5882368
GACTCAAAGCTCGGCT-4593_TN	11	4593_TN	13.569246	3.288447
TTACGCCCAATGAAAC-4593_TN	2	4593_TN	10.478213	2.231967
TAGCACACAGCGGATA-4593_TN	2	4593_TN	11.814316	2.3105583
AAAGGTAAGACCCGCT-4593_TN	11	4593_TN	10.6964855	5.613715
CAGCGTGGTACTGGGA-4593_TN	apCAF	4593_TN	8.823448	-0.7750415
GTGTCCTAGCAAGTCG-4593_TN	5	4593_TN	8.107187	4.246408
AAGAACATCCCATACC-4593_TN	6	4593_TN	7.5914474	8.856665
TGCGACGCAGGTAGTG-4593_TN	3	4593_TN	11.152668	9.174933
CTATCCGGTTCCTAAG-4593_TN	6	4593_TN	8.434946	8.159195
TCGCTCAGTCTGCCTT-4593_TN	2	4593_TN	10.754391	1.5995107
ACCACAAGTCGCCACA-4593_TN	11	4593_TN	10.380021	5.4530625
GACGCTGTCTCAAAGC-4593_TN	2	4593_TN	11.172761	0.88808113
CTGCCATCAGTAGAGC-4593_TN	3	4593_TN	10.198613	10.029883
AGTAACCAGTCCCGAC-4593_TN	6	4593_TN	8.842033	8.735877
CCCTCTCGTAGGACCA-4593_TN	2	4593_TN	9.942132	0.9335052
GAAGTAATCATTATCC-4593_TN	11	4593_TN	10.491753	4.762506
TACTTGTCAAAGACTA-4593_TN	6	4593_TN	8.905241	8.666578
ATTCTTGGTTAGCTAC-4593_TN	2	4593_TN	9.925948	3.596256
CCTTGTGTCTACCCAC-4593_TN	2	4593_TN	9.901206	3.538838
GACCGTGGTGGGCTTC-4593_TN	apCAF	4593_TN	9.388448	0.9466356
AATGACCGTCTTACAG-4593_TN	5	4593_TN	7.525441	4.0534325
AACAACCGTTGGCCTG-4593_TN	2	4593_TN	9.964044	3.3010173
GTTGTCCCATCGTGCG-4593_TN	apCAF	4593_TN	8.500026	0.36122414
GCCATTCGTCTTGTCC-4593_TN	2	4593_TN	10.98661	3.3266337
GTACAACCAAACTCTG-4593_TN	2	4593_TN	10.793915	3.8589778
GGAGATGCATGCTGCG-4593_TN	11	4593_TN	13.801123	3.0861824
TCGACCTTCTCTCTTC-4593_TN	2	4593_TN	10.775336	5.220512
CGCCATTCAGTCTCTC-4593_TN	11	4593_TN	9.850517	6.0821514
GCTTGGGCAGCTAACT-4593_TN	2	4593_TN	10.330844	2.6679373
CACAGATTCTGGAAGG-4593_TN	2	4593_TN	10.148276	3.494413
TACCCACTCTGCAGCG-4593_TN	3	4593_TN	10.287139	9.20821
CAGCGTGCATGAGATA-4593_TN	apCAF	4593_TN	7.4209633	0.25153366
GTGTCCTGTGCACATT-4593_TN	5	4593_TN	8.710706	2.4410555
CGTGATAGTCATACCA-4593_TN	0	4593_TN	8.836132	10.853508
ATGACCATCCCTTTGG-4593_TN	apCAF	4593_TN	9.576543	1.7104217
AGGGTCCCAAGTCGTT-4593_TN	apCAF	4593_TN	7.720479	0.001378755
CTCATTACACCAGTTA-4593_TN	myCAF	4593_TN	12.795057	6.168369
AGTAGTCCAACGCCCA-4593_TN	11	4593_TN	13.589243	4.936528
CGCGTGATCACATTGG-4593_TN	2	4593_TN	10.015495	0.8877778
TCTGCCACATGACAAA-4593_TN	6	4593_TN	8.998998	7.6056547
GTTAGACCAGGGACTA-4593_TN	2	4593_TN	10.443934	4.0020933
CAACGGCCAAATGATG-4593_TN	2	4593_TN	10.369725	2.0537076
ATTCTTGGTCTCCCTA-4593_TN	2	4593_TN	9.476262	3.5927434
TTGTTGTCAACGCCCA-4593_TN	apCAF	4593_TN	8.416781	-0.45231074
TCAGCCTTCTGTTGGA-4593_TN	6	4593_TN	9.9754925	9.080957
CAACAACAGACTTAAG-4593_TN	6	4593_TN	8.508046	7.9983354
CATTCCGGTTAAACAG-4593_TN	iCAF	4593_TN	13.49463	13.6700535
TCATTGTGTCTCTCTG-4593_TN	11	4593_TN	14.116681	3.3001246
ACATTTCTCGGTAGAG-4593_TN	myCAF	4593_TN	13.020663	6.297537
GTGATGTGTTTACCAG-4593_TN	11	4593_TN	13.775293	6.3945246
CTGAATGCAAGATGGC-4593_TN	apCAF	4593_TN	9.1690445	0.6164034
CATGAGTAGGCCACTC-4593_TN	2	4593_TN	10.633134	4.3513627
CAGATTGGTCTTCATT-4593_TN	11	4593_TN	9.449046	6.500936
CTACATTGTTATGTCG-4593_TN	11	4593_TN	9.723011	6.517427
GGTGTCGCACAAGCCC-4593_TN	3	4593_TN	10.153164	9.26244
TCCACGTGTTATTCCT-4593_TN	3	4593_TN	11.727595	9.719436
TGACTCCTCGTAGTCA-4593_TN	apCAF	4593_TN	7.5208387	-0.68496346
TGTACAGGTCTACAGT-4593_TN	myCAF	4593_TN	10.776804	5.9805217
AGGAGGTCACCCAATA-4593_TN	2	4593_TN	9.638974	2.7598503
TTGCTGCTCTTGATTC-4593_TN	2	4593_TN	10.246307	1.7121912
ATTCACTGTGCGAGTA-4593_TN	11	4593_TN	9.588227	6.270036
GTGGTTATCAGGTGTT-4593_TN	11	4593_TN	9.701801	6.2813654
ATAGACCGTAGTAAGT-4593_TN	2	4593_TN	11.045062	3.604494
GAGCCTGCAGGAATCG-4593_TN	6	4593_TN	8.044197	7.9893565
GTCCTCACAATAACGA-4593_TN	2	4593_TN	10.413541	0.75370127
GCTGAATAGAGGCGGA-4593_TN	5	4593_TN	7.7789426	2.5066848
CATAGACGTTAGGGTG-4593_TN	0	4593_TN	8.884386	9.970958
CCTCTCCCAACTCATG-4593_TN	2	4593_TN	10.959158	0.935519
AAGTGAACATATGCGT-4593_TN	5	4593_TN	6.976499	2.5441985
TCCGATCCAGCCCAGT-4593_TN	11	4593_TN	10.536579	5.4097705
TTGGGCGGTGGAATGC-4593_TN	3	4593_TN	9.943169	9.166933
TCATCCGCATTGAAAG-4593_TN	iCAF	4593_TN	11.432708	15.075168
GCCAGTGCATTCAGCA-4593_TN	2	4593_TN	10.270762	3.0359087
TACGGGCGTTGGACCC-4593_TN	apCAF	4593_TN	8.512126	0.15402327
TAGACCACATGTTCAG-4593_TN	2	4593_TN	10.2656555	3.3796077
GCGGAAATCTGCGGCA-4593_TN	7	4593_TN	8.351639	11.111905
TCATTACGTGGCTGCT-4593_TN	7	4593_TN	10.160261	10.674426
GTTGTGATCTTGGCTC-4593_TN	2	4593_TN	9.98888	3.3972561
CCAATTTTCTTACACT-4593_TN	5	4593_TN	8.587502	6.1036553
AGACTCACATCGATAC-4593_TN	apCAF	4593_TN	7.7840953	-0.062074147
TATTGGGTCGCAGATT-4593_TN	5	4593_TN	7.898061	6.3772073
TATCGCCAGGGTGAAA-4593_TN	6	4593_TN	7.488697	8.017097
TCGGTCTTCACCATGA-4593_TN	5	4593_TN	7.6020513	5.2811513
GTTTACTGTAGTCGGA-4593_TN	11	4593_TN	10.164361	5.816942
ACTGTGAAGTAAACTG-4593_TN	3	4593_TN	11.219776	9.320276
AAGTGAACATGACAAA-4593_TN	myCAF	4593_TN	11.525421	5.2242427
TCAAGCAGTCGTCATA-4593_TN	2	4593_TN	10.84776	1.0876527
ACGGTCGCACTACCGG-4593_TN	apCAF	4593_TN	7.8841405	-0.03293379
GTAGTACAGATTGATG-4593_TN	2	4593_TN	10.030908	2.3132882
TCGGGTGGTCCTTAAG-4593_TN	5	4593_TN	8.257651	5.199605
TGGTAGTGTTCTTGTT-4593_TN	11	4593_TN	11.0789585	5.5004196
CAGCACGTCACTTGGA-4593_TN	2	4593_TN	10.868541	3.5396032
ACGATCAGTCAAACGG-4593_TN	myCAF	4593_TN	11.394226	5.175309
GCACGTGTCCTATTTG-4593_TN	11	4593_TN	9.627304	5.9757347
GTCACTCCAGGGAATC-4593_TN	3	4593_TN	10.324301	10.429586
GCTGAATGTCAGATTC-4593_TN	8	4593_TN	11.184272	13.163811
CATGCGGTCTGTCTCG-4593_TN	2	4593_TN	9.974273	1.8750248
AGTCTCCGTGACTCGC-4593_TN	2	4593_TN	10.090645	4.340547
TGGATGTTCAAGCCTA-4593_TN	6	4593_TN	6.6164985	8.659366
TGGGTTACAACCGCTG-4593_TN	myCAF	4593_TN	12.879157	8.092531
CTTCCGATCACATCAG-4593_TN	2	4593_TN	9.386675	2.1167743
CGAAGGAGTTCAATCG-4593_TN	2	4593_TN	12.468896	3.8278933
CGATGGCAGATCGCCC-4593_TN	2	4593_TN	10.234889	2.4708636
TGACGCGAGGCAGCTA-4593_TN	11	4593_TN	11.282395	4.4476056
TTCACCGGTACACGTT-4593_TN	11	4593_TN	10.461373	7.610477
CGAAGTTTCTTTCTAG-4593_TN	apCAF	4593_TN	8.991034	-0.54098725
GTGGTTAGTTTAGTCG-4593_TN	3	4593_TN	10.478405	8.565404
AACAAGAAGGGCATGT-4593_TN	3	4593_TN	11.534919	9.148706
GACATCAAGCGGACAT-4593_TN	0	4593_TN	8.69772	10.505196
CTGCCTAAGGAAGTAG-4593_TN	apCAF	4593_TN	8.980156	-0.778466
TCATGAGAGGCACTAG-4593_TN	11	4593_TN	10.623169	5.3449407
GAACGTTCAGACCAGA-4593_TN	11	4593_TN	13.0644865	8.821338
TTCTAACCAAACTAGA-4593_TN	11	4593_TN	9.1297455	7.153091
GAAGCGAAGATACGAT-4593_TN	myCAF	4593_TN	10.9928875	4.7936
TGGGATTAGTGATGGC-4593_TN	2	4593_TN	10.055267	3.627785
GTCCTCATCTAGCCTC-4593_TN	2	4593_TN	9.639706	0.48810056
GCAACATAGTTGGAAT-4593_TN	2	4593_TN	11.249023	0.9901533
GTGAGTTAGTTATGGA-4593_TN	2	4593_TN	11.193793	3.0609713
AACCTTTCAGCCGTTG-4593_TN	2	4593_TN	9.449916	0.74339813
TCTGTCGAGCACTAGG-4593_TN	apCAF	4593_TN	9.429467	0.28691387
CATCCCAGTATCCTTT-4593_TN	11	4593_TN	10.481318	5.673769
ACGTAGTGTCTTCCGT-4593_TN	myCAF	4593_TN	10.842392	8.574049
ATCTCTAGTACGGATG-4593_TN	3	4593_TN	10.8242	10.41394
TGGATCATCATTATCC-4593_TN	5	4593_TN	8.223021	3.4718351
CATTGTTTCATAAGGA-4593_TN	2	4593_TN	9.709308	2.8842218
GCCGTGACAGCGATTT-4593_TN	2	4593_TN	10.892999	3.4667146
GAGCCTGGTCGAATTC-4593_TN	2	4593_TN	9.83916	5.813581
GAAGGGTAGTTCATGC-4593_TN	iCAF	4593_TN	13.624866	13.481217
TTTCCTCGTGAATGTA-4593_TN	2	4593_TN	11.232135	4.024852
CCTCTAGGTAACGCGA-4593_TN	2	4593_TN	10.924033	0.9766762
GCCCGAATCCACCTCA-4593_TN	11	4593_TN	9.3645525	5.799287
TTTAGTCCAGAACCGA-4593_TN	7	4593_TN	10.554584	11.376241
GTTATGGAGCTCCATA-4593_TN	2	4593_TN	10.235049	3.3302
TGAATCGTCGGCAGTC-4593_TN	3	4593_TN	10.205582	10.242096
TTCTGTAGTACTGTTG-4593_TN	2	4593_TN	9.851295	1.2225815
TTCCTTCGTGAATTAG-4593_TN	6	4593_TN	9.042166	8.335641
AAGCCATTCCATCTAT-4593_TN	11	4593_TN	13.415744	3.6418993
TGGAGAGGTTGCACGC-4593_TN	7	4593_TN	10.343443	12.038615
TAGGTTGCAGAGTGTG-4593_TN	8	4593_TN	12.144613	12.588003
CTCATCGGTTGTTTGG-4593_TN	2	4593_TN	9.61685	1.5508497
GCGAGAACAGAGCCCT-4593_TN	0	4593_TN	8.482355	11.23912
ATCCCTGAGCTACTGT-4593_TN	apCAF	4593_TN	9.189358	-0.36744264
TATTTCGCACCACATA-4593_TN	11	4593_TN	10.2505455	6.86873
ACTGATGTCTACACTT-4593_TN	2	4593_TN	10.210259	0.9513034
ATCGATGCAAATAAGC-4593_TN	3	4593_TN	10.479256	9.827318
TCGTGGGTCATCCTAT-4593_TN	5	4593_TN	5.9906907	4.069405
TCTTTGACAGCCTATA-4593_TN	11	4593_TN	11.622636	5.431761
TACCGAAGTCAGTTTG-4593_TN	11	4593_TN	10.044633	5.563771
TTCACCGCAAGCCTGC-4593_TN	11	4593_TN	10.36799	5.2088795
CCTCAGTTCCGCGATG-4593_TN	apCAF	4593_TN	8.933764	0.016715968
CAGCACGTCGGCCAAC-4593_TN	11	4593_TN	10.120883	6.659936
CCTCCTCTCTGGACCG-4593_TN	myCAF	4593_TN	13.2532215	8.134418
CTCTGGTAGAGAGGGC-4593_TN	myCAF	4593_TN	11.318825	6.281766
AGGTTGTAGGGAGGGT-4593_TN	11	4593_TN	11.085235	6.189061
ACAGGGATCCACTTCG-4593_TN	11	4593_TN	13.125583	2.8830578
TTCATGTGTGGGAGAG-4593_TN	apCAF	4593_TN	9.657075	1.4794455
TGGATCAAGACGGTCA-4593_TN	myCAF	4593_TN	9.924262	5.2012954
CTCCACAGTGTCGATT-4593_TN	2	4593_TN	10.165682	4.3710294
GGGATCCGTCGGAAAC-4593_TN	2	4593_TN	10.274375	1.4282265
GATGGAGGTGCCAAGA-4593_TN	2	4593_TN	9.585927	1.8756661
TTGCATTTCTAGGCCG-4593_TN	2	4593_TN	10.474168	3.0941389
CATGGATCAGATCATC-4593_TN	iCAF	4593_TN	12.464349	13.288726
CTGTGAAAGAAACTCA-4593_TN	2	4593_TN	10.6918335	1.2087936
GCTTGGGCAATTGAGA-4593_TN	3	4593_TN	11.619944	9.804226
TATTCCAAGACTGGGT-4593_TN	2	4593_TN	11.12233	1.0763687
ATGATCGGTCTAGGTT-4593_TN	0	4593_TN	8.608462	9.736929
GGGCCATTCTATGCCC-4593_TN	2	4593_TN	10.664318	4.2845016
ATGACCATCCGGTAGC-4593_TN	2	4593_TN	10.636992	0.6696837
TCAGCCTAGTCATGGG-4593_TN	6	4593_TN	8.462944	8.340541
GGTTGTACAGACGCTC-4593_TN	3	4593_TN	10.306245	10.131405
TGAACGTGTGAGGATC-4593_TN	0	4593_TN	6.0208735	11.749437
GTAATGCTCACTGGGC-4593_TN	7	4593_TN	9.2555685	11.496585
CTCAGTCAGCCTGGAA-4593_TN	8	4593_TN	12.670472	11.745344
AAGAACACATAACGGG-4593_TN	2	4593_TN	10.849825	1.1563379
CTCTGGTCACGTAACT-4593_TN	6	4593_TN	7.0442996	9.554498
TATGTTCAGAAGATCT-4593_TN	2	4593_TN	11.456871	3.7412312
TCCTTTCGTCCATAGT-4593_TN	0	4593_TN	8.827044	10.811736
ATCACTTCAGAATCGG-4593_TN	11	4593_TN	13.793528	3.0834703
TACAACGGTACGCTTA-4593_TN	iCAF	4593_TN	12.272693	13.661161
TTCCGTGTCTACTCAT-4593_TN	3	4593_TN	10.805552	8.819079
GAGCCTGTCCACGGAC-4593_TN	2	4593_TN	12.593607	3.3432121
ACCAACAGTTACCCAA-4593_TN	2	4593_TN	10.526597	1.3742323
GTAATCGTCCCGATCT-4593_TN	2	4593_TN	10.857398	0.9399881
GTGTGGCTCGGATTAC-4593_TN	2	4593_TN	12.394074	2.5791128
AGCGCTGCACAGACGA-4593_TN	apCAF	4593_TN	9.328191	0.27694818
AGACACTTCCCGTGTT-4593_TN	5	4593_TN	7.5786023	4.4220686
ATTACCTGTGTCATCA-4593_TN	10	4593_TN	1.1653358	5.4842367
TGTGTGACAAATCAAG-4593_TN	6	4593_TN	7.765069	8.379046
GCCAACGGTTCTTCAT-4593_TN	apCAF	4593_TN	9.0841675	0.13053219
CAAGGGAAGGATTCAA-4593_TN	8	4593_TN	12.175425	11.593612
CCTTTGGAGGGACTGT-4593_TN	11	4593_TN	12.430863	3.2579513
TTGGGTATCGATAACC-4593_TN	6	4593_TN	10.074896	9.245273
TGAATGCTCTCGTTTA-4593_TN	6	4593_TN	7.677297	7.796641
ATCACTTTCTACGGGC-4593_TN	11	4593_TN	9.919243	6.0167384
TGTTCATGTCCGGATC-4593_TN	11	4593_TN	9.545465	5.1615167
TATGTTCGTCTGCATA-4593_TN	3	4593_TN	10.872149	9.734417
GCCATGGTCGAACCTA-4593_TN	3	4593_TN	11.135671	9.175002
TGGATGTAGCGATTCT-4593_TN	3	4593_TN	11.191607	10.856458
TTGCTGCCACATTACG-4593_TN	iCAF	4593_TN	12.023089	14.431749
AGCTACAGTAGCGAGT-4593_TN	3	4593_TN	9.436871	10.234612
AGGATCTAGCAAGTCG-4593_TN	6	4593_TN	8.312369	7.759251
ATGTCTTTCAGAGCAG-4593_TN	2	4593_TN	11.845137	3.7458503
TACTGCCTCAGTGTCA-4593_TN	iCAF	4593_TN	11.780022	12.512342
AGTCATGGTACCTGTA-4593_TN	10	4593_TN	1.3995678	5.1491137
CACTAAGTCCGATAGT-4593_TN	2	4593_TN	11.8427925	2.1543365
GCACATACACCATATG-4593_TN	3	4593_TN	9.323372	9.19963
GAGCTGCTCGGAGTAG-4593_TN	2	4593_TN	10.512136	3.3168893
GCAGCTGGTACGAGTG-4593_TN	apCAF	4593_TN	7.509828	-0.6001381
TCTGTCGCAGGTTCCG-4593_TN	7	4593_TN	9.339519	11.8915825
TAGACTGAGTTCCGGC-4593_TN	11	4593_TN	9.377648	7.0273128
GGGTAGAGTTAGCGGA-4593_TN	7	4593_TN	9.908286	12.09119
CGAAGTTAGCCTTGAT-4593_TN	2	4593_TN	10.271251	1.8225987
GTTACCCGTCTATGAC-4593_TN	11	4593_TN	11.283129	4.5371118
TTGATGGTCTCTAGGA-4593_TN	7	4593_TN	10.446941	11.419193
GGGTTATAGCGGATCA-4593_TN	11	4593_TN	9.516342	7.119951
GTTCATTAGGATACAT-4593_TN	2	4593_TN	10.277374	3.7832093
CTTTCAACAAGAGATT-4593_TN	0	4593_TN	8.755873	10.515551
ACAGCCGTCTCGAGTA-4593_TN	2	4593_TN	9.022832	2.5812652
ACCACAAGTTCTGAGT-4593_TN	11	4593_TN	10.544823	5.193848
GGGTATTTCATGCCAA-4593_TN	10	4593_TN	1.1850557	3.8932643
CTCATCGGTCCTCATC-4593_TN	2	4593_TN	10.38392	2.3056047
AATAGAGGTGAGCTCC-4593_TN	myCAF	4593_TN	12.629637	6.872727
GCACGGTGTATCTCTT-4593_TN	8	4593_TN	11.844355	11.710035
GGAGGTAAGTGGAATT-4593_TN	3	4593_TN	11.027925	10.438318
CTGCGAGGTTAAGACA-4593_TN	11	4593_TN	9.433915	6.5583887
AATGGAAAGTATGATG-4593_TN	3	4593_TN	10.987519	9.017434
ATCCATTTCGAGATGG-4593_TN	2	4593_TN	11.456481	4.662399
CCCGAAGCATGCAGCC-4593_TN	11	4593_TN	10.553371	5.2884626
CCCTCTCAGTCTCTGA-4593_TN	3	4593_TN	12.594383	11.206002
GCATTAGAGCATGCGA-4593_TN	11	4593_TN	10.497977	4.575007
ATTGGGTGTCGCGTCA-4593_TN	myCAF	4593_TN	11.071837	7.760444
CCTAACCGTTCCCACT-4593_TN	3	4593_TN	12.34654	11.959119
TACTTACAGGCTGTAG-4593_TN	2	4593_TN	9.908075	1.1978714
AAGTCGTAGACGAAGA-4593_TN	7	4593_TN	10.810729	11.111026
TAACCAGTCTAGACAC-4593_TN	2	4593_TN	11.888449	3.0725567
TTCCACGAGCTATCCA-4593_TN	iCAF	4593_TN	11.794561	15.016593
CATCCGTTCCGGACGT-4593_TN	myCAF	4593_TN	12.170532	5.3353457
GAACACTTCTCTGACC-4593_TN	myCAF	4593_TN	11.960234	6.4366555
CATCGCTAGGGTGGGA-4593_TN	2	4593_TN	10.0170765	3.2079778
CTGAGGCAGGATGCGT-4593_TN	2	4593_TN	11.041732	1.8982799
CGTAAGTAGCGCCTCA-4593_TN	2	4593_TN	10.675068	2.230734
ATCGCCTTCAAGGACG-4593_TN	10	4593_TN	1.4317719	5.2249656
GTAACACGTCCAAGAG-4593_TN	11	4593_TN	10.118906	7.419166
AAGGTAAAGAACTCCT-4593_TN	6	4593_TN	8.309201	9.882109
GAATCACTCTTACTGT-4593_TN	iCAF	4593_TN	11.449093	14.1052
GGAAGTGCACATCCCT-4593_TN	2	4593_TN	10.005198	3.559379
GACTATGCAACCCTAA-4593_TN	11	4593_TN	13.908412	3.1748357
TGAGGAGCAACGGCCT-4593_TN	2	4593_TN	10.788631	3.7940419
GAGTCTAAGGCGATAC-4593_TN	11	4593_TN	9.819604	6.7620206
TGAACGTTCATCACAG-4593_TN	2	4593_TN	11.390154	2.589281
GGTAGAGGTGTTCATG-4593_TN	6	4593_TN	9.440658	8.063804
GCCGTGAGTCGAGTTT-4593_TN	6	4593_TN	9.716272	7.708185
CATACTTCAGAAGCGT-4593_TN	apCAF	4593_TN	9.779732	0.25762078
GCAACCGCACGGCCAT-4593_TN	iCAF	4593_TN	11.436097	14.462928
GACTCAAAGTCCTGCG-4593_TN	apCAF	4593_TN	8.882829	0.20599478
CTTCTAATCCTGGGTG-4593_TN	2	4593_TN	10.194028	3.4702373
CGTTAGATCAGAATAG-4593_TN	myCAF	4593_TN	11.803183	7.5667696
TGGGAGATCTTCGCTG-4593_TN	5	4593_TN	8.347926	3.054002
CCCATTGAGGCTAACG-4593_TN	apCAF	4593_TN	8.010878	0.086300015
TGGAGGAGTACCCGCA-4593_TN	2	4593_TN	9.954434	4.31797
TGAATGCAGGTCGAGT-4593_TN	apCAF	4593_TN	8.710333	0.030490257
AGGCTGCAGCATGTTC-4593_TN	iCAF	4593_TN	11.623123	13.462745
AAGTTCGAGCTCTTCC-4593_TN	myCAF	4593_TN	12.12294	6.327923
TCGAACACACAGAGCA-4593_TN	11	4593_TN	13.324072	4.0346127
TCAGCCTGTAAGATCA-4593_TN	myCAF	4593_TN	12.6824665	6.212824
AGGAAATAGTTTGAGA-4593_TN	7	4593_TN	9.284534	11.291427
TTTGGAGGTATGTCTG-4593_TN	8	4593_TN	12.506597	12.229629
TGAATCGAGCAGAAAG-4593_TN	6	4593_TN	9.367833	8.863927
GATGTTGGTAGGGTAC-4593_TN	11	4593_TN	13.397541	2.9880404
CGGAATTGTGGGATTG-4593_TN	apCAF	4593_TN	9.523441	-0.36413893
TTGGGCGTCAACGCTA-4593_TN	11	4593_TN	9.547365	6.5425987
CAATGACGTAGGCAAC-4593_TN	2	4593_TN	11.197518	1.1587096
GAATAGATCAAAGACA-4593_TN	8	4593_TN	11.762099	12.254555
CATGCTCCATTGTACG-4593_TN	11	4593_TN	13.6092615	3.9741204
GGTGAAGGTTTCACAG-4593_TN	2	4593_TN	10.805286	1.5403394
AGAAGTAAGCTTACGT-4593_TN	0	4593_TN	8.412969	10.721974
GATCACAGTTCGGCTG-4593_TN	5	4593_TN	7.8105445	4.6601686
GAAGTAACACTGATTG-4593_TN	apCAF	4593_TN	9.640886	1.0194205
GTCTCACAGCGCGTTC-4593_TN	2	4593_TN	10.41763	2.2172906
GCTTGGGAGATACAGT-4593_TN	11	4593_TN	11.019314	4.435867
CTGCCTAAGTGTTCAC-4593_TN	2	4593_TN	10.92739	3.9861217
GCACATATCCTACTGC-4593_TN	iCAF	4593_TN	12.202663	15.530692
GAGTCTAGTTGCCATA-4593_TN	11	4593_TN	13.473793	2.9104557
CAACCTCAGATCCAAA-4593_TN	2	4593_TN	9.912386	3.3636649
GACGTTACACCCTGTT-4593_TN	5	4593_TN	8.149092	2.9578195
CTGCCATGTGTGCTTA-4593_TN	myCAF	4593_TN	12.582511	7.82935
TCAAGTGTCTGGGCGT-4593_TN	myCAF	4593_TN	11.492996	6.596222
CTGCCTAAGCAACAGC-4593_TN	apCAF	4593_TN	9.078637	-0.81458914
CTGTCGTCAATACCCA-4593_TN	0	4593_TN	5.253685	9.701826
TCCGAAATCGGTGCAC-4593_TN	0	4593_TN	7.103932	10.395027
AGAAGTAAGTCAAGCG-4593_TN	11	4593_TN	13.230598	3.9567506
GTGTTAGGTGAATGTA-4593_TN	5	4593_TN	8.358706	6.1725187
CTCAACCAGCATCAAA-4593_TN	2	4593_TN	10.55159	0.60695386
AGAAATGAGCAAGCCA-4593_TN	11	4593_TN	13.784802	2.9949117
AGTGTTGAGGTTCTAC-4593_TN	2	4593_TN	10.667425	1.6720557
CTACGGGCAAGCGAAC-4593_TN	6	4593_TN	7.8831406	8.496982
ATTCACTTCATTGCCC-4593_TN	0	4593_TN	7.8754444	11.013935
GGAGCAACAGTGCCTG-4593_TN	7	4593_TN	10.191067	13.259018
GGTGGCTGTTCTCGTC-4593_TN	11	4593_TN	11.060463	6.0358434
GAAGCCCCAGTCGAGA-4593_TN	2	4593_TN	9.33596	4.1839075
GTCTCACGTACAGTCT-4593_TN	apCAF	4593_TN	9.376544	-0.5852563
AGGAATACACCAAATC-4593_TN	5	4593_TN	7.6297245	5.781875
GTCATTTTCTTACCAT-4593_TN	2	4593_TN	10.532947	3.560234
TGGGAGACAAGCTGTT-4593_TN	2	4593_TN	10.39734	1.6615701
CTGAGCGGTGTCGCTG-4593_TN	3	4593_TN	11.799414	9.433787
TGTACAGCAAGAGTAT-4593_TN	7	4593_TN	10.17067	12.891606
AGGTTACTCCGTAGTA-4593_TN	myCAF	4593_TN	13.034364	4.8871074
GGAAGTGAGCACACAG-4593_TN	apCAF	4593_TN	9.515705	0.09396373
GAGTCATCACTGTGAT-4593_TN	2	4593_TN	9.528274	3.9871402
CTTCCGAGTGACTGTT-4593_TN	6	4593_TN	8.629767	8.934105
CGACAGCTCCACCCTA-4593_TN	apCAF	4593_TN	8.269965	-0.71682495
GTGCGTGCATGACTTG-4593_TN	2	4593_TN	10.418493	2.3036284
AATCACGGTTGCCGAC-4593_TN	8	4593_TN	10.562511	11.737781
CTGAATGGTGAATTGA-4593_TN	11	4593_TN	11.913176	4.869413
GATCAGTGTCCTGGTG-4593_TN	11	4593_TN	11.126309	5.1390805
CGCATAACATATGCGT-4593_TN	7	4593_TN	9.5876465	11.57287
TGATCAGCACCCTAGG-4593_TN	11	4593_TN	11.239516	4.437319
ACGATGTGTGCCTTTC-4593_TN	3	4593_TN	10.605051	10.068398
TGCTTGCTCGCTACGG-4593_TN	2	4593_TN	10.221952	3.4539328
TTTCCTCTCGATTTCT-4593_TN	6	4593_TN	10.153517	7.3421597
ATTCAGGAGGGCCAAT-4593_TN	6	4593_TN	8.38164	7.5641975
TTCACCGAGATGGCAC-4593_TN	11	4593_TN	10.775459	6.0140624
TCTCTGGCAGTGGCTC-4593_TN	2	4593_TN	9.882174	1.917644
CGCATGGTCAGACTGT-4593_TN	apCAF	4593_TN	9.329283	-0.59473556
ACCAACAGTTGTCTAG-4593_TN	11	4593_TN	13.299918	3.3543315
ATCAGGTCACTAAACC-4593_TN	9	4593_TN	5.8544254	15.911587
GCTACCTTCGAAGGAC-4593_TN	3	4593_TN	10.740937	6.0702004
CATCCACCAGACCCGT-4593_TN	6	4593_TN	10.310518	8.453121
TTACCATCATACACCA-4593_TN	6	4593_TN	7.3907847	8.423204
ATTCATCGTGGTCAAG-4593_TN	11	4593_TN	11.070708	4.587327
GGGTCACAGTGCAAAT-4593_TN	5	4593_TN	7.581346	4.361848
GTGAGCCAGAACGCGT-4593_TN	2	4593_TN	10.579053	3.8967433
TCACAAGTCAGCTTCC-4593_TN	2	4593_TN	10.454651	3.296164
GTTAGACCAGGTCCGT-4593_TN	3	4593_TN	11.110485	10.301899
TCCACCAAGAGCAGAA-4593_TN	apCAF	4593_TN	8.891298	0.701611
ATCATTCCATGACTGT-4593_TN	2	4593_TN	10.439873	3.284018
CATGCTCGTAGTCTTG-4593_TN	2	4593_TN	11.827233	3.936837
ACCTGAAGTATGCAAA-4593_TN	11	4593_TN	11.147852	4.8729444
GACTATGCACCCTGTT-4593_TN	11	4593_TN	13.443025	2.8996453
CCCGGAATCCTTCTTC-4593_TN	apCAF	4593_TN	8.053819	0.27573463
TGCATCCAGCGTGCCT-4593_TN	11	4593_TN	13.73251	4.879623
AGCCAGCCAGAGTCTT-4593_TN	2	4593_TN	10.874571	0.72150475
TGAGGTTGTTCCCACT-4593_TN	2	4593_TN	12.621843	3.7379382
TGTTCTATCGCTACAA-4593_TN	2	4593_TN	10.145051	3.82512
CCTATCGAGACGAGCT-4593_TN	2	4593_TN	9.618738	1.9053055
AAAGTGATCTATCCAT-4593_TN	2	4593_TN	10.828374	3.4437752
GTGGAAGTCTTCCCGA-4593_TN	myCAF	4593_TN	11.667746	6.3702936
AACGGGATCAGTCACA-4593_TN	0	4593_TN	8.079962	10.683595
GTAATGCGTAGAGCTG-4593_TN	0	4593_TN	5.479404	10.8413515
GTGAGGAAGGTCTGGA-4593_TN	iCAF	4593_TN	13.220629	14.316127
GATCCCTGTCCCTGAG-4593_TN	iCAF	4593_TN	13.49	14.456666
CATGCTCGTGCCGTAC-4593_TN	3	4593_TN	10.909933	11.18571
GCGAGAAGTGAATGTA-4593_TN	3	4593_TN	11.744545	10.023043
ATTGGGTCACCTATCC-4593_TN	2	4593_TN	10.920973	3.2687435
TTGTTGTCATCCTCAC-4593_TN	0	4593_TN	6.556988	9.6288395
CCTTTGGTCCGTTTCG-4593_TN	5	4593_TN	8.209627	3.8783073
TGATGCAAGCAAGGAA-4593_TN	11	4593_TN	13.335302	8.323537
GAACGTTGTGGATGAC-4593_TN	11	4593_TN	9.41769	6.681621
CTCAGAAGTAGGAGTC-4593_TN	5	4593_TN	8.764148	3.4050057
GTTACCCCAATATCCG-4593_TN	7	4593_TN	9.591577	12.5011835
GCAACCGCATGGCTGC-4593_TN	myCAF	4593_TN	11.143373	6.3463426
GGCTTGGAGGGAGTGG-4593_TN	2	4593_TN	10.468099	2.3169324
GTTATGGCACAAGGTG-4593_TN	11	4593_TN	14.331866	8.249232
TTCACCGGTAAGCGGT-4593_TN	apCAF	4593_TN	9.584101	-0.00492357
TGTCCTGGTTCCACAA-4593_TN	7	4593_TN	10.428198	11.028071
GATAGCTGTCGTCGGT-4593_TN	11	4593_TN	10.16329	3.4831655
GCGGATCAGGGATCGT-4593_TN	11	4593_TN	10.034515	6.7733345
GATTTCTGTGGTAACG-4593_TN	iCAF	4593_TN	12.475747	14.994081
GCACTAAAGGATTTCC-4593_TN	11	4593_TN	10.380902	6.4091964
GCCTGTTGTCGGAAAC-4593_TN	6	4593_TN	6.7667723	8.780385
TATTGGGTCGCCATAA-4593_TN	10	4593_TN	0.99860424	4.961504
CCGAACGGTAGTCTTG-4593_TN	2	4593_TN	12.037333	2.6354556
ACGGTCGAGGTCGCCT-4593_TN	3	4593_TN	10.812844	10.527005
TACTTGTAGCACCTGC-4593_TN	11	4593_TN	10.373108	6.109281
TATATCCGTAGAGTTA-4593_TN	2	4593_TN	10.316982	3.11536
ATCACTTAGGCTCTAT-4593_TN	0	4593_TN	5.003453	10.902641
TGAGTCAGTGCCCGTA-4593_TN	11	4593_TN	10.733335	5.928723
GAATCGTGTATCGCAT-4593_TN	2	4593_TN	10.629058	0.80774766
ACTTATCGTTCTAACG-4593_TN	11	4593_TN	13.999843	3.3814483
ACGGTCGGTCCTCAGG-4593_TN	8	4593_TN	13.138703	12.314972
TCAGTTTGTAACGATA-4593_TN	6	4593_TN	9.897729	8.7068815
TACACCCCATCTTCGC-4593_TN	11	4593_TN	11.5727625	4.3668475
ACTTTGTAGGAAAGAC-4593_TN	2	4593_TN	10.893986	4.013874
CTGATCCAGATAGCTA-4593_TN	2	4593_TN	11.079817	4.4015436
GTAACACAGCGGTAGT-4593_TN	11	4593_TN	11.498468	4.665414
TATCTGTGTGGATCGA-4593_TN	8	4593_TN	12.777888	11.805912
GGTGTCGGTACTGTTG-4593_TN	7	4593_TN	10.619023	11.40084
AACCTGACATGGAATA-4593_TN	apCAF	4593_TN	9.4914055	0.31673658
ATTACCTCACCGTCTT-4593_TN	2	4593_TN	10.604521	1.9661661
AAGGTAAGTGTCATCA-4593_TN	apCAF	4593_TN	8.780473	-0.7204264
AGAACCTTCCTTCTGG-4593_TN	0	4593_TN	7.4713564	10.79601
CATTTCAAGCACTCAT-4593_TN	3	4593_TN	10.864095	9.565763
GATGATCTCGCTGACG-4593_TN	2	4593_TN	10.115442	1.8093605
TTCTTGATCTCTTGCG-4593_TN	2	4593_TN	9.903163	2.9510527
ACGGTTATCGTCGGGT-4593_TN	2	4593_TN	12.119345	3.8196218
TTTGGAGTCTGGCCAG-4593_TN	3	4593_TN	10.784096	10.354626
CAACGGCTCGTAACTG-4593_TN	11	4593_TN	12.448664	4.21478
GTAATCGGTCCTTTGC-4593_TN	11	4593_TN	13.624976	3.7517507
CTGCCTATCTCTATAC-4593_TN	11	4593_TN	13.954726	3.3546407
TGAGGTTAGTTGTAAG-4593_TN	11	4593_TN	9.93855	6.8469043
TCATGGAGTTCCAAAC-4593_TN	7	4593_TN	10.041286	12.586772
TTGTTGTCATCGATGT-4593_TN	3	4593_TN	12.102119	10.086428
CTGTATTCACACACGC-4593_TN	6	4593_TN	7.4566493	8.637243
TCTGGCTCAGCTGCCA-4593_TN	11	4593_TN	9.746924	7.066545
AGGTGTTCATCCTGTC-4593_TN	7	4593_TN	10.197094	12.261384
AAGCGAGAGAAGCTGC-4593_TN	11	4593_TN	10.491975	5.758773
CCTCCAATCCCACAGG-4593_TN	0	4593_TN	8.117124	11.296631
TGGAGAGGTCACCGCA-4593_TN	0	4593_TN	6.7726746	10.141315
TGTTTGTTCGCGTCGA-4593_TN	11	4593_TN	10.992692	6.235698
CAGGTATAGGCTCCCA-4593_TN	iCAF	4593_TN	11.939171	13.959584
ACCAAACGTAGTGATA-4593_TN	apCAF	4593_TN	9.580689	0.67711174
TACGGTATCTCTGAGA-4593_TN	0	4593_TN	8.111051	10.93157
TCATTCAAGTCTTCCC-4593_TN	myCAF	4593_TN	12.511307	7.198275
TTCTTGAAGGATTTCC-4593_TN	11	4593_TN	13.348668	4.3467793
GTAGGTTGTGTCCATA-4593_TN	apCAF	4593_TN	9.457844	0.19496271
GATTGGTCACCAATTG-4593_TN	2	4593_TN	10.237518	1.1830361
CATTGTTGTCACTCGG-4593_TN	2	4593_TN	10.230537	3.8816702
AAGACAAGTACTCGTA-4593_TN	3	4593_TN	10.463443	10.1867285
GCATTAGCAATTAGGA-4593_TN	0	4593_TN	5.140002	11.959237
TAGATCGAGACGACGT-4593_TN	2	4593_TN	10.04575	3.7702088
TGAGCGCTCGCATTGA-4593_TN	iCAF	4593_TN	11.090591	14.436215
CTGTACCCATAGAAAC-4593_TN	3	4593_TN	11.761905	11.387416
GGGTTTAAGTTGGGAC-4593_TN	3	4593_TN	10.375254	10.110452
GGACGTCCACGTACTA-4593_TN	2	4593_TN	10.774936	2.5201538
CTCATGCTCTGCACCT-4593_TN	11	4593_TN	13.790594	4.941038
ACACGCGAGCACAAAT-4593_TN	7	4593_TN	8.887553	11.800304
TAAGCGTGTACGTGTT-4593_TN	11	4593_TN	12.049698	4.6289053
ATGATCGTCCTCTTTC-4593_TN	iCAF	4593_TN	11.123195	13.217856
TATTCCACAAGAGGTC-4593_TN	apCAF	4593_TN	9.295392	-0.6370045
TAGGGTTGTATCTCTT-4593_TN	2	4593_TN	10.277727	3.036147
GTCGTTCAGGGATCGT-4593_TN	10	4593_TN	1.9038644	5.7258883
CCTACGTTCTAGACCA-4593_TN	5	4593_TN	7.506076	2.0618243
CCCTGATTCTTTACAC-4593_TN	iCAF	4593_TN	11.961135	14.286398
TGACAGTTCCGTTGAA-4593_TN	7	4593_TN	10.123922	12.164725
CACAGATGTTGTCTAG-4593_TN	5	4593_TN	7.8441644	3.9499023
GTAGTACTCGTAACTG-4593_TN	7	4593_TN	10.165503	10.595078
TGAATGCTCCGTGTGG-4593_TN	3	4593_TN	10.445853	10.627367
CCTCCAATCGCAGTTA-4593_TN	0	4593_TN	9.183771	10.150515
CACGGGTCAAGACGGT-4593_TN	8	4593_TN	12.864773	11.435838
GTCAAGTTCTTCGATT-4593_TN	iCAF	4593_TN	11.491263	15.140834
GGAATGGAGTAGTGCG-4593_TN	7	4593_TN	11.101002	11.544382
GTGAGCCTCTCCGAAA-4593_TN	6	4593_TN	8.455534	9.084121
GTCACTCGTTTGGGTT-4593_TN	0	4593_TN	5.090002	9.638959
AAGACTCCACTAGTAC-4593_TN	9	4593_TN	11.081935	6.5701027
AGGGTGAGTAAGATTG-4593_TN	2	4593_TN	10.40529	2.7570884
CTATAGGCAGGCATGA-4593_TN	2	4593_TN	10.66753	1.2202073
TGCTGAACATGAGTAA-4593_TN	6	4593_TN	8.970584	7.751648
TGCACGGAGTGAGTGC-4593_TN	2	4593_TN	10.942452	1.8386632
GATGCTATCCTAGAGT-4593_TN	0	4593_TN	5.8670917	12.166419
GGTAATCGTGCGTTTA-4593_TN	11	4593_TN	10.854322	5.12721
CTACAGATCGAAATCC-4593_TN	myCAF	4593_TN	12.796436	8.167492
GTTGCGGTCTAGAGCT-4593_TN	2	4593_TN	11.095639	4.944646
CTCTGGTCAAGCACAG-4593_TN	6	4593_TN	8.001646	8.13667
TGCATGAGTCGAATGG-4593_TN	11	4593_TN	10.060413	6.5009036
GTAATGCGTTCTCTCG-4593_TN	2	4593_TN	12.000562	3.8171337
ATTCTACTCCCATGGG-4593_TN	3	4593_TN	11.12095	9.212393
CGTTCTGAGGTACTGG-4593_TN	0	4593_TN	7.3562884	10.288025
CGAAGGAAGCTCTGTA-4593_TN	11	4593_TN	13.154244	3.5754664
ATCAGGTAGACCATAA-4593_TN	7	4593_TN	10.694441	12.708426
TGTAGACCATCGTCCT-4593_TN	0	4593_TN	5.98646	11.054274
CCATAAGCAAGTCCAT-4593_TN	2	4593_TN	10.570921	2.0146058
GGCTTTCCATTCTCTA-4593_TN	0	4593_TN	7.9703717	9.722697
GGAATCTAGCTTCGTA-4593_TN	0	4593_TN	5.280149	12.193005
CTCATGCCAACATACC-4593_TN	0	4593_TN	6.523482	10.90244
TGTTGGACAGCTACAT-4593_TN	11	4593_TN	9.723305	8.00012
ACCTACCCAAACACGG-4593_TN	6	4593_TN	8.145473	7.9768333
TGCTTGCGTAGCACAG-4593_TN	6	4593_TN	7.320639	8.190223
GAACTGTCAATACCTG-4593_TN	7	4593_TN	9.8507595	12.778976
ACAAGCTCATCGGTTA-4593_TN	iCAF	4593_TN	13.11645	13.914126
TATCGCCGTATGGAGC-4593_TN	2	4593_TN	11.667747	2.9041343
TCATACTCAGAGAGGG-4593_TN	11	4593_TN	13.579324	8.333489
TGATGGTCACTTGGCG-4593_TN	iCAF	4593_TN	11.346034	12.926762
GACTTCCTCGCGCTGA-4593_TN	apCAF	4593_TN	8.482235	-0.8517069
TTATTGCGTCACTCAA-4593_TN	2	4593_TN	12.577623	3.5889893
CTCAAGAAGTCGAAAT-4593_TN	3	4593_TN	10.746784	10.19259
CACTAAGCAATCGTCA-4593_TN	2	4593_TN	10.836978	1.4390771
AAGCATCGTGGCTCTG-4593_TN	3	4593_TN	11.922423	10.255657
GTGGTTATCATTGAGC-4593_TN	11	4593_TN	13.409935	3.4982607
GGCTGTGCACAAACGG-4593_TN	2	4593_TN	11.895464	3.2490706
ACCTACCAGACTAGAT-4593_TN	6	4593_TN	8.241563	8.525743
TGATGGTAGACCTCAT-4593_TN	apCAF	4593_TN	8.557418	-0.5633454
GGGAGTAAGGTGGGTT-4593_TN	7	4593_TN	9.777904	11.388753
AGTCACAGTCACCGAC-4593_TN	0	4593_TN	4.990911	10.5493355
CTCCCAACATGACTAC-4593_TN	myCAF	4593_TN	11.982291	5.5813875
TACGCTCGTTGCTTGA-4593_TN	9	4593_TN	5.9403276	16.543882
AGAACCTCAAAGGATT-4593_TN	5	4593_TN	7.1908092	5.5719943
ATGCATGTCTTTCCGG-4593_TN	7	4593_TN	10.2745075	13.1203785
GAGCCTGAGGTCGCCT-4593_TN	5	4593_TN	8.955564	3.6638057
AGCTACAGTTCCGCGA-4593_TN	5	4593_TN	7.81439	5.9138813
GGGCCATCATGACGGA-4593_TN	apCAF	4593_TN	8.998237	-0.05192696
AGCGTATGTAAGTTGA-4593_TN	11	4593_TN	9.233639	6.948658
ACGGTCGTCCATGCAA-4593_TN	2	4593_TN	10.419008	3.3571854
GGTTCTCGTTAAGGGC-4593_TN	5	4593_TN	7.0466766	2.6311696
GAGAAATAGAGTTGCG-4593_TN	5	4593_TN	9.254861	7.0615544
TCAGTCCAGACAACAT-4593_TN	6	4593_TN	7.1394067	8.0206
ATTACTCAGTCCCAGC-4593_TN	8	4593_TN	11.866064	12.83153
GTAGTACGTGAGTTGG-4593_TN	11	4593_TN	10.908217	5.6027737
CCACCATTCTGTAACG-4593_TN	7	4593_TN	10.783921	12.623204
ACCTACCGTTGCCATA-4593_TN	7	4593_TN	11.787826	12.995682
AGACAGGCACTCCGGA-4593_TN	0	4593_TN	6.420023	11.592171
TCCTTTCCAAATACGA-4593_TN	2	4593_TN	10.647595	2.9470682
GGGAAGTAGCATAGGC-4593_TN	myCAF	4593_TN	12.048126	5.5517745
GCTTGGGAGTCTTCCC-4593_TN	0	4593_TN	7.4353456	11.193461
GATAGAAGTATCAAGA-4593_TN	2	4593_TN	10.553593	3.8281386
CTCCACAAGAGTGAAG-4593_TN	apCAF	4593_TN	9.068728	-0.6879984
GTAGGAGGTTAAGTCC-4593_TN	3	4593_TN	9.968615	8.613894
CAGGGCTCACGTACAT-4593_TN	3	4593_TN	11.342753	10.259754
CTGTCGTGTGAATTGA-4593_TN	5	4593_TN	8.429009	3.4874384
GTGATGTCAATGCAGG-4593_TN	6	4593_TN	10.965501	9.275789
AGGTAGGCAAGACGGT-4593_TN	5	4593_TN	5.9024534	4.465615
GATAGAAGTTCGGTCG-4593_TN	2	4593_TN	9.655357	2.386526
TATGTTCCAGAACCGA-4593_TN	2	4593_TN	12.138029	2.2862391
GATGATCGTCAAAGAT-4593_TN	myCAF	4593_TN	13.169713	6.330199
GGGTGAATCTCTGCTG-4593_TN	3	4593_TN	10.746079	9.247364
TTAGTCTAGAAGCTCG-4593_TN	0	4593_TN	8.460222	10.896452
AAACGCTGTTCGGACC-4593_TN	6	4593_TN	9.784342	9.0204115
AATTTCCTCCGTCACT-4593_TN	8	4593_TN	12.795283	13.545925
ACTGTCCAGGCGACAT-4593_TN	0	4593_TN	8.194664	11.300657
GCTGAATCATGACTCA-4593_TN	6	4593_TN	7.6591883	8.217535
GATCATGCAGTGCGCT-4593_TN	iCAF	4593_TN	11.895087	14.103934
GCGGATCGTTCCACAA-4593_TN	6	4593_TN	10.111528	8.752946
GTCATGAAGGCTCCCA-4593_TN	myCAF	4593_TN	13.51249	7.8759336
AGTAGCTTCCTCCACA-4593_TN	apCAF	4593_TN	7.4323606	-0.5997077
TGATCTTTCAGAGCGA-4593_TN	myCAF	4593_TN	11.6907625	7.856697
CCGTTCATCGTCTCAC-4593_TN	apCAF	4593_TN	8.223894	-0.9150897
CGGGTCAGTATGTCAC-4593_TN	apCAF	4593_TN	9.313029	-0.50576305
GAATCGTGTACCCACG-4593_TN	3	4593_TN	10.882535	9.065707
TGACGCGAGCGGACAT-4593_TN	2	4593_TN	11.080312	1.2497339
GCAGCCAAGCGAGTCA-4593_TN	7	4593_TN	9.910988	12.209861
ACGTAACGTGTATACC-4593_TN	2	4593_TN	11.611915	1.9466677
GGGCGTTCATCTAACG-4593_TN	10	4593_TN	2.1115434	4.8473396
GTTCGCTCAGGCCTGT-4593_TN	7	4593_TN	10.483325	12.421809
GACAGCCCAGGTCAGA-4593_TN	apCAF	4593_TN	8.613384	-0.6760915
GCGATCGTCGTAACTG-4593_TN	myCAF	4593_TN	11.7658205	4.4755516
TTCGGTCGTTGGTAGG-4593_TN	0	4593_TN	5.8883734	9.867399
GCTTTCGCATAGACTC-4593_TN	3	4593_TN	9.382612	12.372168
TCGACCTAGGCATCAG-4593_TN	7	4593_TN	10.136	11.924487
CTCCTCCTCACCGGTG-4593_TN	7	4593_TN	11.59493	13.12767
CAGGCCAAGTCGAATA-4593_TN	apCAF	4593_TN	9.275725	-0.6211951
ATCCGTCAGGAACTAT-4593_TN	7	4593_TN	11.139466	12.16413
CCCATTGCATATGCGT-4593_TN	11	4593_TN	10.959314	4.934646
ACGATGTCACTAGGCC-4593_TN	10	4593_TN	2.3697157	5.424742
ACAGAAATCCTCTGCA-4593_TN	3	4593_TN	11.085046	10.679901
AGGGTCCAGGCAGGGA-4593_TN	11	4593_TN	9.323023	7.064636
GTCTTTATCATAGGCT-4593_TN	11	4593_TN	9.794123	6.2082424
GTCGTAATCGATGCTA-4593_TN	10	4593_TN	1.3855852	4.7110376
TCCTTTCTCCTCAGAA-4593_TN	11	4593_TN	10.591784	5.3699846
GGGACTCCAATCCTAG-4593_TN	apCAF	4593_TN	9.875164	0.5305527
CACAGATTCATTGTTC-4593_TN	10	4593_TN	3.1184938	4.5981855
ATCCGTCCATATTCGG-4593_TN	iCAF	4593_TN	11.477845	14.232562
GCGTTTCCACGTACAT-4593_TN	11	4593_TN	14.126077	6.4329276
ACTTATCAGCTACGTT-4593_TN	11	4593_TN	10.587195	6.4811993
ACGTAGTCACAAAGTA-4593_TN	2	4593_TN	9.98175	4.1851063
CTGTGAAGTGTGGACA-4593_TN	6	4593_TN	7.8235965	8.469649
TCCATCGCAAGATGTA-4593_TN	myCAF	4593_TN	11.490028	4.533839
CACGTTCGTTGTATGC-4593_TN	myCAF	4593_TN	11.333115	7.5130315
CCAAGCGCATGGGTCC-4593_TN	2	4593_TN	10.690181	1.5860225
GATAGCTTCACGTAGT-4593_TN	9	4593_TN	6.901694	15.758998
CTCGAGGCAGATCATC-4593_TN	0	4593_TN	6.84763	9.808659
CATCGGGCAAGCCCAC-4593_TN	2	4593_TN	10.275878	2.985627
CATGCGGCATGTGCTA-4593_TN	2	4593_TN	12.095879	4.1953382
TCTTTGACAACACGAG-4593_TN	8	4593_TN	10.486357	11.680249
ATGAAAGCACTGTCGG-4593_TN	8	4593_TN	11.912899	12.262359
TCAGCCTCAAGAGTGC-4593_TN	7	4593_TN	8.491822	11.961193
CACGTGGTCGACACCG-4593_TN	11	4593_TN	10.531509	5.2667823
TTCCGGTGTCATAACC-4593_TN	6	4593_TN	6.8040166	9.032878
CGATGCGCAACTAGAA-4593_TN	3	4593_TN	10.895397	9.312094
ACATGCAGTTGTCATG-4593_TN	3	4593_TN	9.958691	9.4671135
GATCACAGTGAGTCAG-4593_TN	8	4593_TN	12.256602	12.894179
GTGTGGCTCTCTTCAA-4593_TN	2	4593_TN	10.848852	3.4874167
GTAAGTCAGGCTAGCA-4593_TN	6	4593_TN	9.311091	8.796372
GATGAGGTCTAACGGT-4593_TN	6	4593_TN	7.3185625	9.240922
ATAGAGAGTGGAGAAA-4593_TN	iCAF	4593_TN	11.3224535	13.278765
CTTCAATGTCGTTCAA-4593_TN	11	4593_TN	10.422533	5.193702
CTTTCGGCATTCACCC-4593_TN	iCAF	4593_TN	12.081454	13.801819
AACCAACTCACGGGCT-4593_TN	7	4593_TN	10.411341	12.815505
CTCACTGTCAGCATTG-4593_TN	3	4593_TN	10.342776	9.754787
TTCCACGGTAGCTGTT-4593_TN	11	4593_TN	12.910374	3.0715451
ATCACAGGTTTCGCTC-4593_TN	iCAF	4593_TN	12.17427	14.270886
GCGTTTCTCCCAGTGG-4593_TN	iCAF	4593_TN	13.307079	13.575777
TCTGCCATCGTAGGGA-4593_TN	0	4593_TN	7.1130943	10.636947
GTTGTGAGTGACAGCA-4593_TN	7	4593_TN	9.156924	11.694824
CCGTGAGTCACCTTAT-4593_TN	2	4593_TN	9.889249	2.862854
GTGTCCTTCGTTCTGC-4593_TN	0	4593_TN	9.396514	11.423269
TCTACATGTTCTCTAT-4593_TN	11	4593_TN	11.310902	4.371727
TCGAACATCTCGGTCT-4593_TN	7	4593_TN	9.392814	13.106869
CCTACGTCATCTCATT-4593_TN	2	4593_TN	11.717647	2.9045157
GTGGCGTAGGTAGTCG-4593_TN	0	4593_TN	6.492805	9.6351385
GATGATCCACTCTAGA-4593_TN	apCAF	4593_TN	9.002879	0.28699404
GTCTTTACAAGATGTA-4593_TN	11	4593_TN	10.056906	6.0273314
ATTGGGTTCGCGTGCA-4593_TN	apCAF	4593_TN	9.597726	1.1333716
GAAGGACTCGGAGTAG-4593_TN	apCAF	4593_TN	9.065854	0.39491716
TCATGTTAGTACTGTC-4593_TN	0	4593_TN	7.994962	12.281457
CTCCGATCATGACTTG-4593_TN	11	4593_TN	12.920476	3.4757488
AAGCGTTTCCAAACCA-4593_TN	7	4593_TN	10.273641	13.875369
TGTTACTAGAAGTGTT-4593_TN	11	4593_TN	12.740697	3.5800965
TGGAGAGCATGAGATA-4593_TN	6	4593_TN	6.7086363	8.872717
TCAATCTGTACCTGTA-4593_TN	0	4593_TN	8.172505	11.542477
GATTTCTTCGATCCAA-4593_TN	iCAF	4593_TN	11.348276	15.40642
GGTTAACCAAAGGGCT-4593_TN	6	4593_TN	6.3070126	9.379197
TTGTGTTTCTCTTAAC-4593_TN	3	4593_TN	11.920701	10.7931
TCAGGTAGTGACCGTC-4593_TN	myCAF	4593_TN	13.010648	6.1799617
GTTGCTCGTCACTTCC-4593_TN	11	4593_TN	11.940979	4.480644
TCGTCCAAGTCCCTAA-4593_TN	myCAF	4593_TN	12.907909	7.9799376
ACCACAACACCAAATC-4593_TN	11	4593_TN	11.551111	3.8798504
GTCGTTCCACTGCGAC-4593_TN	myCAF	4593_TN	11.280565	6.3717604
GGTAGAGGTCCTGTCT-4593_TN	6	4593_TN	8.059085	8.170347
CACGTTCGTTAATGAG-4593_TN	8	4593_TN	10.108571	14.1401005
TCTGCCATCGCCTTTG-4593_TN	0	4593_TN	7.50582	10.069089
AGGGTGAAGAGGTTAT-4593_TN	apCAF	4593_TN	9.336461	0.6658252
CATCCACCACACAGAG-4593_TN	iCAF	4593_TN	12.034305	14.785389
CTGCATCCACCGGTCA-4593_TN	6	4593_TN	9.29472	8.323524
ATGTCTTTCTGGTGGC-4593_TN	11	4593_TN	11.359901	4.7866015
ATCCCTGTCCAGTTCC-4593_TN	0	4593_TN	7.7009797	10.434445
GTTCGCTCATGATCTG-4593_TN	myCAF	4593_TN	12.65974	6.222106
CTGTCGTCAAACAGGC-4593_TN	2	4593_TN	9.651281	1.6162682
GGTGGCTTCGAACTCA-4593_TN	2	4593_TN	10.971153	1.653293
CTTTCGGGTAAGGCCA-4593_TN	apCAF	4593_TN	7.6964593	-0.29091868
TTCTTGAGTGTCATGT-4593_TN	2	4593_TN	12.607581	2.6915615
CTACCTGAGCGACATG-4593_TN	7	4593_TN	10.144664	12.22356
CCCTAACCACACTTAG-4593_TN	8	4593_TN	10.718577	12.552642
ATGGTTGGTTAGTCGT-4593_TN	11	4593_TN	11.0036545	5.7362638
GACTATGGTGATCATC-4593_TN	7	4593_TN	9.79225	13.201645
ATGGGAGCACTTGTCC-4593_TN	apCAF	4593_TN	9.701725	0.46987623
TCTCACGCAACCACAT-4593_TN	8	4593_TN	11.613159	12.711414
CGGGCATAGCATACTC-4593_TN	0	4593_TN	7.6525536	9.810719
TTCACCGTCCTCTTTC-4593_TN	3	4593_TN	10.780844	8.663599
CTCAATTTCTTCTGTA-4593_TN	11	4593_TN	9.813156	7.283471
GATGATCGTAAGGCTG-4593_TN	2	4593_TN	9.794415	2.6367445
AATGACCAGTCTGCAT-4593_TN	2	4593_TN	11.770065	2.524709
ACCTACCAGCCTGAAG-4593_TN	0	4593_TN	6.856597	12.832144
ATGCCTCGTCCTGTCT-4593_TN	6	4593_TN	7.9720564	8.626491
GCTGGGTAGAAACCAT-4593_TN	11	4593_TN	10.091847	4.4365807
TTGGGCGAGTTAGAAC-4593_TN	apCAF	4593_TN	7.5360847	1.2173264
ACTTAGGGTAAGGAGA-4593_TN	0	4593_TN	8.7495	9.906072
TACCGGGTCACGAACT-4593_TN	11	4593_TN	13.533779	4.290492
ATCTTCATCGCGTTTC-4593_TN	0	4593_TN	5.8891163	10.723871
GTTGAACGTGCCCTTT-4593_TN	0	4593_TN	7.8579063	10.924113
CCACAAATCGAGAGCA-4593_TN	0	4593_TN	8.811079	10.206025
AGGACGATCTGGGATT-4593_TN	7	4593_TN	8.065142	11.218324
CAGCCAGCATGACGGA-4593_TN	apCAF	4593_TN	8.816543	-0.65981174
CGAGTTAAGGCGTTAG-4593_TN	2	4593_TN	10.925704	0.7000345
CTCCTTTTCAACCTCC-4593_TN	6	4593_TN	10.870433	9.208309
ACACTGATCCAAGCTA-4593_TN	11	4593_TN	13.659058	3.6327493
CACGGGTGTTTCGACA-4593_TN	apCAF	4593_TN	8.919361	-0.4823696
CACAGATAGGTAGACC-4593_TN	0	4593_TN	8.573021	10.7635145
CGTAATGCATGCCATA-4593_TN	7	4593_TN	9.767606	11.787432
CAACCAAAGGTCGCCT-4593_TN	6	4593_TN	6.3117843	9.119548
TTCTTCCAGTCAGCCC-4593_TN	6	4593_TN	6.6526027	8.417602
AGAAGTACATTGTACG-4593_TN	7	4593_TN	10.60226	13.882327
GTAAGTCGTAATGCTC-4593_TN	11	4593_TN	10.970141	5.087153
CGAGGAACAGGCGATA-4593_TN	7	4593_TN	9.054009	12.048734
AACCACACATGGAAGC-4593_TN	0	4593_TN	5.182374	10.406354
GACTCAACACCGGCTA-4593_TN	6	4593_TN	7.8777966	8.576945
CTGCAGGGTACGGTTT-4593_TN	7	4593_TN	9.096403	12.850467
GATCCCTAGCATCCTA-4593_TN	2	4593_TN	10.568133	2.7555604
CGAGTGCCATCCGGCA-4593_TN	7	4593_TN	10.2469845	12.471854
TATACCTTCAGAGTTC-4593_TN	5	4593_TN	8.178255	3.4829872
TTGAACGGTGTAGCAG-4593_TN	apCAF	4593_TN	8.377111	-0.39772478
ACCTGTCTCAAGAGTA-4593_TN	11	4593_TN	11.697762	4.158018
TTCAGGACAATTAGGA-4593_TN	6	4593_TN	7.071994	8.375625
ACGGGTCGTCTGCCTT-4593_TN	apCAF	4593_TN	8.517791	0.89509255
CTACCTGTCAAACTGC-4593_TN	2	4593_TN	10.622721	2.5580215
GTCATGATCTGGTGCG-4593_TN	3	4593_TN	10.826066	10.0570755
ACATCCCCAGTCCGTG-4593_TN	apCAF	4593_TN	9.483893	0.24429409
CGAGGCTGTTGGGAAC-4593_TN	apCAF	4593_TN	9.076109	-0.6409545
TCATATCAGCAGGCTA-4593_TN	7	4593_TN	9.93125	12.916136
TCATATCCAGATGCGA-4593_TN	6	4593_TN	7.730053	8.952549
TACTTCATCCCTCAAC-4593_TN	11	4593_TN	11.718078	3.9244854
GGTGGCTGTCGGCCTA-4593_TN	0	4593_TN	6.354676	10.576077
AAGTGAACAGCGTATT-4593_TN	2	4593_TN	11.431839	3.831852
TCGGGCAGTAGACACG-4593_TN	2	4593_TN	12.482514	3.0938153
ACAACCAAGCCATGCC-4593_TN	iCAF	4593_TN	12.726324	15.558371
TACTTACCAAGTATCC-4593_TN	2	4593_TN	10.729226	0.6593765
GGCTTGGAGGTCTGGA-4593_TN	myCAF	4593_TN	11.611954	6.141169
TGCACGGTCGTGCATA-4593_TN	2	4593_TN	10.330933	4.7931747
AAACCCAAGTCGGCCT-4593_TN	myCAF	4593_TN	12.8876295	5.1134586
GACCCAGCAGGTACGA-4593_TN	7	4593_TN	9.610695	12.646526
CTGTATTCATTCAGCA-4593_TN	apCAF	4593_TN	8.699265	-0.85457087
GGGTGTCTCAGTAGGG-4593_TN	11	4593_TN	10.284182	5.7778
ATGCATGAGTGTAGTA-4593_TN	6	4593_TN	8.123694	8.187572
TTTCATGGTAGTCCTA-4593_TN	iCAF	4593_TN	12.233907	15.652124
GAATCACAGCGGCTCT-4593_TN	2	4593_TN	11.70069	4.0705643
GGTTCTCTCGGCATCG-4593_TN	iCAF	4593_TN	12.621633	14.331781
GCCAGTGTCCGCAACG-4593_TN	7	4593_TN	9.530421	12.273677
TAACACGGTGTAGGAC-4593_TN	2	4593_TN	11.202558	2.7327414
GTGTGGCAGCCTTTGA-4593_TN	5	4593_TN	6.9411855	5.1347146
ACCACAAAGCAGGCAT-4593_TN	7	4593_TN	9.305344	11.984849
GCGATCGTCCTGGGTG-4593_TN	0	4593_TN	5.9115105	10.199043
AGAGCAGTCGAACTCA-4593_TN	7	4593_TN	10.040623	12.891341
TTGGGTACATAGGTTC-4593_TN	7	4593_TN	9.416255	13.248003
TTCAGGAAGGAAGTAG-4593_TN	11	4593_TN	11.279356	5.368041
TCGACCTCACCCTAGG-4593_TN	11	4593_TN	10.810571	4.9934936
CTCCAACTCTCCGAAA-4593_TN	iCAF	4593_TN	12.192529	13.822921
CCACAAAAGACTGTTC-4593_TN	0	4593_TN	5.021956	10.582107
CCCGGAAAGTCTGGAG-4593_TN	11	4593_TN	10.161554	6.267951
AGTCAACCATAGTCGT-4593_TN	2	4593_TN	10.138797	1.0754441
ACTGTCCAGGAAAGGT-4593_TN	apCAF	4593_TN	8.807126	0.8498712
TGTAACGTCTATCCAT-4593_TN	3	4593_TN	11.4886265	10.323824
TTCAATCGTTGCATTG-4593_TN	6	4593_TN	6.790555	8.443131
TCCATCGAGGCCGCTT-4593_TN	2	4593_TN	11.442728	2.8540795
GAAGGGTAGACTTGTC-4593_TN	11	4593_TN	13.671564	4.0419674
ATAGGCTGTACATACC-4593_TN	0	4593_TN	6.02681	9.8868
GAGCCTGTCAACCGAT-4593_TN	7	4593_TN	8.7269535	11.686013
GTCTAGAAGAGTATAC-4593_TN	apCAF	4593_TN	7.7994633	-0.32253197
AGCGTATCATGCAGGA-4593_TN	6	4593_TN	8.290733	8.516601
ATGGTTGCATCGATCA-4593_TN	myCAF	4593_TN	11.681182	5.119405
AGGTCTAAGCCTGTGC-4593_TN	0	4593_TN	6.420277	10.680827
TTGCATTGTTGAGGAC-4593_TN	3	4593_TN	11.518216	9.611546
TTACAGGTCGGCTGGT-4593_TN	7	4593_TN	11.289627	12.174957
AGTAACCCAAACTAAG-4593_TN	8	4593_TN	12.248325	12.496427
TTGGGATCAAGGCGTA-4593_TN	8	4593_TN	13.029763	13.357309
CCCTGATAGCGAGTCA-4593_TN	2	4593_TN	12.577138	2.7998183
GTGATGTAGGGCAGTT-4593_TN	11	4593_TN	13.135796	3.0765488
TGAGACTTCGTAGGAG-4593_TN	0	4593_TN	5.748602	10.199691
GTGCACGGTTTACACG-4593_TN	0	4593_TN	8.460413	12.533178
AATCGTGGTAAGTTAG-4593_TN	apCAF	4593_TN	7.837939	-0.8329018
AGGGTGACAACTGCTA-4593_TN	apCAF	4593_TN	8.899845	-0.33336237
AACAACCAGAATTGTG-4593_TN	7	4593_TN	8.981506	12.449851
GTTAGACCAAACTGCT-4593_TN	2	4593_TN	10.940428	0.8034488
GGAGCAACAACCGCCA-4593_TN	iCAF	4593_TN	9.276954	15.213806
ATGGAGGAGGAACGAA-4593_TN	11	4593_TN	9.235817	7.548615
CTCAGAAAGTTCATGC-4593_TN	0	4593_TN	7.0965242	10.091645
GATGACTGTGGTAATA-4593_TN	iCAF	4593_TN	11.161991	15.63898
GTTGAACAGATGAATC-4593_TN	8	4593_TN	11.025708	12.424226
TTCATGTCAATAGAGT-4593_TN	11	4593_TN	11.290993	4.159347
GTCAAACGTCGGAAAC-4593_TN	iCAF	4593_TN	12.817855	14.17621
TGGAGAGCAATTCGTG-4593_TN	5	4593_TN	7.7505593	5.8435025
TAGCACAAGCAGAAAG-4593_TN	0	4593_TN	7.744005	10.62345
GTGCTTCCACTGTCGG-4593_TN	6	4593_TN	7.8143086	7.9920115
AGTTAGCGTTCCAGGC-4593_TN	5	4593_TN	6.3659697	5.05926
GATTGGTTCAGCGGAA-4593_TN	11	4593_TN	10.591009	5.5816197
GGGCCATGTATCTCTT-4593_TN	2	4593_TN	10.598891	1.5586414
TGGATGTGTCGTATGT-4593_TN	0	4593_TN	6.426894	11.247342
ATTCCCGTCTTCTAAC-4593_TN	myCAF	4593_TN	13.003846	7.4000163
AATTCCTCAAGCGATG-4593_TN	iCAF	4593_TN	11.780881	14.174358
CCTCAACAGTGTAGTA-4593_TN	8	4593_TN	11.684589	12.427301
AGAACAAAGTCTTCGA-4593_TN	iCAF	4593_TN	11.924371	13.604917
ACGGTTAAGATTGATG-4593_TN	myCAF	4593_TN	11.925886	5.7247505
ATAGACCCACGTCGTG-4593_TN	3	4593_TN	11.734745	10.325784
GCTTGGGCATGTGACT-4593_TN	2	4593_TN	11.188246	2.3679934
CTCAACCCAAGTCGTT-4593_TN	7	4593_TN	10.332462	12.725727
AGAGAGCAGCGCTGAA-4593_TN	2	4593_TN	10.570886	2.276172
AAAGTCCTCATGCATG-4593_TN	0	4593_TN	7.832905	11.082288
AATCGTGTCCCGAGGT-4593_TN	iCAF	4593_TN	12.930705	14.195412
CGTGCTTTCTTGAACG-4593_TN	8	4593_TN	11.877418	12.411603
GGTGTTATCACTTTGT-4593_TN	2	4593_TN	11.270547	2.682364
CAGCAGCTCGATTGGT-4593_TN	9	4593_TN	9.824008	11.856908
CTACCTGCAGGTTTAC-4593_TN	5	4593_TN	7.374484	2.7685907
GTGTGGCTCTCATTAC-4593_TN	5	4593_TN	8.268425	3.5255008
CACATGAAGAGTCTGG-4593_TN	7	4593_TN	10.0315485	12.780957
GCACTAACACTAGGCC-4593_TN	11	4593_TN	11.8535385	3.2463238
GGTGATTGTCAAGGCA-4593_TN	iCAF	4593_TN	10.288553	14.612296
GATAGCTGTCATATGC-4593_TN	2	4593_TN	10.513789	0.6906975
GTCGCGAGTTGCCATA-4593_TN	0	4593_TN	9.136387	9.563866
CCTATCGCAGATGCGA-4593_TN	6	4593_TN	8.352093	9.04343
AAGCCATAGATTCGAA-4593_TN	2	4593_TN	10.21396	4.0838313
AACAACCGTGTGTTTG-4593_TN	7	4593_TN	9.395748	12.508733
CTGTCGTCAATAGTGA-4593_TN	2	4593_TN	10.840644	1.0955634
CTATAGGAGCGTCAGA-4593_TN	11	4593_TN	9.49969	5.1562185
TTCCGGTTCGTTAGAC-4593_TN	3	4593_TN	12.391816	10.891401
GATGGAGAGGTTAGTA-4593_TN	2	4593_TN	11.16042	1.8652717
ACTCTCGCATCGGAGA-4593_TN	0	4593_TN	6.266565	10.2156725
GTTACCCTCATTGTTC-4593_TN	11	4593_TN	13.14523	8.772766
TCACTATTCATGGAGG-4593_TN	2	4593_TN	11.747921	3.7864835
CTACTATTCATGAGTC-4593_TN	2	4593_TN	10.597527	3.0730274
TTCTTCCTCCGATAGT-4593_TN	2	4593_TN	9.33025	1.7487038
ATGGATCGTTGAGTCT-4593_TN	0	4593_TN	6.3283124	10.645937
CTGCAGGTCCATCTAT-4593_TN	2	4593_TN	10.034686	1.3465111
ACGGTTAAGACTCATC-4593_TN	11	4593_TN	12.958554	4.481781
ATCTTCATCTTTCCGG-4593_TN	11	4593_TN	11.932282	5.2047815
TTGGATGGTATGGTTC-4593_TN	2	4593_TN	10.266304	3.6157856
ATTCTTGGTCGTACAT-4593_TN	0	4593_TN	8.80042	11.540559
AAGCCATTCTGCTAGA-4593_TN	7	4593_TN	8.796778	12.893585
ACGTTCCGTGCCTTCT-4593_TN	0	4593_TN	5.636035	12.053887
AGGAAATAGAATCGCG-4593_TN	0	4593_TN	7.7751465	10.682174
TCAAGTGTCGAGAATA-4593_TN	0	4593_TN	9.367606	11.167974
TGCGGGTTCTGAGGTT-4593_TN	2	4593_TN	11.554356	2.2054949
TACCGAATCCCTCTAG-4593_TN	apCAF	4593_TN	9.657681	0.19672161
TGACAGTCAAGAGTAT-4593_TN	0	4593_TN	4.8986497	10.767901
GTAGAGGCAAGAGTTA-4593_TN	apCAF	4593_TN	7.865881	-0.20332749
TCTTGCGTCGAGCACC-4593_TN	11	4593_TN	10.699368	5.4661036
CCGTTCATCGGCATTA-4593_TN	0	4593_TN	9.219991	10.507092
AGGGCCTTCTGGCCTT-4593_TN	0	4593_TN	6.768588	10.289311
CTGTGAAAGAGTCTTC-4593_TN	myCAF	4593_TN	12.062781	7.520807
AATAGAGAGAAATGGG-4593_TN	iCAF	4593_TN	10.756735	14.097729
TGAGGTTGTACATACC-4593_TN	0	4593_TN	8.152749	11.450872
CGTTAGAAGCTGAAAT-4593_TN	2	4593_TN	10.134048	2.4321063
ACTTCCGGTTGGGCCT-4593_TN	apCAF	4593_TN	9.473259	1.1248723
GTGATGTGTTGCTAGT-4593_TN	6	4593_TN	8.700949	8.131643
ATACTTCCAAGCAATA-4593_TN	iCAF	4593_TN	13.224516	15.18752
CTCAGTCGTGCCCAGT-4593_TN	0	4593_TN	6.3456464	9.625367
ATCGTCCAGAGTTGAT-4593_TN	6	4593_TN	9.695277	7.908589
ATCCCTGCAGGTCAAG-4593_TN	11	4593_TN	14.259705	8.264792
AGAGCCCGTATTGGCT-4593_TN	0	4593_TN	6.5781665	10.905509
ATTCAGGGTCAGGAGT-4593_TN	9	4593_TN	6.071203	15.387993
GGAGAACGTGCGAACA-4593_TN	8	4593_TN	11.366276	13.61733
CGGAGAAGTAGACAGC-4593_TN	7	4593_TN	10.42481	13.586891
GTCACGGTCGTCAGAT-4593_TN	6	4593_TN	9.794298	9.612669
CCTCAGTTCCAACACA-4593_TN	11	4593_TN	11.06709	5.6465535
GTGTTCCTCCAGCACG-4593_TN	iCAF	4593_TN	10.074909	14.5590515
CCCTAACTCCCTCTTT-4593_TN	iCAF	4593_TN	10.872594	13.352317
CAGGCCAAGAAATTGC-4593_TN	7	4593_TN	9.223097	13.125954
GTCATGATCTATCGCC-4593_TN	11	4593_TN	10.868932	5.147094
AATGCCAAGCATTTGC-4593_TN	11	4593_TN	10.903882	5.214937
GCTACAAAGTTCTCTT-4593_TN	7	4593_TN	9.740876	11.657305
AACGTCATCATCGACA-4593_TN	apCAF	4593_TN	8.889184	-0.611318
TTCGGTCAGCAGCCCT-4593_TN	2	4593_TN	9.965414	3.8314757
CTTCCGAGTAGCTTTG-4593_TN	iCAF	4593_TN	11.528198	14.8809
AGCATCAAGTCATTGC-4593_TN	8	4593_TN	11.86177	13.661691
TCCTAATGTCGGTGTC-4593_TN	9	4593_TN	5.6393137	16.001158
GTGCTTCCAATGTCTG-4593_TN	11	4593_TN	10.218346	5.9705815
TACACCCCACGGGCTT-4593_TN	2	4593_TN	11.596125	2.6495774
TTCACCGTCGAACCTA-4593_TN	2	4593_TN	12.385191	3.1376042
GGGTCACAGTATGATG-4593_TN	7	4593_TN	10.367043	11.293904
GGAATGGTCTATCGTT-4593_TN	0	4593_TN	6.0682983	12.137126
ATTCTACGTGCGCTCA-4593_TN	0	4593_TN	7.853076	10.918229
ACGTCCTCAGTGACCC-4593_TN	6	4593_TN	6.858484	8.417131
TACCTCGCAACACGTT-4593_TN	0	4593_TN	7.631488	10.229913
ATTACTCGTTGCCAAT-4593_TN	iCAF	4593_TN	12.063536	15.621355
ACCATTTGTCGCATCG-4593_TN	myCAF	4593_TN	12.4662	5.224535
TTTGTTGTCCAGCAAT-4593_TN	6	4593_TN	9.924151	7.7435703
GCGAGAACACGGTCTG-4593_TN	8	4593_TN	11.27987	13.312407
CGTCCATTCACGAGGA-4593_TN	0	4593_TN	5.8555512	10.555612
CCACGTTTCGCTTGAA-4593_TN	6	4593_TN	9.478768	9.674393
ACCTGAAAGGACAGTC-4593_TN	apCAF	4593_TN	9.541928	0.5373818
TATCGCCTCGCGTGAC-4593_TN	2	4593_TN	11.284389	4.3227296
CGACAGCCACTGAGTT-4593_TN	apCAF	4593_TN	8.054488	-0.9061032
AACCCAAAGACTACCT-4593_TN	iCAF	4593_TN	10.652411	15.223757
TGGGAAGAGCACGATG-4593_TN	8	4593_TN	11.345543	12.686896
GCACTAAAGAAGATCT-4593_TN	0	4593_TN	7.103932	10.524537
CATGCCTTCAACCGAT-4593_TN	myCAF	4593_TN	12.377008	5.3869753
TCCAGAATCGAGAAAT-4593_TN	apCAF	4593_TN	8.7390585	0.51624024
GTTAGACGTCACAATC-4593_TN	0	4593_TN	8.192603	11.995728
GGGAGTACAGCTGTTA-4593_TN	2	4593_TN	9.778242	2.6077008
CGCCATTAGCGTCAAG-4593_TN	2	4593_TN	10.171178	3.827961
TTCATTGAGAGAACCC-4593_TN	2	4593_TN	11.173538	3.834405
ACCTGTCAGTAATCCC-4593_TN	iCAF	4593_TN	13.131005	13.63129
GACTCTCCAAAGACGC-4593_TN	11	4593_TN	10.687163	4.361824
TACTTGTTCGAGAACG-4593_TN	7	4593_TN	9.917361	13.511651
ACTACGATCCGATTAG-4593_TN	11	4593_TN	11.295777	3.308137
GATCCCTAGTGGATAT-4593_TN	0	4593_TN	8.385263	9.835425
GCCGTGAAGACCACGA-4593_TN	5	4593_TN	7.218039	3.7796686
TCAGGTAAGATCGGTG-4593_TN	iCAF	4593_TN	12.823909	13.512548
GAGTGAGGTTCCGCTT-4593_TN	11	4593_TN	13.497463	4.286713
AAGTTCGGTTCAGTAC-4593_TN	0	4593_TN	8.793971	12.087145
GGCACGTTCCGCAAAT-4593_TN	6	4593_TN	7.9912467	7.902857
CGGAATTGTTCTCCCA-4593_TN	myCAF	4593_TN	12.229735	5.350325
GTGCTTCCAGCTCCTT-4593_TN	3	4593_TN	10.632534	7.8175993
TCGAAGTTCAGATGCT-4593_TN	2	4593_TN	10.477056	1.1426796
TGACAGTCATGTGGCC-4593_TN	myCAF	4593_TN	12.199544	6.3516407
GGAGGATTCTCCGATC-4593_TN	0	4593_TN	8.054014	11.040013
TCGGGTGTCCTACGGG-4593_TN	0	4593_TN	8.219362	12.831865
AGAGCCCCAGCGTGAA-4593_TN	7	4593_TN	10.097562	12.464166
TAAGCACGTCCTACAA-4593_TN	2	4593_TN	10.382541	2.2066295
CGTAATGTCACCGGGT-4593_TN	iCAF	4593_TN	11.235202	14.137289
GACTTCCCAGTTGTTG-4593_TN	0	4593_TN	7.7243547	11.962184
TCACGGGCAGACGCTC-4593_TN	11	4593_TN	11.677379	4.6460123
TGCGATAGTGATACAA-4593_TN	apCAF	4593_TN	7.731778	-0.04016089
TTTCACAAGGCTTAAA-4593_TN	0	4593_TN	8.123192	11.660257
GAGGGATTCAGCAATC-4593_TN	0	4593_TN	8.261556	12.753341
CTGTATTTCTCGCTTG-4593_TN	0	4593_TN	8.210821	11.612951
TCCACGTAGACTAGAT-4593_TN	0	4593_TN	6.7349176	11.889084
AACCTGATCATTGGTG-4593_TN	8	4593_TN	10.169191	14.086326
GTTGCGGGTCGGTGAA-4593_TN	9	4593_TN	9.49021	13.648522
TCGCACTGTTGCTGAT-4593_TN	6	4593_TN	8.265813	7.951846
GGGATCCAGACATATG-4593_TN	myCAF	4593_TN	12.17868	5.4698696
TGATGGTTCAAGAGTA-4593_TN	11	4593_TN	13.087278	2.7831862
GCCAGGTTCGAAGCAG-4593_TN	apCAF	4593_TN	8.264	-0.999893
ATGGTTGTCTGACCCT-4593_TN	7	4593_TN	10.174743	12.771053
GTAGGAGAGTCCCTAA-4593_TN	11	4593_TN	10.853393	5.598524
ATTCATCGTGACGCCT-4593_TN	iCAF	4593_TN	12.270499	15.360999
AAGCATCGTCGTCAGC-4593_TN	0	4593_TN	6.8323436	10.573099
AAGTCGTGTGACTGTT-4593_TN	2	4593_TN	11.099439	0.98708344
GGGAGTAGTGATAGAT-4593_TN	0	4593_TN	8.350516	10.077817
AGGCATTTCACCCATC-4593_TN	7	4593_TN	10.010736	12.850081
CATTGAGAGCATATGA-4593_TN	apCAF	4593_TN	9.096152	0.07609997
TATCCTACAAGCAGGT-4593_TN	iCAF	4593_TN	11.647098	15.341714
AGGTTGTTCAAACCTG-4593_TN	0	4593_TN	6.1278067	12.139856
CTACGGGTCCTAGAGT-4593_TN	0	4593_TN	8.002265	9.694857
AACAGGGGTGAGGATC-4593_TN	6	4593_TN	9.40309	8.203613
GTCATGATCTCGACCT-4593_TN	myCAF	4593_TN	11.205638	5.999755
GATCAGTTCATCGCTC-4593_TN	iCAF	4593_TN	11.302815	14.70083
CTCATGCGTTGGTACT-4593_TN	11	4593_TN	10.862268	5.781255
TTCCGGTTCCTAACAG-4593_TN	8	4593_TN	12.799037	13.245562
GTCATCCGTGCCAAGA-4593_TN	iCAF	4593_TN	12.3855505	13.858551
AGGTTGTGTCGTTGGC-4593_TN	iCAF	4593_TN	12.132314	15.297717
CAACCAAAGCGTGTTT-4593_TN	2	4593_TN	11.739141	2.7534473
AGGTGTTTCTGGGATT-4593_TN	0	4593_TN	4.6539984	11.201308
GTCCCATCAAACACGG-4593_TN	11	4593_TN	11.040926	5.6601605
CACCGTTCATGACTCA-4593_TN	0	4593_TN	6.1533847	10.409339
CATCGCTGTCAGACGA-4593_TN	11	4593_TN	11.840934	4.9176464
ACTATTCCATCAGCAT-4593_TN	8	4593_TN	11.7986	13.860372
GTTACAGAGGTAGTCG-4593_TN	0	4593_TN	6.458619	9.899438
ACCTGTCTCTTGTTAC-4593_TN	iCAF	4593_TN	12.551139	13.785185
CCCGGAAAGGAGAGTA-4593_TN	2	4593_TN	12.133162	3.7118604
TGTTTGTGTGAGACGT-4593_TN	0	4593_TN	8.762571	11.0005455
GACCCAGTCCGTATAG-4593_TN	myCAF	4593_TN	13.00547	6.8679986
AGGGTTTGTGCCGGTT-4593_TN	0	4593_TN	7.789332	12.060795
AACTTCTGTTTACGTG-4593_TN	0	4593_TN	7.811465	11.394077
CTGCCTAGTTGCGGAA-4593_TN	9	4593_TN	5.8261566	15.981829
GTCATTTGTTGCAAGG-4593_TN	10	4593_TN	2.3162222	4.844876
TCGAACATCCATATGG-4593_TN	0	4593_TN	7.0413322	11.442226
GCGAGAATCTCATTAC-4593_TN	3	4593_TN	10.781608	7.802251
CTCCCAACAAGTTGGG-4593_TN	iCAF	4593_TN	11.834285	15.687844
CATTGAGGTCCTGAAT-4593_TN	2	4593_TN	10.664733	0.6450112
GGGCGTTGTGGATGAC-4593_TN	0	4593_TN	6.99368	11.800524
AGGTGTTGTGCTCGTG-4593_TN	0	4593_TN	7.453767	11.403286
GAATCGTAGCAACTTC-4593_TN	apCAF	4593_TN	9.32232	-0.23630558
CAGATTGTCCCTCGTA-4593_TN	2	4593_TN	10.249361	4.8310494
TTGTTCAGTGATACAA-4593_TN	7	4593_TN	9.723497	13.558484
ATTGGGTCAATAGGGC-4593_TN	6	4593_TN	10.029377	9.651689
CCAAGCGTCATTTGTC-4593_TN	2	4593_TN	10.220191	3.666951
CTACTATTCTGCGGCA-4593_TN	5	4593_TN	6.4222174	3.562989
GTCTAGAGTGGCTAGA-4593_TN	0	4593_TN	7.124005	10.864243
TGCATGAAGAGAATCT-4593_TN	7	4593_TN	9.067812	13.218133
TTGTGGAAGCATGTTC-4593_TN	11	4593_TN	11.783245	2.9688938
AACGGGAAGCAGGCAT-4593_TN	2	4593_TN	10.6142	2.6589103
TCTTGCGGTCTGTGTA-4593_TN	2	4593_TN	11.027064	1.4561169
TCAAGTGGTGAATTAG-4593_TN	apCAF	4593_TN	9.0262985	-0.63127565
CAGGGCTAGGACAGCT-4593_TN	11	4593_TN	10.655202	5.1656466
TGAGGAGGTTTACTGG-4593_TN	apCAF	4593_TN	8.878772	0.6836086
AGGATAATCATGAAAG-4593_TN	11	4593_TN	11.534303	5.3904934
GACTCTCTCAACCTCC-4593_TN	0	4593_TN	7.4395323	12.711265
GCACGGTAGAATAGTC-4593_TN	0	4593_TN	5.345117	11.575167
TGGGAGACATCCCGTT-4593_TN	7	4593_TN	10.12391	11.90415
ACAGAAAGTTGCATAC-4593_TN	iCAF	4593_TN	10.346266	15.097874
CCTCAGTAGTCTGGTT-4593_TN	8	4593_TN	10.470689	13.058645
GTAGGAGCACATCATG-4593_TN	7	4593_TN	11.069272	13.552583
GAGGCAATCATACGGT-4593_TN	iCAF	4593_TN	12.652542	15.254942
TTTGACTCATTCCTAT-4593_TN	0	4593_TN	7.5218782	12.113992
GAGACTTAGCTTGTGT-4593_TN	0	4593_TN	7.2658415	13.064828
CGCATAAAGTCACTAC-4593_TN	0	4593_TN	6.6880617	9.92065
ATGATCGCAACTCGAT-4593_TN	0	4593_TN	8.155063	12.32124
GCCGTGAAGGGCAGTT-4593_TN	10	4593_TN	1.9948404	4.51148
GTATTGGTCAAATAGG-4593_TN	0	4593_TN	6.562357	12.442195
CGTTAGAGTCATAAAG-4593_TN	iCAF	4593_TN	10.69497	14.520395
AGTTCCCTCGTACCTC-4593_TN	7	4593_TN	8.652484	12.247489
AGATCCACAGGAGGAG-4593_TN	0	4593_TN	7.1503725	11.744742
GGTAATCCATGGAAGC-4593_TN	0	4593_TN	8.138332	12.389707
CTACAGAGTATTGCCA-4593_TN	11	4593_TN	11.467539	4.303063
TCAGTTTTCCAAAGGG-4593_TN	myCAF	4593_TN	10.468493	7.9112163
GGGTGTCAGAAGAGCA-4593_TN	6	4593_TN	9.70231	8.712286
TCGTGGGAGAAATCCA-4593_TN	myCAF	4593_TN	11.789838	5.033501
TACTGCCCACCAGACC-4593_TN	2	4593_TN	11.8597555	4.407479
GATTCTTTCGAGAATA-4593_TN	0	4593_TN	6.9466662	11.989851
AATGGAATCGCGTAGC-4593_TN	2	4593_TN	11.656586	3.9255078
CAAGGGACACGAAGAC-4593_TN	apCAF	4593_TN	9.619671	0.45465958
ACCACAAAGATGGCGT-4593_TN	iCAF	4593_TN	11.564735	15.351093
AGGAGGTGTCTGCGCA-4593_TN	2	4593_TN	10.618293	1.9252931
CATGCTCCATGCACTA-4593_TN	7	4593_TN	10.074064	11.553606
TTTCGATAGTCTCTGA-4593_TN	2	4593_TN	11.6984415	4.297199
TCTACCGAGTAACCTC-4593_TN	2	4593_TN	10.110208	4.4975452
TCTTAGTAGACATATG-4593_TN	0	4593_TN	6.015448	10.438685
CCTCCTCTCGACACTA-4593_TN	myCAF	4593_TN	12.707328	5.7214303
CGTCAAACAGTGTGGA-4593_TN	7	4593_TN	10.173636	13.363622
TTGTGGATCTGGACTA-4593_TN	iCAF	4593_TN	12.901287	13.757121
TAGGGTTGTTCTCTCG-4593_TN	6	4593_TN	9.433238	8.012355
GCCCGAAGTCAACCTA-4593_TN	7	4593_TN	9.759332	13.066985
GACACGCCAATCCTAG-4593_TN	7	4593_TN	9.80685	10.482852
TCATGCCTCTTGAGCA-4593_TN	myCAF	4593_TN	11.202656	6.6621113
GTCAGCGAGATGTTGA-4593_TN	6	4593_TN	7.360437	8.094947
TTGACCCTCACCCATC-4593_TN	8	4593_TN	10.543998	11.7823925
TGTCAGATCGGAGTGA-4593_TN	iCAF	4593_TN	11.132931	13.304368
CAGTGCGAGCATCAAA-4593_TN	iCAF	4593_TN	12.998167	14.966609
CAGAGCCTCGGTGTAT-4593_TN	11	4593_TN	13.193815	4.109789
GTTGTAGGTTCTGAGT-4593_TN	0	4593_TN	7.0119433	11.118647
TGTTCTAGTTAATGAG-4593_TN	iCAF	4593_TN	11.827326	15.781013
GCGATCGGTACTGAGG-4593_TN	6	4593_TN	9.239684	8.717449
CTGTGGGGTCAGGAGT-4593_TN	0	4593_TN	7.979761	12.020737
GTGTCCTAGCTAGATA-4593_TN	7	4593_TN	9.403057	13.573756
TTCATTGCATGTGGCC-4593_TN	2	4593_TN	10.885126	2.1127007
TTGGGTACACATACGT-4593_TN	11	4593_TN	11.730738	5.2048903
ACCCAAAAGCCGTCGT-4593_TN	0	4593_TN	7.8600445	12.959173
AGAGCCCGTTACCGTA-4593_TN	2	4593_TN	10.246296	2.5649083
CATGCTCCAGAACCGA-4593_TN	myCAF	4593_TN	12.531566	5.920965
GTGTAACAGGTCATCT-4593_TN	iCAF	4593_TN	10.491028	15.708329
TAGCACACAACGTTAC-4593_TN	9	4593_TN	6.2571797	15.537136
GTTAGACAGCGCTTCG-4593_TN	myCAF	4593_TN	11.741186	6.1173058
TCCTCCCCACGCTGCA-4593_TN	iCAF	4593_TN	10.498498	15.302644
CATCCCAGTTTGTTGG-4593_TN	9	4593_TN	6.1912565	15.938762
TTGGGCGGTAACACGG-4593_TN	2	4593_TN	10.525658	1.8309089
TGTAAGCGTATGTCTG-4593_TN	0	4593_TN	7.8955736	13.610712
GTGCTTCCATATTCGG-4593_TN	0	4593_TN	5.8607454	12.410373
GGTGGCTGTCCACTTC-4593_TN	5	4593_TN	7.2962003	2.6498098
GAGTCATAGAAATTGC-4593_TN	9	4593_TN	6.1140947	16.581512
TTTCGATAGGCGCTCT-4593_TN	2	4593_TN	11.610186	3.9495575
GTTGTAGTCACAGTGT-4593_TN	9	4593_TN	6.4632573	16.159552
TCTGTCGAGACTCATC-4593_TN	6	4593_TN	6.707027	8.7423525
ACTTATCGTGAGTAGC-4593_TN	9	4593_TN	5.8032503	15.545098
CACTGGGGTACGGTTT-4593_TN	9	4593_TN	5.8450046	15.900396
GTTGTGAAGCATCTTG-4593_TN	6	4593_TN	7.1092405	8.398133
GACCTTCGTTGCCGAC-4593_TN	apCAF	4593_TN	9.572254	0.39180863
TGACAGTCAGACTCTA-4593_TN	7	4593_TN	9.924865	11.538798
GTCCTCAGTCAAGCCC-4593_TN	5	4593_TN	8.873635	5.6099477
GGTTGTAGTCGTGGTC-4593_TN	myCAF	4593_TN	13.061583	5.9020033
TGCAGTATCGTAACCA-4593_TN	0	4593_TN	7.7410755	12.51288
CTGCCATAGGATAATC-4593_TN	9	4593_TN	5.860224	16.306969
CACTGGGAGTAAACTG-4593_TN	0	4593_TN	7.7507157	11.6837015
GACTCAAAGTACGTCT-4593_TN	0	4593_TN	6.547887	12.62606
CATCGGGGTCCACACG-4593_TN	myCAF	4593_TN	12.175457	5.8157454
CGATCGGAGCCTCAAT-4593_TN	iCAF	4593_TN	11.7999	15.349376
AGGTTACTCGTGTCAA-4593_TN	11	4593_TN	11.313998	4.3532495
GGGCTCAGTTTGCCGG-4593_TN	iCAF	4593_TN	11.429716	15.126569
ACGGAAGAGTCTTCCC-4593_TN	2	4593_TN	10.569306	2.9706962
GGCTTGGGTAGATCGG-4593_TN	7	4593_TN	10.117896	12.606628
TAAGCGTCAACGGTAG-4593_TN	iCAF	4593_TN	13.619687	14.506024
AGAGAATCAAATACGA-4593_TN	myCAF	4593_TN	13.106841	6.4522433
GATTCTTTCCTGGTCT-4593_TN	11	4593_TN	11.089139	5.551548
GTTGTGACACGTAGTT-4593_TN	9	4593_TN	5.930946	16.55507
GGTAATCCAACGCCCA-4593_TN	2	4593_TN	10.053243	2.418466
ATGAGGGGTGTAACGG-4593_TN	apCAF	4593_TN	10.003589	0.50617146
AAGTGAAAGAGAGTGA-4593_TN	myCAF	4593_TN	11.62878	4.895851
TAAGCCATCGCATGAT-4593_TN	0	4593_TN	7.837979	11.845882
TTAGGGTAGTCTGGAG-4593_TN	myCAF	4593_TN	11.467874	5.1715393
TCTATCATCCTCTCGA-4593_TN	9	4593_TN	5.710325	16.261454
CATCCCAGTCGTGGTC-4593_TN	3	4593_TN	10.810528	11.963218
AGACCATAGTATAGAC-4593_TN	9	4593_TN	8.887478	13.524634
CGGGTCAGTAGCGTCC-4593_TN	myCAF	4593_TN	12.790061	5.605159
CGTCCATCAGGCACTC-4593_TN	11	4593_TN	10.83079	5.553618
TCTCCGATCGTACCTC-4593_TN	8	4593_TN	10.925306	12.062187
AGGCTGCCATCCGTTC-4593_TN	7	4593_TN	10.121762	11.990443
CACTGTCGTGAACGGT-4593_TN	7	4593_TN	9.022145	11.772813
ATGACCAAGGACTAAT-4593_TN	11	4593_TN	11.381225	5.302363
CCTGTTGTCAGTGATC-4593_TN	8	4593_TN	10.826374	12.483208
TTGTTCAAGATAGTGT-4593_TN	6	4593_TN	7.102873	9.874791
AATGGAAAGGATAATC-4593_TN	6	4593_TN	7.874652	8.462918
AGGAATATCGCCAGTG-4593_TN	11	4593_TN	12.848247	2.933479
CTGATCCCAGGGAATC-4593_TN	11	4593_TN	10.315406	4.004326
GCGGAAATCAAGCTTG-4593_TN	11	4593_TN	13.824967	5.364125
TAACACGTCCTCGATC-4593_TN	11	4593_TN	11.566479	4.8024154
GGGATGACAGAGTCAG-4593_TN	apCAF	4593_TN	9.54784	0.20305921
GATGATCTCCCTTTGG-4593_TN	8	4593_TN	11.857872	13.744738
TATCGCCGTATAGGGC-4593_TN	11	4593_TN	9.7543545	5.623831
ATGCGATAGATCGACG-4593_TN	iCAF	4593_TN	11.147003	14.183175
AAAGGATAGCTACTAC-4593_TN	9	4593_TN	5.7363234	16.019176
CGGTCAGTCCTGTAGA-4593_TN	9	4593_TN	8.629139	12.960165
TGAGGGAGTGTGTCGC-4593_TN	0	4593_TN	8.423407	12.767796
TAATTCCGTTACGTAC-4593_TN	2	4593_TN	10.873022	1.8525342
TCGTGGGTCGCCAGAC-4593_TN	myCAF	4593_TN	11.10014	4.8816504
TGTACAGCAGCCTTCT-4593_TN	9	4593_TN	6.231942	15.979698
ACTCTCGCAATAGGAT-4593_TN	8	4593_TN	9.256037	13.530148
TCCTAATTCACCTCTG-4593_TN	11	4593_TN	10.947532	5.251663
TAGACTGTCCGTGGCA-4593_TN	0	4593_TN	7.547056	11.695085
AGCGTCGCAACGGGTA-4593_TN	2	4593_TN	10.807495	1.2884228
AGATGCTGTGTCCGTG-4593_TN	11	4593_TN	12.738088	4.450421
AGGATAAGTACTTCCC-4593_TN	2	4593_TN	10.685231	3.427386
GGTGGCTAGCCATATC-4593_TN	myCAF	4593_TN	13.39564	7.3893986
CCGGGTACAATGGCCC-4593_TN	7	4593_TN	10.230873	11.0634985
GGGTGAATCCGATAAC-4593_TN	8	4593_TN	13.09902	13.830833
GGACGTCGTGACACAG-4593_TN	2	4593_TN	10.495708	4.2135024
GCTGGGTGTTGTAGCT-4593_TN	0	4593_TN	7.7331996	13.016983
CTGGTCTAGAGCCTGA-4593_TN	0	4593_TN	7.1835713	13.209012
ACGATCAGTCACCGAC-4593_TN	2	4593_TN	10.4269085	4.1436844
GTCTCACAGATGTTGA-4593_TN	0	4593_TN	7.0891614	13.524084
GAAACCTAGAGGTCAC-4593_TN	2	4593_TN	10.243818	4.8792543
TGGGCTGGTGGCCTCA-4593_TN	2	4593_TN	11.72616	4.839757
GCCAGTGAGATGGGCT-4593_TN	8	4593_TN	10.330752	13.464646
GTAGAGGCAAGAGTAT-4593_TN	9	4593_TN	8.497881	14.198431
TCATATCCACGCTTAA-4593_TN	2	4593_TN	10.926141	1.2426529
CTCTCAGAGGTTCTAC-4593_TN	apCAF	4593_TN	9.346072	0.11086991
AGAAGCGGTCTCGGAC-4593_TN	0	4593_TN	4.8179955	12.357075
TACTGCCGTCATCAGT-4593_TN	8	4593_TN	10.936385	14.213253
TATGTTCAGGAAAGAC-4593_TN	apCAF	4593_TN	8.043838	-0.6696658
GTCCACTAGGTGCCAA-4593_TN	11	4593_TN	10.659086	5.442435
GCCTGTTTCGCAGAGA-4593_TN	iCAF	4593_TN	10.822076	14.777241
AGGGCCTCATGTGGTT-4593_TN	myCAF	4593_TN	12.069703	6.8943934
AACCACAGTGAATATG-4593_TN	9	4593_TN	6.038884	16.171316
GTCACTCTCCATTCGC-4593_TN	0	4593_TN	8.086308	13.195124
TGGTTAGAGTATGGCG-4593_TN	0	4593_TN	7.2984114	12.933731
TCAGGGCGTTTGTGGT-4593_TN	9	4593_TN	7.1816807	15.681146
GTGTGATGTGATTAGA-4593_TN	2	4593_TN	12.197674	2.8606231
TTGCCTGTCTATGCCC-4593_TN	iCAF	4593_TN	10.803751	15.203671
TATATCCTCCCAGGAC-4593_TN	2	4593_TN	11.110974	4.4926996
TGTGCGGTCGCCATAA-4593_TN	apCAF	4593_TN	8.188747	-0.5101386
ATGCCTCGTCATCGCG-4593_TN	11	4593_TN	11.64291	3.4235165
TTTGGTTGTTCCCACT-4593_TN	11	4593_TN	12.458819	4.9421678
CACTGAACACTGCACG-4593_TN	7	4593_TN	9.73018	11.872959
AAGACTCTCATGGTAC-4593_TN	0	4593_TN	8.392331	13.294746
TCTACCGAGCGAATGC-4593_TN	7	4593_TN	9.932443	12.848039
GTCAAGTCAACGCCCA-4593_TN	9	4593_TN	7.468095	16.33349
TTTGGAGCACACACTA-4593_TN	11	4593_TN	11.337096	5.0779696
AACGTCAGTGTATTGC-4593_TN	9	4593_TN	5.9166174	15.747222
TCTACCGAGGTAGATT-4593_TN	myCAF	4593_TN	11.484745	5.8365355
ATACCGACATGCGTGC-4593_TN	0	4593_TN	6.9758754	12.96158
CTTCGGTGTCGGTACC-4593_TN	11	4593_TN	13.724756	3.754909
GGAGATGGTTTCAGAC-4593_TN	0	4593_TN	5.020354	12.498792
CATTGAGGTAACGGTG-4593_TN	7	4593_TN	10.055305	10.254046
TTGTGTTCAAACGAGC-4593_TN	0	4593_TN	5.962814	12.308072
GAACGTTAGGTAAGTT-4593_TN	iCAF	4593_TN	10.3376045	15.396692
CTTCAATTCTTAGCTT-4593_TN	9	4593_TN	7.470454	15.673468
ATGTCTTGTCTCACGG-4593_TN	2	4593_TN	10.762202	4.01075
TTCTTGAAGTTGGAAT-4593_TN	9	4593_TN	7.6138773	16.07669
TTCGCTGCAGTTCCAA-4593_TN	8	4593_TN	10.274548	13.868255
TGTTCCGTCGGCATCG-4593_TN	myCAF	4593_TN	11.6601515	6.287848
CAGCAGCTCGAACGGA-4593_TN	myCAF	4593_TN	11.843701	6.7595773
GTCTACCCAATAGTGA-4593_TN	8	4593_TN	10.1073065	13.8168545
CAATTTCGTTGGACCC-4593_TN	myCAF	4593_TN	11.720356	7.2556734
AGTACTGAGCTAGTTC-4593_TN	0	4593_TN	8.081522	13.678194
GAGTTACAGTGATGGC-4593_TN	iCAF	4593_TN	10.021882	14.813716
CCTTGTGTCAGTAGGG-4593_TN	7	4593_TN	9.388246	11.53523
TCGGATATCTCCCATG-4593_TN	9	4593_TN	6.325786	16.330875
GGATCTATCCGAGCTG-4593_TN	0	4593_TN	7.787263	13.100511
GAGCTGCAGCTAGCCC-4593_TN	myCAF	4593_TN	12.356529	6.2455306
AATCGTGGTCGCCTAG-4593_TN	9	4593_TN	6.969743	16.538792
CATACCCGTCCATCTC-4593_TN	9	4593_TN	7.1281943	14.991818
CGGGCATTCTGCTCTG-4593_TN	iCAF	4593_TN	9.737414	15.702715
CTGCGAGTCGTGCATA-4593_TN	7	4593_TN	8.992632	13.4166765
TAACTTCAGAGCTTTC-4593_TN	9	4593_TN	6.0269785	15.847965
GAAGTAATCAGGAAAT-4593_TN	2	4593_TN	10.888527	2.9957745
CGCGTGATCCCAATAG-4593_TN	myCAF	4593_TN	12.950123	5.111819
CGTAATGAGTTCACTG-4593_TN	11	4593_TN	10.642615	5.458047
TGAGACTGTGGCTAGA-4593_TN	myCAF	4593_TN	11.966403	5.828382
TGAGGGAAGGCCCAAA-4593_TN	2	4593_TN	9.813365	3.9982843
CAGCGTGAGATCACTC-4593_TN	9	4593_TN	7.496095	15.981764
TGTTCCGAGATGGTCG-4593_TN	9	4593_TN	5.8914247	15.929326
AGTAACCTCGCTATTT-4593_TN	0	4593_TN	6.5131664	12.357855
CTTGATTTCTGTCTCG-4593_TN	10	4593_TN	2.799056	4.715196
GAATAGACAGTTGTTG-4593_TN	2	4593_TN	10.242258	3.366518
GCGGAAACAGGTCTCG-4593_TN	3	4593_TN	10.747479	8.153373
AGGAATAGTACAGGTG-4593_TN	2	4593_TN	10.455067	2.9677477
TCGGGTGGTGTCTTGA-4593_TN	2	4593_TN	10.238297	3.6434298
AACTTCTGTATCAGCT-4593_TN	2	4593_TN	11.022683	4.209812
AGTACCACATGTTCAG-4593_TN	7	4593_TN	9.382864	10.766287
CATCGTCGTCGTGATT-4593_TN	apCAF	4593_TN	7.813802	-0.19955537
AGCATCAAGTAAACTG-4593_TN	2	4593_TN	10.796739	4.430888
AAGGAATCAAAGGATT-4593_TN	apCAF	4593_TN	9.176173	0.11399509
CTAGACAGTTGCAACT-4593_TN	9	4593_TN	7.215332	15.124004
CACTGTCTCGGTAAGG-4593_TN	iCAF	4593_TN	11.077308	14.711171
CGATGCGTCGCTGTCT-4593_TN	2	4593_TN	10.122447	2.0547786
CCACTTGAGTCTGCGC-4593_TN	9	4593_TN	6.7408943	13.188437
CAAAGAAGTCCCTGAG-4593_TN	9	4593_TN	7.078308	16.162607
TCGTGCTAGGATACGC-4593_TN	3	4593_TN	10.505532	9.474758
TCCTGCACAGGGCTTC-4593_TN	0	4593_TN	6.6641936	13.288784
CACGAATTCATGCAGT-4593_TN	2	4593_TN	11.019904	0.9653104
GTTTGGAGTCACGCTG-4593_TN	7	4593_TN	9.359039	11.5632715
TTCTAGTCACGTACAT-4593_TN	iCAF	4593_TN	9.42855	15.194355
GTGAGTTCAGAGTAAT-4593_TN	9	4593_TN	8.640323	14.610955
TCGGGACGTTTGAACC-4593_TN	9	4593_TN	6.365807	16.331312
TGTGATGTCACATACG-4593_TN	6	4593_TN	7.3448095	7.9933314
GCCCGAAAGTCTAGAA-4593_TN	2	4593_TN	10.8569145	2.723953
GACCGTGGTAGTCCTA-4593_TN	11	4593_TN	9.719538	5.6284146
TTGACCCTCATTGAGC-4593_TN	8	4593_TN	13.054697	13.874272
ATGATCGTCCTAGAGT-4593_TN	myCAF	4593_TN	13.221351	7.193419
GTTTGGAGTACCGTCG-4593_TN	myCAF	4593_TN	11.265276	6.498297
ATGGATCAGTTGCTGT-4593_TN	myCAF	4593_TN	11.588038	5.918976
TTTGTTGTCGTTCAGA-4593_TN	myCAF	4593_TN	13.368954	6.3644905
AGACCCGGTTCTCCCA-4593_TN	iCAF	4593_TN	11.212722	14.182719
AAGTCGTTCGCAATGT-4593_TN	iCAF	4593_TN	10.146913	15.328836
GCATTAGGTACATTGC-4593_TN	0	4593_TN	7.252277	10.662054
GGGACAAAGCATTTGC-4593_TN	9	4593_TN	9.114135	14.522916
TCCCATGCAGAACATA-4593_TN	2	4593_TN	11.568122	4.5802946
TCCATGCTCTACCTTA-4593_TN	9	4593_TN	6.6987724	15.111259
GCCTGTTCAGACGGAT-4593_TN	9	4593_TN	6.1575317	16.332067
GTCTAGACAGTAGTGG-4593_TN	2	4593_TN	10.558857	2.0966933
TGACTCCAGTAGCATA-4593_TN	apCAF	4593_TN	9.772757	0.25762817
TCTGGCTGTTCCTACC-4593_TN	9	4593_TN	6.6610513	16.290102
GGCGTCAGTCAGACGA-4593_TN	0	4593_TN	6.765276	11.072023
GTGGAAGAGAAGCCTG-4593_TN	9	4593_TN	7.4642596	16.598967
ACTTCCGGTTAGAAGT-4593_TN	6	4593_TN	7.68203	7.8519363
AAGTTCGAGTTCATCG-4593_TN	11	4593_TN	11.007875	5.542345
ATTCGTTAGACCATGG-4593_TN	apCAF	4593_TN	9.354689	0.19391702
GCCGTGAAGCGCATCC-4593_TN	9	4593_TN	7.2156587	15.234541
AGATCCAGTGTCCGGT-4593_TN	myCAF	4593_TN	11.768711	6.8206034
TGTGTGAAGGCCGCTT-4593_TN	9	4593_TN	6.7577043	15.6945715
CTAAGTGCACTTGACA-4593_TN	7	4593_TN	10.538519	13.077925
GAGACCCTCGCCTTGT-4593_TN	11	4593_TN	13.496599	4.4379144
CACGGGTGTCGAATTC-4593_TN	iCAF	4593_TN	9.31346	15.248
GACCGTGTCAGACCCG-4593_TN	2	4593_TN	10.350545	3.430573
TAGGGTTAGAAGGATG-4593_TN	9	4593_TN	8.432421	13.882597
TGTACAGCACTCCTGT-4593_TN	myCAF	4593_TN	12.030396	6.074826
CTAGACAAGATTCGCT-4593_TN	6	4593_TN	8.395562	7.828765
CCTAACCCACGGGTAA-4593_TN	9	4593_TN	7.588601	16.052511
GTGGAGACACTTGTCC-4593_TN	9	4593_TN	6.684164	16.151484
ACTTCGCTCCATTTCA-4593_TN	myCAF	4593_TN	12.583643	5.98246
GTGATGTCACACCTTC-4593_TN	11	4593_TN	12.246543	5.104806
ATTCATCGTAGCGTTT-4593_TN	7	4593_TN	10.729614	13.379102
GGCGTCAAGTGTACAA-4593_TN	9	4593_TN	8.711947	13.9747505
ACTTCCGTCTATCGTT-4593_TN	myCAF	4593_TN	11.548986	5.947866
GTTGCTCCACAGAGCA-4593_TN	9	4593_TN	6.401413	15.7732725
TCACAAGTCAAATAGG-4593_TN	9	4593_TN	7.1208286	16.601345
GCACTAAAGAACTCCT-4593_TN	9	4593_TN	6.4402475	16.07799
CATTGCCAGCTCGACC-4593_TN	9	4593_TN	5.665097	16.049313
TGGTACACAGCTGGTC-4593_TN	7	4593_TN	9.383272	11.518879
CTCTGGTTCGCTCATC-4593_TN	0	4593_TN	7.9969635	11.432715
CATCGCTAGATCCAAA-4593_TN	myCAF	4593_TN	13.031784	6.7115126
GTTGTAGCAGTCTGGC-4593_TN	8	4593_TN	10.036192	14.925097
ATATCCTAGTACCGGA-4593_TN	9	4593_TN	8.8451	14.679089
GCCCGAAGTAAGGCTG-4593_TN	8	4593_TN	9.863991	13.323892
TTGCCTGTCGCTGATA-4593_TN	9	4593_TN	7.693055	13.885253
GTAGGTTCAGTAACAA-4593_TN	9	4593_TN	6.9422703	14.233357
CCTCACAGTAGTTCCA-4593_TN	9	4593_TN	10.978673	6.139074
AGAAATGCATCCAATG-4593_TN	9	4593_TN	8.047123	15.509599
GGGTTATCAAATACAG-4593_TN	9	4593_TN	6.9813685	14.950657
AAGGAATAGTGTACAA-4593_TN	8	4593_TN	10.518063	14.271225
AATCGTGAGAGTGAAG-4593_TN	myCAF	4593_TN	11.544894	6.326705
CGATGCGGTTGACTGT-4593_TN	9	4593_TN	6.757882	15.635113
GCTGGGTAGCATGATA-4593_TN	9	4593_TN	6.188291	16.557987
TCAGGTAGTAGAGTTA-4593_TN	9	4593_TN	7.0975113	16.042166
GTAGCTAAGCCATTGT-4593_TN	myCAF	4593_TN	12.408152	5.5917597
ACTGTCCCAGTGTGGA-4593_TN	6	4593_TN	6.835979	9.657223
TGTGGCGGTCACTTAG-4593_TN	11	4593_TN	11.888305	5.228476
GCTGCAGAGGCGAACT-4593_TN	9	4593_TN	6.246761	16.068703
AATTCCTCAGAGACTG-4593_TN	myCAF	4593_TN	11.968081	6.4873466
CCCTGATAGGGATGTC-4593_TN	9	4593_TN	8.051145	15.619678
GGGCGTTAGCTTGTGT-4593_TN	9	4593_TN	6.940831	14.078345
GGGCTCAGTTCAGGTT-4593_TN	myCAF	4593_TN	13.51892	5.219953
AAGTCGTAGGAGACCT-4593_TN	0	4593_TN	8.215516	11.063844
GGGAAGTCATATGCGT-4593_TN	9	4593_TN	7.2051764	15.482254
TCCCATGTCGAGAGAC-4593_TN	myCAF	4593_TN	12.6830015	7.088917
TTAGGCAAGAGCCGAT-4593_TN	6	4593_TN	9.10839	8.041715
AAAGGGCAGTTGGGAC-4593_TN	9	4593_TN	7.239225	16.566708
TTTCGATGTGGGACAT-4593_TN	myCAF	4593_TN	11.481026	6.0634184
AGGTAGGGTTACGCCG-4593_TN	9	4593_TN	5.9957876	16.490955
TGCGATAGTGTGTACT-4593_TN	myCAF	4593_TN	12.801223	6.68934
AAGCATCGTGAATATG-4593_TN	9	4593_TN	7.8067794	14.060519
GGGATCCCAGCTTCGG-4593_TN	9	4593_TN	9.07884	13.695843
GATGACTAGAAACTCA-4593_TN	9	4593_TN	6.1650743	16.320236
ACTTCGCAGTGGCAGT-4593_TN	11	4593_TN	13.128634	4.6291733
GTGTGGCAGTTAACGA-4593_TN	9	4593_TN	6.9695573	16.711025
TTTGATCTCAGTGCGC-4593_TN	iCAF	4593_TN	9.360687	14.976029
TTCTCTCAGACCATAA-4593_TN	9	4593_TN	11.424109	5.9795775
ATCGGATTCTAACACG-4593_TN	9	4593_TN	7.2559533	16.453882
TTATTGCAGCAATAAC-4593_TN	9	4593_TN	7.102447	14.055627
GCAGTTATCTCTGCTG-4593_TN	9	4593_TN	7.9880304	14.72625
TGGGCGTGTTACCCAA-4593_TN	myCAF	4593_TN	13.119167	6.7807474
TCATGCCTCGAAATCC-4593_TN	6	4593_TN	8.235532	8.304921
TGCAGTAGTAGGAAAG-4593_TN	9	4593_TN	7.4265523	15.384932
ATTCATCTCGAGTTGT-4593_TN	myCAF	4593_TN	10.639605	6.8928995
TCAAGCAGTCTCGGGT-4593_TN	0	4593_TN	8.340168	11.100428
GCCAGGTAGGTCTACT-4593_TN	9	4593_TN	7.219803	14.532939
CCCTCTCGTTATCTTC-4593_TN	7	4593_TN	9.308909	12.075381
CGTGTCTTCACTCACC-4593_TN	9	4593_TN	9.377172	14.458613
TGTGGCGCAGCTTTGA-4593_TN	9	4593_TN	6.231166	16.341587
GGTCACGCAAAGGGCT-4593_TN	9	4593_TN	6.927258	16.366241
ATTCCTACACTGCACG-4593_TN	9	4593_TN	7.3846555	15.999134
ACCCTCATCAAGCGTT-4593_TN	myCAF	4593_TN	12.686212	5.5946856
GTGAGCCTCTCATAGG-4593_TN	9	4593_TN	7.293999	13.514075
AGGCTGCTCTGGAAGG-4593_TN	9	4593_TN	7.7561994	15.284235
AAGTCGTTCCACAGCG-4593_TN	9	4593_TN	8.785177	15.208508
TACTTACGTAATGCGG-4593_TN	9	4593_TN	6.433411	16.553612
GGGACAAGTGCAACGA-4593_TN	9	4593_TN	6.569378	16.633825
GTGCTGGAGCTCTGTA-4593_TN	9	4593_TN	7.059384	15.615282
TACTTGTAGTCTGCAT-4593_TN	9	4593_TN	6.6010756	16.709822
TACGTCCGTGTTATCG-4593_TN	myCAF	4593_TN	12.251721	5.8283005
AGATGAACACTGTCGG-4593_TN	6	4593_TN	7.8645067	7.6500115
GTCTCACAGACGACTG-4593_TN	6	4593_TN	8.138951	8.6108265
TTGGATGCAGGACTAG-4593_TN	9	4593_TN	8.073488	14.363082
ATGAAAGAGCGGATCA-4593_TN	9	4593_TN	6.5115604	16.61416
CCCTGATGTTCGGCCA-4593_TN	9	4593_TN	6.968887	16.812311
